{
    "A": {
        "duration": 102.91100000000012,
        "intervals": [
            [
                7.479,
                8.848
            ],
            [
                244.028,
                312.741
            ],
            [
                315.883,
                344.02200000000005
            ],
            [
                540.088,
                542.682
            ],
            [
                830.422,
                832.464
            ],
            [
                970.556,
                970.61
            ]
        ]
    },
    "B": {
        "duration": 108.66600000000011,
        "intervals": [
            [
                0.081,
                2.037
            ],
            [
                7.012,
                7.058
            ],
            [
                16.48,
                17.209
            ],
            [
                396.46,
                399.236
            ],
            [
                405.459,
                447.87399999999997
            ],
            [
                688.824,
                726.096
            ],
            [
                994.201,
                996.871
            ],
            [
                1285.244,
                1286.972
            ],
            [
                1325.737,
                1330.047
            ],
            [
                1339.632,
                1354.3960000000002
            ]
        ]
    },
    "C": {
        "duration": 233.63400000000007,
        "intervals": [
            [
                15.593,
                15.826
            ],
            [
                313.082,
                315.738
            ],
            [
                482.838,
                539.803
            ],
            [
                542.992,
                548.955
            ],
            [
                617.593,
                662.226
            ],
            [
                726.096,
                741.213
            ],
            [
                746.427,
                747.792
            ],
            [
                754.392,
                757.78
            ],
            [
                1164.868,
                1232.409
            ],
            [
                1281.192,
                1282.397
            ],
            [
                1403.274,
                1437.8419999999999
            ]
        ]
    },
    "D": {
        "duration": 92.2110000000001,
        "intervals": [
            [
                170.885,
                195.148
            ],
            [
                203.953,
                210.136
            ],
            [
                783.744,
                830.0880000000001
            ],
            [
                832.817,
                845.239
            ],
            [
                1354.396,
                1357.395
            ]
        ]
    },
    "E": {
        "duration": 132.6099999999999,
        "intervals": [
            [
                871.376,
                952.8689999999999
            ],
            [
                964.192,
                967.251
            ],
            [
                1232.408,
                1262.8799999999999
            ],
            [
                1265.809,
                1281.193
            ],
            [
                1282.73,
                1284.932
            ]
        ]
    },
    "F": {
        "duration": 96.16899999999995,
        "intervals": [
            [
                10.719,
                13.79
            ],
            [
                202.797,
                203.60999999999999
            ],
            [
                1001.958,
                1072.774
            ],
            [
                1081.723,
                1103.192
            ]
        ]
    },
    "G": {
        "duration": 204.15999999999946,
        "intervals": [
            [
                17.719,
                26.783
            ],
            [
                27.338,
                31.644000000000002
            ],
            [
                36.15,
                39.28
            ],
            [
                42.778,
                53.617000000000004
            ],
            [
                55.581,
                72.292
            ],
            [
                77.757,
                92.25699999999999
            ],
            [
                96.859,
                101.958
            ],
            [
                103.283,
                106.538
            ],
            [
                114.482,
                119.88
            ],
            [
                122.123,
                132.322
            ],
            [
                140.813,
                148.069
            ],
            [
                152.751,
                156.712
            ],
            [
                158.011,
                170.412
            ],
            [
                195.661,
                196.037
            ],
            [
                199.866,
                202.502
            ],
            [
                210.136,
                212.959
            ],
            [
                226.766,
                228.92399999999998
            ],
            [
                351.987,
                355.831
            ],
            [
                365.05,
                369.031
            ],
            [
                371.545,
                374.08500000000004
            ],
            [
                470.914,
                473.52
            ],
            [
                479.199,
                482.562
            ],
            [
                560.537,
                560.566
            ],
            [
                577.29,
                582.437
            ],
            [
                586.163,
                588.117
            ],
            [
                597.849,
                597.874
            ],
            [
                602.934,
                603.182
            ],
            [
                608.784,
                608.7909999999999
            ],
            [
                613.022,
                617.5930000000001
            ],
            [
                761.349,
                763.575
            ],
            [
                764.009,
                767.703
            ],
            [
                775.177,
                782.786
            ],
            [
                845.392,
                845.4380000000001
            ],
            [
                860.939,
                864.517
            ],
            [
                977.199,
                978.7919999999999
            ],
            [
                984.844,
                988.617
            ],
            [
                997.179,
                999.4119999999999
            ],
            [
                999.979,
                1001.282
            ],
            [
                1112.022,
                1118.308
            ],
            [
                1120.79,
                1122.7559999999999
            ],
            [
                1126.551,
                1127.634
            ],
            [
                1133.224,
                1137.4009999999998
            ],
            [
                1141.913,
                1141.921
            ],
            [
                1142.338,
                1148.437
            ],
            [
                1155.305,
                1158.6499999999999
            ],
            [
                1162.423,
                1164.868
            ],
            [
                1262.879,
                1265.809
            ],
            [
                1379.064,
                1384.1200000000001
            ],
            [
                1394.385,
                1396.668
            ]
        ]
    },
    "H": {
        "duration": 421.06499999999994,