{
    "A": {
        "duration": 82.11999999999992,
        "intervals": [
            [
                143.729,
                209.451
            ],
            [
                211.192,
                227.50199999999998
            ],
            [
                947.211,
                947.299
            ]
        ]
    },
    "B": {
        "duration": 117.43700000000001,
        "intervals": [
            [
                211.165,
                211.19199999999998
            ],
            [
                367.777,
                369.114
            ],
            [
                485.011,
                554.6619999999999
            ],
            [
                606.466,
                643.8660000000001
            ],
            [
                646.41,
                654.9920000000001
            ],
            [
                804.492,
                804.5509999999999
            ],
            [
                869.211,
                869.592
            ]
        ]
    },
    "C": {
        "duration": 518.4470000000001,
        "intervals": [
            [
                0.041,
                140.26999999999998
            ],
            [
                229.562,
                287.72200000000004
            ],
            [
                299.793,
                309.414
            ],
            [
                323.2,
                331.45
            ],
            [
                338.27,
                367.188
            ],
            [
                369.114,
                427.439
            ],
            [
                434.688,
                435.449
            ],
            [
                555.08,
                605.485
            ],
            [
                643.866,
                646.221
            ],
            [
                654.991,
                672.355
            ],
            [
                708.996,
                714.995
            ],
            [
                757.036,
                777.3919999999999
            ],
            [
                780.656,
                782.659
            ],
            [
                813.12,
                818.25
            ],
            [
                820.25,
                821.971
            ],
            [
                835.194,
                868.802
            ],
            [
                869.592,
                944.834
            ]
        ]
    },
    "D": {
        "duration": 205.16699999999975,
        "intervals": [
            [
                289.872,
                299.793
            ],
            [
                311.362,
                323.20000000000005
            ],
            [
                331.45,
                337.593
            ],
            [
                429.346,
                433.703
            ],
            [
                435.702,
                485.012
            ],
            [
                673.014,
                708.996
            ],
            [
                715.181,
                757.036
            ],
            [
                777.392,
                780.6560000000001
            ],
            [
                783.02,
                803.855
            ],
            [
                804.551,
                812.5179999999999
            ],
            [
                818.851,
                820.2489999999999
            ],
            [
                822.898,
                835.195
            ]
        ]
    }
}