{
    "A": {
        "duration": 428.09600000000006,
        "intervals": [
            [
                0.111,
                4.3420000000000005
            ],
            [
                11.809,
                14.953999999999999
            ],
            [
                17.933,
                24.043
            ],
            [
                24.877,
                28.445999999999998
            ],
            [
                29.886,
                30.622999999999998
            ],
            [
                32.992,
                33.552
            ],
            [
                35.934,
                38.739
            ],
            [
                50.188,
                53.472
            ],
            [
                57.628,
                58.902
            ],
            [
                60.59,
                61.736000000000004
            ],
            [
                78.231,
                82.184
            ],
            [
                89.519,
                93.361
            ],
            [
                103.327,
                117.415
            ],
            [
                207.654,
                226.041
            ],
            [
                227.794,
                265.107
            ],
            [
                266.183,
                270.897
            ],
            [
                276.411,
                278.993
            ],
            [
                281.713,
                297.70799999999997
            ],
            [
                300.913,
                320.568
            ],
            [
                321.975,
                328.87
            ],
            [
                332.662,
                362.94599999999997
            ],
            [
                465.785,
                472.937
            ],
            [
                476.962,
                499.47999999999996
            ],
            [
                501.436,
                502.388
            ],
            [
                562.471,
                568.791
            ],
            [
                574.685,
                578.1909999999999
            ],
            [
                598.933,
                602.187
            ],
            [
                609.447,
                614.626
            ],
            [
                616.582,
                627.21
            ],
            [
                657.452,
                662.432
            ],
            [
                671.714,
                682.2990000000001
            ],
            [
                727.809,
                731.403
            ],
            [
                770.637,
                775.7909999999999
            ],
            [
                775.992,
                778.8929999999999
            ],
            [
                788.591,
                789.609
            ],
            [
                794.32,
                804.241
            ],
            [
                810.1,
                813.7049999999999
            ],
            [
                887.915,
                906.002
            ],
            [
                909.603,
                931.7929999999999
            ],
            [
                973.431,
                990.527
            ],
            [
                992.76,
                997.2869999999999
            ],
            [
                998.404,
                1000.753
            ],
            [
                1013.042,
                1014.1410000000001
            ],
            [
                1042.31,
                1047.809
            ],
            [
                1051.974,
                1062.4370000000001
            ],
            [
                1064.742,
                1071.63
            ],
            [
                1094.411,
                1096.083
            ],
            [
                1099.94,
                1108.0610000000001
            ],
            [
                1113.433,
                1120.723
            ],
            [
                1136.843,
                1173.822
            ]
        ]
    },
    "B": {
        "duration": 150.59199999999987,
        "intervals": [
            [
                364.873,
                459.65599999999995
            ],
            [
                506.593,
                562.208
            ],
            [
                1074.635,
                1074.829
            ]
        ]
    },
    "C": {
        "duration": 220.27099999999996,