{
    "A": {
        "duration": 46.5299999999999,
        "intervals": [
            [
                4.448,
                9.943000000000001
            ],
            [
                67.622,
                76.994
            ],
            [
                90.607,
                114.691
            ],
            [
                156.722,
                159.322
            ],
            [
                205.009,
                205.503
            ],
            [
                1341.637,
                1346.1219999999998
            ]
        ]
    },
    "B": {
        "duration": 64.16399999999987,
        "intervals": [
            [
                0.01,
                2.19
            ],
            [
                62.426,
                66.38900000000001
            ],
            [
                77.509,
                87.421
            ],
            [
                116.265,
                125.62700000000001
            ],
            [
                183.6,
                194.73499999999999
            ],
            [
                1325.511,
                1341.485
            ],
            [
                1346.122,
                1357.76
            ]
        ]
    },
    "C": {
        "duration": 584.2569999999998,
        "intervals": [
            [
                15.977,
                18.706999999999997
            ],
            [
                33.77,
                41.991
            ],
            [
                43.715,
                51.55
            ],
            [
                55.139,
                59.739
            ],
            [
                208.016,
                252.953
            ],
            [
                256.033,
                302.70700000000005
            ],
            [
                313.463,
                320.139
            ],
            [
                362.197,
                393.39200000000005
            ],
            [
                396.809,
                399.59000000000003
            ],
            [
                534.419,
                540.4000000000001
            ],
            [
                541.6,
                553.669
            ],
            [
                568.352,
                585.226
            ],
            [
                586.626,
                594.834
            ],
            [
                597.792,
                600.234
            ],
            [
                602.12,
                604.263
            ],
            [
                605.775,
                619.9639999999999
            ],
            [
                622.385,
                637.617
            ],
            [
                640.104,
                652.393
            ],
            [
                675.886,
                681.192
            ],
            [
                827.322,
                874.017
            ],
            [
                877.039,
                882.606
            ],
            [
                885.816,
                885.851
            ],
            [
                899.92,
                909.137
            ],
            [
                913.113,
                922.242
            ],
            [
                925.228,
                942.429
            ],
            [
                945.525,
                946.573
            ],
            [
                949.992,
                955.726
            ],
            [
                957.324,
                965.6239999999999
            ],
            [
                974.266,
                982.201
            ],
            [
                984.202,
                986.521
            ],
            [
                989.297,
                993.1039999999999
            ],
            [
                996.027,
                1004.859
            ],
            [
                1006.989,
                1007.8670000000001
            ],
            [
                1010.379,
                1019.002
            ],
            [
                1022.871,
                1039.792
            ],
            [
                1044.6,
                1046.947
            ],
            [
                1190.423,
                1194.3029999999999
            ],
            [
                1256.192,
                1280.48
            ],
            [
                1283.126,
                1291.5919999999999
            ],
            [
                1296.351,
                1319.392
            ],
            [
                1358.157,
                1387.94
            ],
            [
                1410.053,
                1419.534
            ],
            [
                1424.792,
                1429.124
            ],
            [
                1510.068,
                1512.317
            ],
            [
                1526.857,
                1530.191
            ],
            [
                1722.943,
                1759.196
            ],
            [
                1762.395,
                1773.796
            ],
            [
                1796.54,
                1805.793
            ],
            [
                1815.051,
                1817.662
            ],
            [
                1889.668,
                1895.3129999999999
            ],
            [
                1926.879,
                1929.8319999999999
            ],
            [
                1932.317,
                1934.634
            ]
        ]
    },
    "D": {
        "duration": 510.1559999999993,