{
    "A": {
        "duration": 380.4350000000003,
        "intervals": [
            [
                915.459,
                1168.5919999999999
            ],
            [
                1171.024,
                1172.193
            ],
            [
                1595.663,
                1664.123
            ],
            [
                1666.607,
                1724.2800000000002
            ]
        ]
    },
    "B": {
        "duration": 257.39900000000006,
        "intervals": [
            [
                208.373,
                291.145
            ],
            [
                914.792,
                915.4590000000001
            ],
            [
                1595.044,
                1595.2130000000002
            ],
            [
                1664.391,
                1666.607
            ],
            [
                1764.545,
                1936.1200000000001
            ]
        ]
    },
    "C": {
        "duration": 291.09400000000034,
        "intervals": [
            [
                2.226,
                18.287
            ],
            [
                20.36,
                29.529
            ],
            [
                30.601,
                33.821
            ],
            [
                37.436,
                47.189
            ],
            [
                50.887,
                59.652
            ],
            [
                61.99,
                62.636
            ],
            [
                65.853,
                71.086
            ],
            [
                74.996,
                75.396
            ],
            [
                82.2,
                85.241
            ],
            [
                87.595,
                89.907
            ],
            [
                97.489,
                101.433
            ],
            [
                107.512,
                110.60300000000001
            ],
            [
                112.541,
                116.49799999999999
            ],
            [
                120.233,
                127.444
            ],
            [
                131.146,
                133.29299999999998
            ],
            [
                134.011,
                148.156
            ],
            [
                151.477,
                153.122
            ],
            [
                156.043,
                160.63
            ],
            [
                170.961,
                171.22400000000002
            ],
            [
                194.258,
                196.49200000000002
            ],
            [
                203.891,
                205.516
            ],
            [
                294.303,
                308.313
            ],
            [
                312.812,
                314.63800000000003
            ],
            [
                321.557,
                322.91
            ],
            [
                406.325,
                414.234
            ],
            [
                418.681,
                420.365
            ],
            [
                426.804,
                435.49
            ],
            [
                440.022,
                440.40299999999996
            ],
            [
                552.781,
                564.315
            ],
            [
                565.488,
                569.8960000000001
            ],
            [
                573.991,
                581.1120000000001
            ],
            [
                588.212,
                596.592
            ],
            [
                600.713,
                602.996
            ],
            [
                605.87,
                609.873
            ],
            [
                620.251,
                624.352
            ],
            [
                624.996,
                634.529
            ],
            [
                641.832,
                646.731
            ],
            [
                650.994,
                659.6360000000001
            ],
            [
                667.924,
                670.595
            ],
            [
                676.497,
                680.4509999999999
            ],
            [
                898.994,
                901.8190000000001
            ],
            [
                905.383,
                907.1080000000001
            ],
            [
                1168.592,
                1169.3020000000001
            ],
            [
                1172.713,
                1178.143
            ],
            [
                1179.76,
                1182.026
            ],
            [
                1209.398,
                1213.1219999999998
            ],
            [
                1225.037,
                1227.616
            ],
            [
                1237.238,
                1237.8780000000002
            ],
            [
                1243.36,
                1244.9779999999998
            ],
            [
                1247.036,
                1248.778
            ],
            [
                1399.722,
                1401.916
            ],
            [
                1410.07,
                1411.1599999999999
            ],
            [
                1572.875,
                1574.244
            ],
            [
                1579.593,
                1587.582
            ],
            [
                1729.662,
                1731.6770000000001
            ],
            [
                1740.94,
                1742.587
            ],
            [
                1746.623,
                1750.673
            ],
            [
                1950.072,
                1954.358
            ],
            [
                1956.867,
                1958.732
            ],
            [
                1961.771,
                1967.709
            ],
            [
                1971.503,
                1974.2079999999999
            ],
            [
                1978.064,
                1981.4460000000001
            ],
            [
                1984.012,
                1986.2089999999998
            ],
            [
                1987.64,
                1994.181
            ],
            [
                1995.911,
                2002.082
            ],
            [
                2010.11,
                2011.762
            ],
            [
                2014.703,
                2016.62
            ]
        ]
    },
    "D": {
        "duration": 338.74300000000005,