{
    "A": {
        "duration": 196.78400000000008,
        "intervals": [
            [
                45.281,
                45.411
            ],
            [
                179.341,
                181.977
            ],
            [
                184.741,
                196.26500000000001
            ],
            [
                209.326,
                214.798
            ],
            [
                218.195,
                218.55599999999998
            ],
            [
                222.278,
                223.399
            ],
            [
                225.393,
                236.004
            ],
            [
                240.19,
                240.22
            ],
            [
                244.19,
                251.999
            ],
            [
                360.18,
                432.731
            ],
            [
                586.011,
                586.225
            ],
            [
                589.283,
                615.207
            ],
            [
                616.093,
                668.6080000000001
            ],
            [
                760.528,
                764.816
            ],
            [
                777.193,
                778.7909999999999
            ]
        ]
    },
    "B": {
        "duration": 144.26499999999982,
        "intervals": [
            [
                286.612,
                288.993
            ],
            [
                289.791,
                294.539
            ],
            [
                357.212,
                357.409
            ],
            [
                467.898,
                556.992
            ],
            [
                587.193,
                587.497
            ],
            [
                745.311,
                747.009
            ],
            [
                784.443,
                784.858
            ],
            [
                864.16,
                867.415
            ],
            [
                901.815,
                940.61
            ],
            [
                943.907,
                946.6220000000001
            ],
            [
                962.29,
                962.953
            ]
        ]
    },
    "C": {
        "duration": 239.28599999999994,
        "intervals": [
            [
                60.61,
                61.269999999999996
            ],
            [
                176.526,
                178.32000000000002
            ],
            [
                182.805,
                183.94400000000002
            ],
            [
                196.98,
                204.123
            ],
            [
                208.086,
                209.32600000000002
            ],
            [
                215.296,
                217.566
            ],
            [
                223.786,
                225.392
            ],
            [
                236.643,
                240.03199999999998
            ],
            [
                240.221,
                244.19
            ],
            [
                251.999,
                286.612
            ],
            [
                289.418,
                289.791
            ],
            [
                294.739,
                302.791
            ],
            [
                434.6,
                435.50300000000004
            ],
            [
                556.991,
                558.579
            ],
            [
                668.608,
                674.5849999999999
            ],
            [
                696.688,
                745.3119999999999
            ],
            [
                747.169,
                760.528
            ],
            [
                778.791,
                783.224
            ],
            [
                785.609,
                846.45
            ],
            [
                850.583,
                863.735
            ],
            [
                867.416,
                885.861
            ],
            [
                896.1,
                901.816
            ]
        ]
    },
    "D": {
        "duration": 344.0649999999998,
        "intervals": [
            [
                0.321,
                45.28
            ],
            [
                47.125,
                60.61
            ],
            [
                61.914,
                173.358
            ],
            [
                205.23,
                207.296
            ],
            [
                218.557,
                221.42399999999998
            ],
            [
                304.757,
                353.695
            ],
            [
                432.999,
                434.26000000000005
            ],
            [
                435.503,
                463.411
            ],
            [
                558.716,
                584.437
            ],
            [
                616.084,
                616.092
            ],
            [
                674.585,
                696.688
            ],
            [
                764.816,
                776.962
            ],
            [
                783.224,
                784.208
            ],
            [
                846.45,
                850.375
            ],
            [
                886.265,
                896.1
            ],
            [
                940.609,
                943.907
            ],
            [
                946.622,
                959.7389999999999
            ]
        ]
    }
}