{
    "A": {
        "duration": 214.97300000000018,
        "intervals": [
            [
                57.397,
                67.606
            ],
            [
                326.391,
                351.93899999999996
            ],
            [
                583.991,
                596.1450000000001
            ],
            [
                745.927,
                790.462
            ],
            [
                936.593,
                947.452
            ],
            [
                1046.242,
                1047.943
            ],
            [
                1122.618,
                1126.133
            ],
            [
                1132.64,
                1151.2060000000001
            ],
            [
                1365.559,
                1372.149
            ],
            [
                1377.685,
                1412.895
            ],
            [
                1647.829,
                1651.648
            ],
            [
                1716.398,
                1758.665
            ]
        ]
    },
    "B": {
        "duration": 88.5620000000001,
        "intervals": [
            [
                36.649,
                47.191
            ],
            [
                355.762,
                393.593
            ],
            [
                418.169,
                422.592
            ],
            [
                447.755,
                463.096
            ],
            [
                969.643,
                970.58
            ],
            [
                1047.943,
                1063.177
            ],
            [
                1504.916,
                1508.2
            ],
            [
                1643.613,
                1644.583
            ]
        ]
    },
    "C": {
        "duration": 107.20399999999961,
        "intervals": [
            [
                186.393,
                188.408
            ],
            [
                600.546,
                641.277
            ],
            [
                666.514,
                693.701
            ],
            [
                795.29,
                805.9159999999999
            ],
            [
                951.139,
                954.116
            ],
            [
                1294.259,
                1298.593
            ],
            [
                1363.036,
                1363.954
            ],
            [
                1413.534,
                1419.5449999999998
            ],
            [
                1437.738,
                1439.505
            ],
            [
                1758.665,
                1769.3029999999999
            ]
        ]
    },
    "D": {
        "duration": 339.01999999999987,
        "intervals": [
            [
                117.442,
                117.52799999999999
            ],
            [
                173.045,
                175.993
            ],
            [
                264.499,
                267.663
            ],
            [
                641.277,
                658.792
            ],
            [
                693.701,
                709.44
            ],
            [
                722.701,
                730.659
            ],
            [
                739.167,
                745.927
            ],
            [
                790.462,
                794.916
            ],
            [
                805.916,
                838.8530000000001
            ],
            [
                851.17,
                874.608
            ],
            [
                878.933,
                892.495
            ],
            [
                897.116,
                913.726
            ],
            [
                922.85,
                929.192
            ],
            [
                933.859,
                936.5930000000001
            ],
            [
                959.332,
                961.877
            ],
            [
                1070.695,
                1073.4089999999999
            ],
            [
                1189.802,
                1267.1689999999999
            ],
            [
                1271.668,
                1274.9689999999998
            ],
            [
                1289.69,
                1293.796
            ],
            [
                1299.328,
                1313.392
            ],
            [
                1317.232,
                1322.045
            ],
            [
                1325.393,
                1334.814
            ],
            [
                1342.595,
                1345.972
            ],
            [
                1349.769,
                1362.716
            ],
            [
                1364.273,
                1365.559
            ],
            [
                1372.148,
                1377.685
            ],
            [
                1419.545,
                1422.463
            ],
            [
                1482.395,
                1485.12
            ],
            [
                1535.18,
                1553.3220000000001
            ],
            [
                1556.417,
                1560.85
            ],
            [
                1599.056,
                1604.1100000000001
            ],
            [
                1634.904,
                1637.403
            ],
            [
                1681.727,
                1682.9440000000002
            ],
            [
                1769.303,
                1772.173
            ],
            [
                1780.417,
                1783.8539999999998
            ]
        ]
    },
    "E": {
        "duration": 304.96199999999976,
        "intervals": [
            [
                1.36,
                6.591
            ],
            [
                81.592,
                93.899
            ],
            [
                117.528,
                123.55600000000001
            ],
            [
                136.991,
                141.02399999999997
            ],
            [
                170.866,
                173.04500000000002
            ],
            [
                176.391,
                186.393
            ],
            [
                188.607,
                189.01
            ],
            [
                191.072,
                195.84599999999998
            ],
            [
                248.592,
                264.499
            ],
            [
                267.663,
                284.918
            ],
            [
                293.018,
                326.125
            ],
            [
                537.96,
                583.992
            ],
            [
                709.44,
                722.7
            ],
            [
                730.659,
                739.167
            ],
            [
                838.853,
                851.17
            ],
            [
                874.608,
                878.9330000000001
            ],
            [
                892.495,
                897.1149999999999
            ],
            [
                913.726,
                922.85
            ],
            [
                1073.409,
                1077.297
            ],
            [
                1267.535,
                1269.02
            ],
            [
                1313.391,
                1317.232
            ],
            [
                1334.814,
                1342.595
            ],
            [
                1345.972,
                1349.769
            ],
            [
                1553.322,
                1556.417
            ],
            [
                1560.85,
                1599.057
            ],
            [
                1604.111,
                1634.904
            ],
            [
                1674.683,
                1677.346
            ]
        ]
    },
    "F": {
        "duration": 182.02999999999966,