{
    "A": {
        "duration": 400.00200000000024,
        "intervals": [
            [
                1.316,
                2.515
            ],
            [
                13.461,
                14.657
            ],
            [
                22.002,
                22.351
            ],
            [
                28.161,
                28.706000000000003
            ],
            [
                38.519,
                39.208999999999996
            ],
            [
                64.28,
                66.084
            ],
            [
                71.609,
                72.07799999999999
            ],
            [
                77.593,
                84.436
            ],
            [
                92.016,
                99.301
            ],
            [
                101.746,
                106.066
            ],
            [
                113.515,
                120.025
            ],
            [
                126.407,
                131.442
            ],
            [
                134.651,
                137.106
            ],
            [
                140.427,
                141.26399999999998
            ],
            [
                147.207,
                150.486
            ],
            [
                167.479,
                167.50900000000001
            ],
            [
                177.1,
                177.132
            ],
            [
                181.34,
                186.278
            ],
            [
                196.076,
                196.083
            ],
            [
                206.844,
                208.69
            ],
            [
                211.201,
                214.463
            ],
            [
                229.993,
                232.359
            ],
            [
                244.392,
                246.056
            ],
            [
                262.081,
                262.606
            ],
            [
                268.567,
                269.58
            ],
            [
                276.438,
                279.955
            ],
            [
                286.554,
                293.643
            ],
            [
                297.221,
                303.904
            ],
            [
                307.268,
                308.378
            ],
            [
                403.032,
                404.64
            ],
            [
                412.008,
                423.001
            ],
            [
                424.445,
                425.19599999999997
            ],
            [
                554.533,
                555.468
            ],
            [
                637.2,
                641.2470000000001
            ],
            [
                751.867,
                765.58
            ],
            [
                769.289,
                775.56
            ],
            [
                781.799,
                787.349
            ],
            [
                791.402,
                795.97
            ],
            [
                873.833,
                873.929
            ],
            [
                880.073,
                881.548
            ],
            [
                885.865,
                893.335
            ],
            [
                900.053,
                900.191
            ],
            [
                908.427,
                909.8480000000001
            ],
            [
                911.304,
                920.403
            ],
            [
                923.938,
                924.596
            ],
            [
                927.109,
                929.466
            ],
            [
                932.156,
                935.4399999999999
            ],
            [
                940.81,
                942.357
            ],
            [
                950.576,
                956.264
            ],
            [
                964.999,
                975.408
            ],
            [
                980.098,
                987.817
            ],
            [
                1084.661,
                1085.457
            ],
            [
                1267.49,
                1268.891
            ],
            [
                1278.295,
                1283.047
            ],
            [
                1295.413,
                1302.011
            ],
            [
                1306.795,
                1311.851
            ],
            [
                1314.691,
                1315.68
            ],
            [
                1319.019,
                1320.992
            ],
            [
                1330.535,
                1339.0839999999998
            ],
            [
                1342.001,
                1345.44
            ],
            [
                1348.316,
                1349.253
            ],
            [
                1354.941,
                1358.275
            ],
            [
                1361.669,
                1363.385
            ],
            [
                1570.107,
                1571.0149999999999
            ],
            [
                1573.538,
                1581.3210000000001
            ],
            [
                1585.386,
                1586.836
            ],
            [
                1591.62,
                1604.223
            ],
            [
                1611.433,
                1614.759
            ],
            [
                1631.743,
                1632.366
            ],
            [
                1861.009,
                1870.3919999999998
            ],
            [
                1873.641,
                1880.935
            ],
            [
                1882.209,
                1887.4640000000002
            ],
            [
                1897.032,
                1907.34
            ],
            [
                1915.419,
                1917.037
            ],
            [
                1920.161,
                1922.0510000000002
            ],
            [
                1926.053,
                1926.74
            ],
            [
                1936.924,
                1947.209
            ],
            [
                1949.036,
                1952.259
            ],
            [
                1954.233,
                1957.075
            ],
            [
                1960.013,
                1965.344
            ],
            [
                2236.85,
                2241.3489999999997
            ],
            [
                2260.317,
                2262.0480000000002
            ],
            [
                2264.622,
                2265.9919999999997
            ],
            [
                2269.573,
                2272.4669999999996
            ],
            [
                2291.159,
                2297.437
            ],
            [
                2302.592,
                2312.5009999999997
            ],
            [
                2314.852,
                2316.698
            ],
            [
                2323.998,
                2324.273
            ],
            [
                2332.193,
                2335.1710000000003
            ],
            [
                2456.212,
                2457.925
            ],
            [
                2465.323,
                2472.0
            ],
            [
                2473.477,
                2475.489
            ],
            [
                2538.795,
                2544.3
            ],
            [
                2549.61,
                2553.329
            ],
            [
                2555.614,
                2559.743
            ],
            [
                2682.583,
                2695.428
            ],
            [
                2699.198,
                2704.747
            ],
            [
                2714.067,
                2725.6910000000003
            ],
