{
    "A": {
        "duration": 38.81299999999999,
        "intervals": [
            [
                129.251,
                129.852
            ],
            [
                205.296,
                205.546
            ],
            [
                224.858,
                225.29
            ],
            [
                243.424,
                280.547
            ],
            [
                339.037,
                339.44399999999996
            ]
        ]
    },
    "B": {
        "duration": 99.67999999999995,
        "intervals": [
            [
                27.619,
                28.598
            ],
            [
                31.713,
                41.208999999999996
            ],
            [
                77.212,
                78.522
            ],
            [
                134.954,
                161.24099999999999
            ],
            [
                186.627,
                186.78900000000002
            ],
            [
                232.612,
                243.191
            ],
            [
                281.392,
                332.25899999999996
            ]
        ]
    },
    "C": {
        "duration": 302.5359999999995,
        "intervals": [
            [
                11.902,
                13.145999999999999
            ],
            [
                21.485,
                21.75
            ],
            [
                355.241,
                356.395
            ],
            [
                364.836,
                374.64500000000004
            ],
            [
                421.161,
                436.249
            ],
            [
                438.883,
                442.89799999999997
            ],
            [
                446.408,
                453.95099999999996
            ],
            [
                482.392,
                487.819
            ],
            [
                499.789,
                501.699
            ],
            [
                548.137,
                563.358
            ],
            [
                566.369,
                568.009
            ],
            [
                571.445,
                576.5400000000001
            ],
            [
                578.251,
                610.245
            ],
            [
                613.253,
                621.898
            ],
            [
                629.247,
                651.561
            ],
            [
                700.005,
                713.723
            ],
            [
                766.609,
                769.414
            ],
            [
                789.418,
                791.939
            ],
            [
                814.229,
                817.658
            ],
            [
                820.916,
                822.791
            ],
            [
                916.324,
                917.991
            ],
            [
                936.191,
                942.133
            ],
            [
                950.486,
                957.325
            ],
            [
                980.243,
                981.369
            ],
            [
                983.699,
                1000.649
            ],
            [
                1004.111,
                1004.524
            ],
            [
                1019.987,
                1022.0
            ],
            [
                1025.921,
                1027.366
            ],
            [
                1031.871,
                1040.9260000000002
            ],
            [
                1043.871,
                1045.4340000000002
            ],
            [
                1049.281,
                1057.5449999999998
            ],
            [
                1065.449,
                1068.141
            ],
            [
                1084.03,
                1084.0439999999999
            ],
            [
                1142.957,
                1150.009
            ],
            [
                1153.2,
                1155.409
            ],
            [
                1239.199,
                1257.424
            ],
            [
                1259.984,
                1271.1209999999999
            ],
            [
                1274.704,
                1277.733
            ],
            [
                1278.737,
                1282.9470000000001
            ],
            [
                1284.95,
                1286.874
            ],
            [
                1288.931,
                1291.0420000000001
            ],
            [
                1377.805,
                1385.608
            ],
            [
                1411.741,
                1415.359
            ],
            [
                1429.677,
                1433.3729999999998
            ],
            [
                1453.049,
                1455.838
            ],
            [
                1460.535,
                1476.024
            ],
            [
                1560.261,
                1562.5439999999999
            ],
            [
                1597.909,
                1600.2330000000002
            ],
            [
                1617.006,
                1617.948
            ]
        ]
    },
    "D": {
        "duration": 199.36599999999981,
        "intervals": [
            [
                378.999,
                381.31300000000005
            ],
            [
                651.561,
                700.006
            ],
            [
                718.607,
                766.609
            ],
            [
                1094.837,
                1142.9579999999999
            ],
            [
                1155.409,
                1158.2930000000001
            ],
            [
                1162.21,
                1166.955
            ],
            [
                1170.592,
                1195.097
            ],
            [
                1219.165,
                1239.199
            ],
            [
                1433.575,
                1433.891
            ]
        ]
    },
    "E": {
        "duration": 134.64100000000042,
        "intervals": [
            [
                341.105,
                341.61600000000004
            ],
            [
                375.084,
                378.999
            ],
            [
                453.951,
                457.77500000000003
            ],
            [
                460.257,
                462.942
            ],
            [
                466.867,
                469.76300000000003
            ],
            [
                488.324,
                499.072
            ],
            [
                504.009,
                546.8779999999999
            ],
            [
                818.976,
                820.772
            ],
            [
                825.954,
                866.5920000000001
            ],
            [
                873.961,
                875.9490000000001
            ],
            [
                879.007,
                879.0089999999999
            ],
            [
                1150.009,
                1152.873
            ],
            [
                1303.746,
                1307.68
            ],
            [
                1310.588,
                1315.227
            ],
            [
                1321.993,
                1323.686
            ],
            [
                1334.961,
                1335.101
            ],
            [
                1337.55,
                1342.288
            ],
            [
                1346.276,
                1348.345
            ],
            [
                1439.723,
                1442.415
            ]
        ]
    },
    "F": {
        "duration": 500.989,