{
    "A": {
        "duration": 107.90400000000004,
        "intervals": [
            [
                10.304,
                12.792
            ],
            [
                18.941,
                22.611
            ],
            [
                25.355,
                28.589
            ],
            [
                31.173,
                37.354000000000006
            ],
            [
                38.126,
                47.455000000000005
            ],
            [
                49.378,
                58.211000000000006
            ],
            [
                61.695,
                72.841
            ],
            [
                75.249,
                79.904
            ],
            [
                80.447,
                93.051
            ],
            [
                95.01,
                111.777
            ],
            [
                112.507,
                118.93499999999999
            ],
            [
                121.449,
                122.338
            ],
            [
                125.45,
                134.59699999999998
            ],
            [
                139.649,
                140.651
            ],
            [
                480.067,
                482.591
            ],
            [
                491.657,
                494.911
            ],
            [
                751.159,
                754.875
            ],
            [
                1042.244,
                1044.281
            ]
        ]
    },
    "B": {
        "duration": 118.97599999999989,
        "intervals": [
            [
                141.283,
                142.522
            ],
            [
                222.306,
                238.81
            ],
            [
                276.831,
                307.11600000000004
            ],
            [
                322.005,
                324.403
            ],
            [
                343.0,
                364.426
            ],
            [
                370.833,
                372.482
            ],
            [
                377.266,
                387.421
            ],
            [
                400.67,
                411.70500000000004
            ],
            [
                602.61,
                607.539
            ],
            [
                726.271,
                730.596
            ],
            [
                738.099,
                739.2090000000001
            ],
            [
                821.654,
                822.01
            ],
            [
                1294.392,
                1301.636
            ],
            [
                1395.593,
                1401.914
            ]
        ]
    },
    "C": {
        "duration": 272.2149999999998,
        "intervals": [
            [
                12.791,
                18.94
            ],
            [
                22.611,
                25.355
            ],
            [
                28.59,
                30.698999999999998
            ],
            [
                37.704,
                38.126
            ],
            [
                47.454,
                48.988
            ],
            [
                58.578,
                61.464000000000006
            ],
            [
                73.19,
                75.249
            ],
            [
                80.393,
                80.447
            ],
            [
                93.439,
                95.00999999999999
            ],
            [
                112.502,
                112.50699999999999
            ],
            [
                118.935,
                121.45
            ],
            [
                122.852,
                125.45
            ],
            [
                135.093,
                139.22199999999998
            ],
            [
                203.705,
                213.03
            ],
            [
                250.007,
                261.758
            ],
            [
                263.503,
                268.905
            ],
            [
                271.384,
                276.83099999999996
            ],
            [
                339.409,
                343.0
            ],
            [
                364.426,
                367.992
            ],
            [
                373.837,
                377.26599999999996
            ],
            [
                388.628,
                392.157
            ],
            [
                415.017,
                428.33500000000004
            ],
            [
                434.292,
                435.926
            ],
            [
                482.591,
                491.06399999999996
            ],
            [
                495.28,
                517.7909999999999
            ],
            [
                533.991,
                567.685
            ],
            [
                653.424,
                659.761
            ],
            [
                749.672,
                750.912
            ],
            [
                805.478,
                806.933
            ],
            [
                931.004,
                940.391
            ],
            [
                940.923,
                955.948
            ],
            [
                993.446,
                997.6750000000001
            ],
            [
                1025.298,
                1041.998
            ],
            [
                1044.644,
                1047.337
            ],
            [
                1099.101,
                1132.044
            ],
            [
                1152.952,
                1164.174
            ],
            [
                1219.123,
                1221.32
            ],
            [
                1227.212,
                1227.577
            ],
            [
                1344.679,
                1350.4270000000001
            ],
            [
                1354.16,
                1356.712
            ],
            [
                1401.914,
                1405.191
            ],
            [
                1429.594,
                1431.9940000000001
            ]
        ]
    },
    "D": {
        "duration": 34.92599999999993,
        "intervals": [
            [
                755.182,
                790.108
            ]
        ]
    },
    "E": {
        "duration": 129.77199999999985,
        "intervals": [
            [
                5.206,
                9.794
            ],
            [
                436.092,
                473.217
            ],
            [
                517.791,
                533.991
            ],
            [
                1047.337,
                1098.598
            ],
            [
                1132.044,
                1152.642
            ]
        ]
    },
    "F": {
        "duration": 170.608,