{
    "A": {
        "duration": 106.23500000000001,
        "intervals": [
            [
                112.489,
                197.04
            ],
            [
                398.015,
                405.378
            ],
            [
                409.793,
                416.702
            ],
            [
                422.504,
                427.12300000000005
            ],
            [
                613.192,
                613.725
            ],
            [
                637.505,
                639.765
            ]
        ]
    },
    "B": {
        "duration": 99.75499999999994,
        "intervals": [
            [
                69.446,
                70.51599999999999
            ],
            [
                272.849,
                362.796
            ],
            [
                406.612,
                409.793
            ],
            [
                417.933,
                421.08
            ],
            [
                429.276,
                431.618
            ],
            [
                1083.552,
                1083.62
            ]
        ]
    },
    "C": {
        "duration": 468.4599999999999,
        "intervals": [
            [
                5.665,
                35.412
            ],
            [
                37.984,
                54.202
            ],
            [
                56.793,
                59.436
            ],
            [
                62.684,
                67.92399999999999
            ],
            [
                72.212,
                111.119
            ],
            [
                199.576,
                271.021
            ],
            [
                365.195,
                395.796
            ],
            [
                433.799,
                499.158
            ],
            [
                541.811,
                542.081
            ],
            [
                543.93,
                585.423
            ],
            [
                587.829,
                599.412
            ],
            [
                604.901,
                606.752
            ],
            [
                688.346,
                691.412
            ],
            [
                699.033,
                701.633
            ],
            [
                713.917,
                723.318
            ],
            [
                741.847,
                761.037
            ],
            [
                763.113,
                776.339
            ],
            [
                777.08,
                779.088
            ],
            [
                783.903,
                796.9590000000001
            ],
            [
                848.806,
                851.268
            ],
            [
                854.234,
                883.2819999999999
            ],
            [
                1019.174,
                1050.07
            ],
            [
                1053.64,
                1081.79
            ]
        ]
    },
    "D": {
        "duration": 217.17399999999967,
        "intervals": [
            [
                36.674,
                37.388
            ],
            [
                54.375,
                55.858
            ],
            [
                59.91,
                61.068
            ],
            [
                405.378,
                406.217
            ],
            [
                416.703,
                417.53799999999995
            ],
            [
                427.297,
                428.86600000000004
            ],
            [
                500.88,
                539.742
            ],
            [
                542.654,
                543.39
            ],
            [
                585.849,
                587.829
            ],
            [
                600.769,
                604.1740000000001
            ],
            [
                607.412,
                612.617
            ],
            [
                615.074,
                637.2289999999999
            ],
            [
                639.765,
                688.347
            ],
            [
                691.413,
                699.034
            ],
            [
                701.634,
                713.917
            ],
            [
                723.318,
                741.847
            ],
            [
                761.781,
                762.699
            ],
            [
                776.545,
                777.0799999999999
            ],
            [
                780.921,
                782.19
            ],
            [
                801.402,
                848.516
            ],
            [
                852.096,
                853.478
            ]
        ]
    },
    "E": {
        "duration": 133.969,
        "intervals": [
            [
                421.08,
                422.187
            ],
            [
                885.722,
                1018.572
            ],
            [
                1051.954,
                1051.966
            ]
        ]
    }
}