{
    "A": {
        "duration": 59.577,
        "intervals": [
            [
                140.594,
                142.813
            ],
            [
                194.299,
                195.347
            ],
            [
                271.129,
                327.439
            ]
        ]
    },
    "B": {
        "duration": 307.87399999999985,
        "intervals": [
            [
                14.756,
                19.026999999999997
            ],
            [
                30.733,
                33.615
            ],
            [
                36.884,
                46.734
            ],
            [
                54.319,
                55.563
            ],
            [
                58.976,
                64.226
            ],
            [
                67.569,
                69.202
            ],
            [
                76.972,
                80.36800000000001
            ],
            [
                84.211,
                92.67800000000001
            ],
            [
                97.546,
                100.219
            ],
            [
                115.855,
                119.114
            ],
            [
                121.144,
                122.27600000000001
            ],
            [
                127.771,
                127.793
            ],
            [
                133.557,
                133.589
            ],
            [
                135.805,
                139.111
            ],
            [
                146.438,
                149.34
            ],
            [
                153.014,
                177.237
            ],
            [
                182.333,
                190.29600000000002
            ],
            [
                192.977,
                193.635
            ],
            [
                195.347,
                195.69500000000002
            ],
            [
                197.257,
                205.561
            ],
            [
                206.13,
                208.059
            ],
            [
                210.728,
                265.28000000000003
            ],
            [
                327.783,
                331.445
            ],
            [
                353.403,
                354.64500000000004
            ],
            [
                356.152,
                357.907
            ],
            [
                360.209,
                369.075
            ],
            [
                378.992,
                427.34999999999997
            ],
            [
                434.221,
                452.46200000000005
            ],
            [
                455.561,
                459.81
            ],
            [
                465.811,
                479.847
            ],
            [
                482.963,
                508.977
            ],
            [
                516.714,
                539.542
            ],
            [
                551.828,
                554.7629999999999
            ],
            [
                564.889,
                564.933
            ],
            [
                566.651,
                569.4
            ],
            [
                616.992,
                618.0129999999999
            ],
            [
                623.479,
                625.383
            ],
            [
                633.191,
                633.216
            ],
            [
                650.754,
                652.403
            ]
        ]
    },
    "C": {
        "duration": 259.1419999999999,
        "intervals": [
            [
                0.052,
                14.756
            ],
            [
                19.961,
                29.343999999999998
            ],
            [
                33.615,
                36.399
            ],
            [
                46.734,
                53.505
            ],
            [
                55.951,
                58.234
            ],
            [
                65.269,
                67.569
            ],
            [
                70.556,
                76.322
            ],
            [
                81.385,
                84.02300000000001
            ],
            [
                92.678,
                96.94500000000001
            ],
            [
                101.498,
                114.866
            ],
            [
                119.475,
                120.189
            ],
            [
                122.276,
                126.92500000000001
            ],
            [
                127.793,
                132.646
            ],
            [
                133.589,
                135.378
            ],
            [
                143.679,
                145.145
            ],
            [
                149.34,
                152.175
            ],
            [
                177.446,
                181.74200000000002
            ],
            [
                191.052,
                192.245
            ],
            [
                196.39,
                196.749
            ],
            [
                205.561,
                205.954
            ],
            [
                208.059,
                210.327
            ],
            [
                265.28,
                268.168
            ],
            [
                331.445,
                353.074
            ],
            [
                354.861,
                355.509
            ],
            [
                357.907,
                360.209
            ],
            [
                369.829,
                378.992
            ],
            [
                427.349,
                434.22
            ],
            [
                452.68,
                455.561
            ],
            [
                459.81,
                465.811
            ],
            [
                479.847,
                482.962
            ],
            [
                508.977,
                516.449
            ],
            [
                539.543,
                551.09
            ],
            [
                556.306,
                564.026
            ],
            [
                564.933,
                566.178
            ],
            [
                569.936,
                615.728
            ],
            [
                618.708,
                623.15
            ],
            [
                625.892,
                632.8249999999999
            ],
            [
                633.216,
                650.2239999999999
            ],
            [
                652.887,
                665.293
            ]
        ]
    }
}