{
    "A": {
        "duration": 457.2710000000003,
        "intervals": [
            [
                0.01,
                5.3999999999999995
            ],
            [
                9.195,
                22.453
            ],
            [
                24.53,
                29.14
            ],
            [
                37.26,
                40.202999999999996
            ],
            [
                42.884,
                50.496
            ],
            [
                53.325,
                75.409
            ],
            [
                80.104,
                84.932
            ],
            [
                88.359,
                92.809
            ],
            [
                96.221,
                129.53
            ],
            [
                130.589,
                133.448
            ],
            [
                134.403,
                136.792
            ],
            [
                141.647,
                156.025
            ],
            [
                157.464,
                159.023
            ],
            [
                160.635,
                169.322
            ],
            [
                172.363,
                207.987
            ],
            [
                209.608,
                215.097
            ],
            [
                217.993,
                221.527
            ],
            [
                221.942,
                229.57999999999998
            ],
            [
                230.901,
                239.424
            ],
            [
                343.857,
                345.81300000000005
            ],
            [
                348.18,
                353.799
            ],
            [
                358.217,
                362.92499999999995
            ],
            [
                367.453,
                373.62100000000004
            ],
            [
                523.829,
                528.1899999999999
            ],
            [
                529.19,
                544.669
            ],
            [
                546.055,
                546.8679999999999
            ],
            [
                551.379,
                559.192
            ],
            [
                560.353,
                580.06
            ],
            [
                583.816,
                588.354
            ],
            [
                588.992,
                590.793
            ],
            [
                597.937,
                602.392
            ],
            [
                643.41,
                647.1279999999999
            ],
            [
                648.474,
                652.7750000000001
            ],
            [
                689.114,
                691.3530000000001
            ],
            [
                694.135,
                703.477
            ],
            [
                725.099,
                727.542
            ],
            [
                828.671,
                833.1450000000001
            ],
            [
                835.564,
                839.833
            ],
            [
                841.064,
                842.206
            ],
            [
                913.413,
                918.528
            ],
            [
                926.994,
                931.629
            ],
            [
                1058.356,
                1059.024
            ],
            [
                1069.208,
                1071.106
            ],
            [
                1073.741,
                1075.589
            ],
            [
                1079.192,
                1081.872
            ],
            [
                1085.316,
                1089.791
            ],
            [
                1195.413,
                1196.706
            ],
            [
                1204.875,
                1208.397
            ],
            [
                1210.577,
                1212.631
            ],
            [
                1214.045,
                1216.99
            ],
            [
                1218.5,
                1220.118
            ],
            [
                1221.608,
                1225.741
            ],
            [
                1226.937,
                1230.1
            ],
            [
                1231.207,
                1236.3410000000001
            ],
            [
                1369.497,
                1375.081
            ],
            [
                1379.499,
                1384.394
            ],
            [
                1393.563,
                1396.5620000000001
            ],
            [
                1398.337,
                1408.435
            ],
            [
                1624.323,
                1639.911
            ],
            [
                1644.572,
                1645.8139999999999
            ],
            [
                1649.671,
                1655.3129999999999
            ],
            [
                1722.394,
                1730.115
            ],
            [
                1753.292,
                1756.4070000000002
            ],
            [
                1759.985,
                1760.243
            ],
            [
                1771.349,
                1772.473
            ],
            [
                1776.895,
                1778.8609999999999
            ],
            [
                1785.991,
                1799.6090000000002
            ],
            [
                1886.107,
                1889.192
            ],
            [
                1897.499,
                1901.2
            ],
            [
                1940.058,
                1940.39
            ],
            [
                1954.049,
                1959.236
            ],
            [
                2023.721,
                2026.365
            ],
            [
                2105.22,
                2105.9139999999998
            ],
            [
                2117.924,
                2129.731
            ],
            [
                2133.321,
                2133.67
            ],
            [
                2143.96,
                2149.375
            ],
            [
                2153.243,
                2159.759
            ]
        ]
    },
    "B": {
        "duration": 319.60900000000026,
        "intervals": [
            [
                377.399,
                517.624
            ],
            [
                1091.829,
                1139.236
            ],
            [
                1143.268,
                1188.255
            ],
            [
                1189.892,
                1191.431
            ],
            [
                1522.486,
                1523.6550000000002
            ],
            [
                1906.836,
                1935.001
            ],
            [
                1961.54,
                1969.586
            ],
            [
                1970.663,
                1984.67
            ],
            [
                1986.201,
                2020.2649999999999
            ]
        ]
    },
    "C": {
        "duration": 261.00300000000027,