{
    "A": {
        "duration": 33.24100000000001,
        "intervals": [
            [
                12.781,
                15.453
            ],
            [
                37.0,
                39.609
            ],
            [
                56.012,
                56.262
            ],
            [
                103.422,
                104.793
            ],
            [
                257.192,
                283.531
            ]
        ]
    },
    "B": {
        "duration": 130.59400000000002,
        "intervals": [
            [
                1.212,
                1.413
            ],
            [
                39.609,
                52.39
            ],
            [
                106.918,
                147.68800000000002
            ],
            [
                166.538,
                181.44299999999998
            ],
            [
                201.012,
                226.625
            ],
            [
                247.354,
                257.192
            ],
            [
                283.777,
                310.26300000000003
            ]
        ]
    },
    "C": {
        "duration": 213.72500000000034,
        "intervals": [
            [
                56.823,
                65.597
            ],
            [
                66.391,
                74.47099999999999
            ],
            [
                77.92,
                91.29299999999999
            ],
            [
                148.335,
                151.524
            ],
            [
                154.369,
                163.679
            ],
            [
                324.057,
                353.263
            ],
            [
                354.193,
                370.71500000000003
            ],
            [
                372.983,
                374.068
            ],
            [
                385.108,
                390.85200000000003
            ],
            [
                480.828,
                484.817
            ],
            [
                515.734,
                516.753
            ],
            [
                573.433,
                575.294
            ],
            [
                577.346,
                578.48
            ],
            [
                595.902,
                607.1550000000001
            ],
            [
                610.929,
                617.08
            ],
            [
                763.935,
                766.252
            ],
            [
                845.087,
                849.218
            ],
            [
                1274.412,
                1276.143
            ],
            [
                1279.672,
                1281.467
            ],
            [
                1284.164,
                1285.29
            ],
            [
                1293.082,
                1325.0230000000001
            ],
            [
                1328.279,
                1330.105
            ],
            [
                1667.372,
                1670.6760000000002
            ],
            [
                1709.321,
                1718.527
            ],
            [
                1721.633,
                1726.4019999999998
            ],
            [
                1778.934,
                1780.154
            ],
            [
                1900.67,
                1904.69
            ],
            [
                1908.77,
                1912.795
            ],
            [
                1917.721,
                1939.345
            ]
        ]
    },
    "D": {
        "duration": 400.03499999999997,
        "intervals": [
            [
                1.973,
                9.027000000000001
            ],
            [
                66.351,
                66.392
            ],
            [
                74.969,
                77.1
            ],
            [
                151.941,
                154.064
            ],
            [
                164.305,
                166.251
            ],
            [
                353.857,
                354.19300000000004
            ],
            [
                370.715,
                372.26399999999995
            ],
            [
                374.068,
                375.469
            ],
            [
                377.485,
                385.10699999999997
            ],
            [
                430.917,
                441.00100000000003
            ],
            [
                532.992,
                535.179
            ],
            [
                562.052,
                573.433
            ],
            [
                576.384,
                577.346
            ],
            [
                578.747,
                581.0419999999999
            ],
            [
                584.967,
                590.557
            ],
            [
                617.466,
                618.087
            ],
            [
                627.784,
                637.5360000000001
            ],
            [
                750.975,
                753.1990000000001
            ],
            [
                762.21,
                763.344
            ],
            [
                767.888,
                769.5790000000001
            ],
            [
                771.032,
                773.317
            ],
            [
                800.368,
                802.8760000000001
            ],
            [
                810.906,
                816.225
            ],
            [
                824.509,
                829.863
            ],
            [
                896.911,
                905.077
            ],
            [
                909.21,
                923.134
            ],
            [
                935.791,
                940.8860000000001
            ],
            [
                942.81,
                944.9549999999999
            ],
            [
                948.092,
                953.472
            ],
            [
                955.916,
                958.152
            ],
            [
                977.304,
                978.99
            ],
            [
                981.911,
                1007.0659999999999
            ],
            [
                1040.305,
                1042.266
            ],
            [
                1043.673,
                1048.965
            ],
            [
                1171.027,
                1173.6609999999998
            ],
            [
                1184.198,
                1189.3570000000002
            ],
            [
                1268.193,
                1274.412
            ],
            [
                1276.626,
                1279.259
            ],
            [
                1281.644,
                1283.625
            ],
            [
                1285.289,
                1292.095
            ],
            [
                1325.023,
                1328.278
            ],
            [
                1412.37,
                1414.695
            ],
            [
                1426.559,
                1449.444
            ],
            [
                1453.28,
                1456.36
            ],
            [
                1459.618,
                1472.904
            ],
            [
                1474.151,
                1475.641
            ],
            [
                1478.193,
                1494.97
            ],
            [
                1496.603,
                1501.134
            ],
            [
                1503.326,
                1508.993
            ],
            [
                1525.483,
                1528.99
            ],
            [
                1552.703,
                1558.628
            ],
            [
                1576.395,
                1581.4089999999999
            ],
            [
                1588.877,
                1590.9289999999999
            ],
