{
    "A": {
        "duration": 343.9249999999996,
        "intervals": [
            [
                19.351,
                19.418
            ],
            [
                392.21,
                394.23699999999997
            ],
            [
                411.47,
                412.879
            ],
            [
                427.386,
                427.874
            ],
            [
                431.492,
                435.819
            ],
            [
                443.789,
                445.296
            ],
            [
                448.516,
                450.119
            ],
            [
                453.067,
                454.766
            ],
            [
                462.25,
                462.667
            ],
            [
                466.347,
                476.128
            ],
            [
                478.491,
                481.445
            ],
            [
                943.655,
                943.689
            ],
            [
                1319.871,
                1325.192
            ],
            [
                1327.344,
                1399.503
            ],
            [
                1403.801,
                1447.8980000000001
            ],
            [
                1713.481,
                1713.5
            ],
            [
                1793.112,
                1883.638
            ],
            [
                1887.649,
                1900.208
            ],
            [
                2370.479,
                2371.7309999999998
            ],
            [
                2373.651,
                2422.478
            ],
            [
                2435.041,
                2453.792
            ],
            [
                2458.315,
                2481.9919999999997
            ],
            [
                2745.463,
                2745.887
            ]
        ]
    },
    "B": {
        "duration": 196.177,
        "intervals": [
            [
                23.922,
                28.734
            ],
            [
                69.765,
                74.623
            ],
            [
                78.999,
                85.541
            ],
            [
                88.874,
                88.889
            ],
            [
                91.898,
                92.5
            ],
            [
                95.531,
                97.27600000000001
            ],
            [
                100.19,
                111.716
            ],
            [
                113.601,
                238.206
            ],
            [
                737.702,
                739.128
            ],
            [
                873.681,
                873.801
            ],
            [
                1562.365,
                1563.366
            ],
            [
                1656.977,
                1659.2130000000002
            ],
            [
                1676.44,
                1678.951
            ],
            [
                1681.896,
                1682.392
            ],
            [
                1701.278,
                1702.309
            ],
            [
                2108.201,
                2110.018
            ],
            [
                2127.845,
                2129.3129999999996
            ],
            [
                2712.025,
                2713.571
            ],
            [
                2725.105,
                2741.099
            ],
            [
                2825.142,
                2826.902
            ],
            [
                2827.126,
                2837.192
            ]
        ]
    },
    "C": {
        "duration": 607.0690000000002,
        "intervals": [
            [
                19.418,
                23.921999999999997
            ],
            [
                28.733,
                69.271
            ],
            [
                74.846,
                78.998
            ],
            [
                86.078,
                88.58200000000001
            ],
            [
                88.889,
                91.591
            ],
            [
                92.845,
                95.348
            ],
            [
                97.276,
                100.19
            ],
            [
                112.281,
                113.19900000000001
            ],
            [
                312.52,
                317.01399999999995
            ],
            [
                388.255,
                390.68100000000004
            ],
            [
                478.16,
                478.49100000000004
            ],
            [
                481.445,
                488.715
            ],
            [
                544.701,
                557.875
            ],
            [
                567.015,
                568.989
            ],
            [
                627.65,
                670.346
            ],
            [
                728.961,
                737.7030000000001
            ],
            [
                739.53,
                754.8090000000001
            ],
            [
                807.069,
                828.851
            ],
            [
                848.64,
                873.681
            ],
            [
                915.003,
                939.0749999999999
            ],
            [
                996.04,
                1040.062
            ],
            [
                1128.56,
                1172.6100000000001
            ],
            [
                1282.706,
                1287.9119999999998
            ],
            [
                1463.257,
                1476.2749999999999
            ],
            [
                1530.851,
                1532.957
            ],
            [
                1545.421,
                1562.1290000000001
            ],
            [
                1645.61,
                1656.782
            ],
            [
                1659.212,
                1676.039
            ],
            [
                1679.203,
                1681.2649999999999
            ],
            [
                1682.392,
                1700.939
            ],
            [
                1703.072,
                1708.337
            ],
            [
                1774.899,
                1784.188
            ],
            [
                1786.703,
                1792.758
            ],
            [
                1883.638,
                1887.649
            ],
            [
                1900.351,
                1934.876
            ],
            [
                1979.103,
                1982.876
            ],
            [
                2037.16,
                2041.663
            ],
            [
                2046.077,
                2050.081
            ],
            [
                2104.35,
                2108.0119999999997
            ],
            [
                2110.58,
                2126.984
            ],
            [
                2192.643,
                2194.533
            ],
            [
                2265.462,
                2270.857
            ],
            [
                2422.479,
                2435.041
            ],
            [
                2482.365,
                2501.24
            ],
            [
                2556.331,
                2556.706
            ],
            [
                2612.053,
                2632.7129999999997
            ],
            [
                2671.513,
                2688.7169999999996
            ],
            [
                2703.686,
                2711.4950000000003
            ],
            [
                2713.848,
                2725.105
            ],
            [
                2807.058,
                2824.821
            ],
            [
                2827.072,
                2827.126
            ]
        ]
    },