{
    "A": {
        "duration": 86.38200000000002,
        "intervals": [
            [
                17.722,
                27.043
            ],
            [
                32.225,
                36.508
            ],
            [
                54.474,
                57.476
            ],
            [
                59.201,
                63.489000000000004
            ],
            [
                93.012,
                124.342
            ],
            [
                146.667,
                160.67
            ],
            [
                190.011,
                202.012
            ],
            [
                251.525,
                259.67900000000003
            ]
        ]
    },
    "B": {
        "duration": 75.76000000000008,
        "intervals": [
            [
                162.874,
                188.32
            ],
            [
                210.541,
                250.56799999999998
            ],
            [
                296.17,
                297.002
            ],
            [
                307.191,
                307.198
            ],
            [
                894.348,
                896.0709999999999
            ],
            [
                898.867,
                901.408
            ],
            [
                910.71,
                912.416
            ],
            [
                1651.845,
                1655.323
            ]
        ]
    },
    "C": {
        "duration": 343.86800000000056,
        "intervals": [
            [
                0.042,
                7.81
            ],
            [
                9.437,
                14.838
            ],
            [
                274.325,
                295.299
            ],
            [
                297.656,
                306.45
            ],
            [
                307.198,
                360.822
            ],
            [
                363.408,
                368.064
            ],
            [
                370.778,
                376.47600000000006
            ],
            [
                378.194,
                396.972
            ],
            [
                406.21,
                408.81899999999996
            ],
            [
                428.309,
                430.00300000000004
            ],
            [
                434.786,
                437.24
            ],
            [
                537.042,
                537.081
            ],
            [
                576.433,
                582.6940000000001
            ],
            [
                587.225,
                590.22
            ],
            [
                598.798,
                607.6700000000001
            ],
            [
                610.043,
                615.471
            ],
            [
                619.186,
                619.2080000000001
            ],
            [
                621.689,
                627.814
            ],
            [
                628.082,
                634.341
            ],
            [
                817.582,
                822.494
            ],
            [
                828.087,
                828.492
            ],
            [
                831.409,
                834.899
            ],
            [
                840.194,
                841.4699999999999
            ],
            [
                845.574,
                851.9300000000001
            ],
            [
                855.811,
                886.248
            ],
            [
                901.409,
                904.0649999999999
            ],
            [
                905.74,
                910.445
            ],
            [
                1086.453,
                1088.593
            ],
            [
                1164.54,
                1167.355
            ],
            [
                1167.882,
                1173.8100000000002
            ],
            [
                1204.808,
                1211.4969999999998
            ],
            [
                1229.322,
                1230.731
            ],
            [
                1242.483,
                1243.636
            ],
            [
                1257.176,
                1257.6989999999998
            ],
            [
                1268.641,
                1272.989
            ],
            [
                1277.571,
                1282.299
            ],
            [
                1284.952,
                1287.294
            ],
            [
                1399.849,
                1405.2269999999999
            ],
            [
                1408.141,
                1410.9840000000002
            ],
            [
                1414.169,
                1425.7079999999999
            ],
            [
                1428.95,
                1447.752
            ],
            [
                1466.593,
                1471.9930000000002
            ],
            [
                1477.592,
                1480.962
            ],
            [
                1662.707,
                1664.3390000000002
            ],
            [
                1666.513,
                1690.169
            ],
            [
                1693.88,
                1696.102
            ],
            [
                1696.673,
                1707.9730000000002
            ],
            [
                1713.309,
                1716.272
            ]
        ]
    },
    "D": {
        "duration": 99.52799999999992,
        "intervals": [
            [
                30.215,
                31.54
            ],
            [
                37.169,
                38.494
            ],
            [
                47.378,
                51.116
            ],
            [
                89.002,
                89.59299999999999
            ],
            [
                91.518,
                91.916
            ],
            [
                127.857,
                128.436
            ],
            [
                131.335,
                132.65300000000002
            ],
            [
                637.21,
                690.5559999999999
            ],
            [
                693.063,
                723.163
            ],
            [
                725.792,
                732.6
            ]
        ]
    },
    "E": {
        "duration": 240.9310000000001,