{
    "A": {
        "duration": 232.899,
        "intervals": [
            [
                63.926,
                64.60900000000001
            ],
            [
                263.193,
                268.284
            ],
            [
                294.675,
                297.613
            ],
            [
                312.279,
                318.062
            ],
            [
                323.588,
                328.995
            ],
            [
                337.562,
                337.592
            ],
            [
                347.401,
                347.993
            ],
            [
                349.613,
                354.876
            ],
            [
                360.715,
                362.86499999999995
            ],
            [
                365.521,
                379.158
            ],
            [
                395.866,
                397.08299999999997
            ],
            [
                455.46,
                458.383
            ],
            [
                473.192,
                476.41200000000003
            ],
            [
                491.138,
                493.592
            ],
            [
                494.918,
                505.192
            ],
            [
                510.001,
                512.3249999999999
            ],
            [
                516.596,
                578.591
            ],
            [
                584.312,
                585.298
            ],
            [
                628.737,
                629.405
            ],
            [
                711.393,
                723.162
            ],
            [
                726.209,
                729.3259999999999
            ],
            [
                730.644,
                733.393
            ],
            [
                740.246,
                748.7289999999999
            ],
            [
                765.01,
                767.173
            ],
            [
                787.612,
                793.822
            ],
            [
                808.287,
                813.048
            ],
            [
                824.318,
                826.812
            ],
            [
                836.165,
                839.81
            ],
            [
                895.924,
                897.787
            ],
            [
                907.953,
                911.007
            ],
            [
                1005.792,
                1006.464
            ],
            [
                1025.006,
                1040.609
            ],
            [
                1051.301,
                1059.404
            ],
            [
                1065.57,
                1076.905
            ],
            [
                1082.062,
                1093.799
            ],
            [
                1099.209,
                1100.777
            ],
            [
                1101.796,
                1105.257
            ],
            [
                1127.52,
                1129.997
            ]
        ]
    },
    "B": {
        "duration": 327.7270000000001,
        "intervals": [
            [
                158.097,
                254.606
            ],
            [
                257.906,
                257.925
            ],
            [
                274.2,
                283.417
            ],
            [
                285.301,
                285.973
            ],
            [
                305.029,
                307.76
            ],
            [
                318.551,
                319.002
            ],
            [
                322.112,
                323.39300000000003
            ],
            [
                379.158,
                383.576
            ],
            [
                398.611,
                455.46000000000004
            ],
            [
                461.217,
                469.558
            ],
            [
                472.061,
                473.19199999999995
            ],
            [
                482.603,
                490.359
            ],
            [
                646.496,
                711.393
            ],
            [
                760.263,
                765.01
            ],
            [
                844.763,
                847.763
            ],
            [
                940.164,
                961.205
            ],
            [
                969.658,
                971.155
            ],
            [
                974.234,
                998.244
            ],
            [
                1108.36,
                1127.52
            ]
        ]
    },
    "C": {
        "duration": 307.3159999999998,