{
    "A": {
        "duration": 266.1990000000001,
        "intervals": [
            [
                0.599,
                8.806999999999999
            ],
            [
                11.335,
                75.907
            ],
            [
                79.927,
                84.703
            ],
            [
                169.525,
                212.019
            ],
            [
                297.8,
                334.285
            ],
            [
                357.802,
                391.914
            ],
            [
                552.039,
                566.018
            ],
            [
                569.17,
                579.402
            ],
            [
                581.415,
                585.4630000000001
            ],
            [
                688.392,
                703.457
            ],
            [
                768.663,
                800.891
            ]
        ]
    },
    "B": {
        "duration": 144.69700000000006,
        "intervals": [
            [
                395.585,
                412.957
            ],
            [
                416.227,
                478.948
            ],
            [
                481.938,
                507.407
            ],
            [
                510.406,
                529.9440000000001
            ],
            [
                531.576,
                538.046
            ],
            [
                541.542,
                552.038
            ],
            [
                566.281,
                568.9119999999999
            ]
        ]
    },
    "C": {
        "duration": 128.45600000000002,
        "intervals": [
            [
                11.296,
                11.334999999999999
            ],
            [
                76.991,
                79.32700000000001
            ],
            [
                335.824,
                351.192
            ],
            [
                413.169,
                415.726
            ],
            [
                479.193,
                481.601
            ],
            [
                507.408,
                510.108
            ],
            [
                530.172,
                531.311
            ],
            [
                538.046,
                541.2510000000001
            ],
            [
                579.658,
                581.415
            ],
            [
                591.445,
                688.392
            ]
        ]
    },
    "D": {
        "duration": 233.94699999999992,
        "intervals": [
            [
                85.548,
                169.524
            ],
            [
                213.968,
                297.799
            ],
            [
                351.412,
                353.491
            ],
            [
                704.219,
                768.28
            ]
        ]
    }
}