{
    "A": {
        "duration": 72.96200000000002,
        "intervals": [
            [
                2.408,
                13.478
            ],
            [
                59.486,
                69.54
            ],
            [
                78.806,
                90.58999999999999
            ],
            [
                91.682,
                107.19200000000001
            ],
            [
                134.187,
                138.53900000000002
            ],
            [
                152.012,
                161.458
            ],
            [
                166.661,
                169.3
            ],
            [
                188.502,
                196.59
            ],
            [
                209.392,
                209.411
            ]
        ]
    },
    "B": {
        "duration": 277.9189999999997,
        "intervals": [
            [
                145.409,
                147.678
            ],
            [
                409.148,
                434.353
            ],
            [
                449.081,
                476.16700000000003
            ],
            [
                480.303,
                483.229
            ],
            [
                487.679,
                502.51399999999995
            ],
            [
                506.13,
                510.193
            ],
            [
                521.471,
                537.08
            ],
            [
                729.41,
                731.038
            ],
            [
                734.427,
                738.939
            ],
            [
                742.632,
                750.0859999999999
            ],
            [
                765.413,
                769.605
            ],
            [
                821.175,
                825.9689999999999
            ],
            [
                835.464,
                838.571
            ],
            [
                1064.456,
                1072.3129999999999
            ],
            [
                1075.791,
                1080.827
            ],
            [
                1084.104,
                1098.8909999999998
            ],
            [
                1101.183,
                1106.2749999999999
            ],
            [
                1157.22,
                1166.228
            ],
            [
                1173.673,
                1188.6480000000001
            ],
            [
                1209.414,
                1212.465
            ],
            [
                1345.609,
                1351.3329999999999
            ],
            [
                1354.604,
                1373.306
            ],
            [
                1377.916,
                1381.078
            ],
            [
                1417.093,
                1424.025
            ],
            [
                1424.193,
                1426.994
            ],
            [
                1556.126,
                1558.24
            ],
            [
                1577.36,
                1609.392
            ],
            [
                1620.513,
                1649.4789999999998
            ]
        ]
    },
    "C": {
        "duration": 122.94999999999993,
        "intervals": [
            [
                339.377,
                340.314
            ],
            [
                541.706,
                552.214
            ],
            [
                557.992,
                585.738
            ],
            [
                588.149,
                609.791
            ],
            [
                667.914,
                670.059
            ],
            [
                670.899,
                675.449
            ],
            [
                684.683,
                686.387
            ],
            [
                696.627,
                701.592
            ],
            [
                711.72,
                722.993
            ],
            [
                731.039,
                734.428
            ],
            [
                775.232,
                776.7189999999999
            ],
            [
                782.654,
                783.818
            ],
            [
                785.972,
                786.355
            ],
            [
                805.655,
                806.7429999999999
            ],
            [
                906.608,
                910.938
            ],
            [
                998.906,
                1003.1529999999999
            ],
            [
                1200.871,
                1206.995
            ],
            [
                1499.673,
                1507.8490000000002
            ],
            [
                1539.527,
                1542.576
            ],
            [
                1552.083,
                1556.126
            ]
        ]
    },
    "D": {
        "duration": 235.8759999999999,