{
    "A": {
        "duration": 277.12600000000003,
        "intervals": [
            [
                1.217,
                1.236
            ],
            [
                347.377,
                408.139
            ],
            [
                410.653,
                491.336
            ],
            [
                1156.726,
                1156.815
            ],
            [
                1173.569,
                1173.591
            ],
            [
                1541.811,
                1566.844
            ],
            [
                1573.641,
                1614.7050000000002
            ],
            [
                1617.951,
                1618.501
            ],
            [
                1622.555,
                1629.035
            ],
            [
                1634.207,
                1691.496
            ],
            [
                1715.561,
                1715.9959999999999
            ],
            [
                1719.61,
                1722.838
            ],
            [
                1787.906,
                1789.378
            ]
        ]
    },
    "B": {
        "duration": 354.74600000000027,
        "intervals": [
            [
                322.026,
                322.05
            ],
            [
                408.68,
                410.342
            ],
            [
                971.261,
                988.338
            ],
            [
                989.791,
                1120.4340000000002
            ],
            [
                1153.88,
                1156.7250000000001
            ],
            [
                1566.844,
                1573.641
            ],
            [
                1614.705,
                1617.952
            ],
            [
                1618.93,
                1622.047
            ],
            [
                1629.035,
                1634.207
            ],
            [
                1712.205,
                1713.513
            ],
            [
                1715.997,
                1719.6100000000001
            ],
            [
                1722.838,
                1787.906
            ],
            [
                1789.71,
                1903.883
            ]
        ]
    },
    "C": {
        "duration": 699.2359999999987,
        "intervals": [
            [
                10.383,
                10.922999999999998
            ],
            [
                13.512,
                118.047
            ],
            [
                119.539,
                123.663
            ],
            [
                124.755,
                164.246
            ],
            [
                168.893,
                235.737
            ],
            [
                297.797,
                297.875
            ],
            [
                324.17,
                326.192
            ],
            [
                329.43,
                341.71299999999997
            ],
            [
                344.593,
                346.517
            ],
            [
                496.744,
                584.351
            ],
            [
                718.33,
                734.535
            ],
            [
                844.634,
                871.3249999999999
            ],
            [
                934.877,
                970.2320000000001
            ],
            [
                1123.767,
                1134.874
            ],
            [
                1137.621,
                1150.846
            ],
            [
                1263.345,
                1269.582
            ],
            [
                1288.074,
                1299.685
            ],
            [
                1302.242,
                1304.6499999999999
            ],
            [
                1316.663,
                1320.34
            ],
            [
                1322.345,
                1359.793
            ],
            [
                1361.774,
                1368.139
            ],
            [
                1460.906,
                1464.58
            ],
            [
                1530.151,
                1540.8
            ],
            [
                1691.496,
                1692.8190000000002
            ],
            [
                1695.489,
                1711.3049999999998
            ],
            [
                1906.809,
                1948.9389999999999
            ],
            [
                2136.542,
                2160.5299999999997
            ],
            [
                2357.746,
                2391.8520000000003
            ],
            [
                2393.452,
                2395.664
            ],
            [
                2398.791,
                2442.654
            ],
            [
                2443.934,
                2475.632
            ]
        ]
    },
    "D": {
        "duration": 334.5880000000001,
        "intervals": [
            [
                736.239,
                836.939
            ],
            [
                872.839,
                930.2479999999999
            ],
            [
                988.792,
                989.791
            ],
            [
                1951.396,
                1971.4740000000002
            ],
            [
                1973.168,
                2031.1000000000001
            ],
            [
                2035.496,
                2132.966
            ]
        ]
    },
    "E": {
        "duration": 267.9789999999993,
        "intervals": [
            [
                237.462,
                297.796
            ],
            [
                298.387,
                318.878
            ],
            [
                326.192,
                329.149
            ],
            [
                586.04,
                586.0519999999999
            ],
            [
                836.939,
                837.761
            ],
            [
                1150.846,
                1150.88
            ],
            [
                2033.999,
                2035.356
            ],
            [
                2162.992,
                2241.294
            ],
            [
                2244.785,
                2250.1549999999997
            ],
            [
                2252.792,
                2297.462
            ],
            [
                2300.616,
                2354.2459999999996
            ]
        ]
    },
    "F": {
        "duration": 147.4640000000004,