{
    "A": {
        "duration": 56.82700000000001,
        "intervals": [
            [
                0.088,
                0.12
            ],
            [
                66.332,
                123.12700000000001
            ]
        ]
    },
    "B": {
        "duration": 231.99599999999958,
        "intervals": [
            [
                4.227,
                62.394
            ],
            [
                123.127,
                178.36200000000002
            ],
            [
                195.404,
                198.398
            ],
            [
                204.815,
                206.776
            ],
            [
                213.989,
                220.798
            ],
            [
                225.187,
                235.666
            ],
            [
                241.402,
                241.999
            ],
            [
                244.016,
                247.031
            ],
            [
                324.299,
                327.83299999999997
            ],
            [
                385.832,
                394.987
            ],
            [
                507.524,
                513.113
            ],
            [
                558.191,
                567.5939999999999
            ],
            [
                587.642,
                590.5820000000001
            ],
            [
                707.947,
                711.572
            ],
            [
                720.254,
                731.197
            ],
            [
                734.592,
                736.639
            ],
            [
                790.793,
                802.069
            ],
            [
                832.81,
                835.805
            ],
            [
                892.703,
                900.212
            ],
            [
                951.377,
                952.261
            ],
            [
                965.599,
                971.403
            ],
            [
                977.324,
                979.1279999999999
            ],
            [
                983.883,
                984.914
            ],
            [
                1046.25,
                1052.3029999999999
            ],
            [
                1146.295,
                1154.4419999999998
            ]
        ]
    },
    "C": {
        "duration": 178.67800000000003,
        "intervals": [
            [
                249.073,
                324.29900000000004
            ],
            [
                465.011,
                485.06
            ],
            [
                487.591,
                494.331
            ],
            [
                1053.861,
                1112.21
            ],
            [
                1120.52,
                1122.094
            ],
            [
                1125.507,
                1142.247
            ]
        ]
    },
    "D": {
        "duration": 209.48600000000005,
        "intervals": [
            [
                332.836,
                385.832
            ],
            [
                485.06,
                487.591
            ],
            [
                494.331,
                507.524
            ],
            [
                583.64,
                583.861
            ],
            [
                629.586,
                630.47
            ],
            [
                650.913,
                652.573
            ],
            [
                655.4,
                656.409
            ],
            [
                745.082,
                790.559
            ],
            [
                814.835,
                832.8100000000001
            ],
            [
                843.158,
                859.4010000000001
            ],
            [
                875.759,
                883.363
            ],
            [
                988.819,
                1035.1
            ],
            [
                1122.095,
                1125.507
            ]
        ]
    },
    "E": {
        "duration": 229.75900000000027,
        "intervals": [
            [
                178.701,
                188.366
            ],
            [
                200.138,
                200.305
            ],
            [
                206.99,
                213.592
            ],
            [
                221.063,
                224.958
            ],
            [
                235.666,
                241.13500000000002
            ],
            [
                242.323,
                244.01600000000002
            ],
            [
                396.095,
                453.832
            ],
            [
                461.735,
                464.762
            ],
            [
                513.454,
                551.5740000000001
            ],
            [
                568.137,
                582.249
            ],
            [
                584.218,
                587.391
            ],
            [
                643.354,
                646.83
            ],
            [
                652.828,
                654.99
            ],
            [
                740.193,
                745.082
            ],
            [
                805.592,
                809.937
            ],
            [
                835.805,
                843.158
            ],
            [
                859.402,
                871.12
            ],
            [
                903.628,
                951.192
            ],
            [
                979.292,
                983.884
            ]
        ]
    },
    "F": {
        "duration": 216.63899999999978,
        "intervals": [
            [
                0.889,
                2.043
            ],
            [
                188.366,
                195.404
            ],
            [
                198.398,
                199.79999999999998
            ],
            [
                200.448,
                204.815
            ],
            [
                328.992,
                332.836
            ],
            [
                453.833,
                461.73600000000005
            ],
            [
                551.753,
                558.191
            ],
            [
                590.581,
                629.228
            ],
            [
                630.998,
                643.354
            ],
            [
                647.035,
                650.913
            ],
            [
                656.573,
                707.9469999999999
            ],
            [
                712.022,
                720.254
            ],
            [
                731.395,
                734.592
            ],
            [
                737.119,
                740.1940000000001
            ],
            [
                790.752,
                790.7919999999999
            ],
            [
                802.069,
                805.593
            ],
            [
                871.12,
                875.592
            ],
            [
                883.362,
                892.702
            ],
            [
                900.212,
                903.023
            ],
            [
                952.261,
                965.2819999999999
            ],
            [
                971.403,
                976.889
            ],
            [
                985.549,
                988.087
            ],
            [
                1035.101,
                1045.882
            ],
            [
                1112.209,
                1119.374
            ],
            [
                1142.525,
                1146.295
            ],
            [
                1155.792,
                1156.578
            ]
        ]
    }
}