{
    "A": {
        "duration": 197.91200000000012,
        "intervals": [
            [
                0.812,
                2.123
            ],
            [
                1536.722,
                1613.842
            ],
            [
                1626.858,
                1681.807
            ],
            [
                1695.951,
                1758.961
            ],
            [
                2775.21,
                2776.732
            ]
        ]
    },
    "B": {
        "duration": 418.2600000000006,
        "intervals": [
            [
                243.437,
                308.786
            ],
            [
                714.855,
                771.61
            ],
            [
                859.85,
                867.1270000000001
            ],
            [
                1025.047,
                1045.124
            ],
            [
                1227.513,
                1294.7440000000001
            ],
            [
                1861.77,
                1864.666
            ],
            [
                1874.694,
                1878.408
            ],
            [
                1935.392,
                1938.598
            ],
            [
                1943.209,
                1947.3400000000001
            ],
            [
                2007.764,
                2072.3900000000003
            ],
            [
                2282.688,
                2313.672
            ],
            [
                2320.262,
                2323.313
            ],
            [
                2431.833,
                2476.609
            ],
            [
                2564.499,
                2607.871
            ],
            [
                2768.619,
                2769.434
            ]
        ]
    },
    "C": {
        "duration": 36.71500000000003,
        "intervals": [
            [
                110.012,
                146.47899999999998
            ],
            [
                1421.867,
                1422.115
            ]
        ]
    },
    "D": {
        "duration": 340.24800000000073,
        "intervals": [
            [
                33.443,
                34.187
            ],
            [
                52.318,
                53.041999999999994
            ],
            [
                55.51,
                60.474000000000004
            ],
            [
                68.018,
                90.72
            ],
            [
                93.638,
                108.844
            ],
            [
                149.214,
                154.405
            ],
            [
                155.923,
                161.082
            ],
            [
                228.194,
                242.87400000000002
            ],
            [
                313.978,
                314.683
            ],
            [
                318.21,
                321.32
            ],
            [
                387.774,
                399.93199999999996
            ],
            [
                471.806,
                475.863
            ],
            [
                539.482,
                576.188
            ],
            [
                674.305,
                681.665
            ],
            [
                771.609,
                776.898
            ],
            [
                980.485,
                984.825
            ],
            [
                1086.521,
                1108.442
            ],
            [
                1113.22,
                1114.428
            ],
            [
                1166.419,
                1174.207
            ],
            [
                1179.73,
                1184.9989999999998
            ],
            [
                1294.745,
                1300.8349999999998
            ],
            [
                1397.221,
                1398.713
            ],
            [
                1400.004,
                1406.1490000000001
            ],
            [
                1413.037,
                1417.275
            ],
            [
                1418.918,
                1421.279
            ],
            [
                1422.611,
                1427.1930000000002
            ],
            [
                1516.636,
                1518.504
            ],
            [
                1520.006,
                1530.3809999999999
            ],
            [
                1613.842,
                1616.971
            ],
            [
                1618.405,
                1620.827
            ],
            [
                1622.469,
                1625.665
            ],
            [
                1681.806,
                1693.88
            ],
            [
                1759.124,
                1789.9350000000002
            ],
            [
                1925.812,
                1935.393
            ],
            [
                2075.856,
                2076.217
            ],
            [
                2095.376,
                2097.195
            ],
            [
                2159.646,
                2162.5330000000004
            ],
            [
                2319.044,
                2319.83
            ],
            [
                2331.997,
                2340.692
            ],
            [
                2343.268,
                2351.46
            ],
            [
                2425.584,
                2429.408
            ],
            [
                2477.613,
                2496.142
            ],
            [
                2608.068,
                2608.4390000000003
            ],
            [
                2637.679,
                2640.927
            ],
            [
                2749.37,
                2760.882
            ],
            [
                2770.355,
                2772.734
            ]
        ]
    },
    "E": {
        "duration": 208.94100000000026,