{
    "A": {
        "duration": 124.68900000000004,
        "intervals": [
            [
                17.521,
                127.393
            ],
            [
                251.605,
                259.045
            ],
            [
                355.237,
                358.21500000000003
            ],
            [
                382.013,
                384.541
            ],
            [
                843.392,
                845.263
            ]
        ]
    },
    "B": {
        "duration": 234.8009999999998,
        "intervals": [
            [
                1.612,
                12.845
            ],
            [
                131.25,
                156.792
            ],
            [
                173.531,
                208.173
            ],
            [
                220.236,
                224.024
            ],
            [
                284.734,
                289.41499999999996
            ],
            [
                379.728,
                379.794
            ],
            [
                463.406,
                464.248
            ],
            [
                621.235,
                623.545
            ],
            [
                627.278,
                628.884
            ],
            [
                639.24,
                643.128
            ],
            [
                646.009,
                666.413
            ],
            [
                681.494,
                682.596
            ],
            [
                686.181,
                694.1220000000001
            ],
            [
                697.327,
                698.9
            ],
            [
                701.119,
                702.299
            ],
            [
                705.338,
                707.913
            ],
            [
                710.672,
                711.7860000000001
            ],
            [
                721.389,
                721.443
            ],
            [
                727.282,
                728.365
            ],
            [
                871.732,
                875.595
            ],
            [
                880.7,
                907.399
            ],
            [
                916.896,
                919.301
            ],
            [
                974.049,
                988.372
            ],
            [
                992.073,
                1030.558
            ],
            [
                1112.41,
                1123.463
            ],
            [
                1132.52,
                1137.2089999999998
            ],
            [
                1139.638,
                1147.298
            ]
        ]
    },
    "C": {
        "duration": 266.7880000000001,
        "intervals": [
            [
                0.052,
                1.464
            ],
            [
                127.393,
                130.609
            ],
            [
                217.505,
                220.23499999999999
            ],
            [
                224.36,
                228.79100000000003
            ],
            [
                236.184,
                242.468
            ],
            [
                289.735,
                312.158
            ],
            [
                318.794,
                332.50199999999995
            ],
            [
                335.77,
                342.80899999999997
            ],
            [
                354.323,
                355.238
            ],
            [
                358.216,
                379.563
            ],
            [
                379.794,
                381.76
            ],
            [
                388.609,
                393.992
            ],
            [
                399.308,
                409.22499999999997
            ],
            [
                424.14,
                427.053
            ],
            [
                430.792,
                444.348
            ],
            [
                449.309,
                453.204
            ],
            [
                454.38,
                462.377
            ],
            [
                465.19,
                487.026
            ],
            [
                492.796,
                535.592
            ],
            [
                538.802,
                543.419
            ],
            [
                550.469,
                558.787
            ],
            [
                616.896,
                621.235
            ],
            [
                623.816,
                626.793
            ],
            [
                629.179,
                633.126
            ],
            [
                643.283,
                646.008
            ],
            [
                668.832,
                681.0899999999999
            ],
            [
                683.159,
                685.452
            ],
            [
                695.353,
                696.7299999999999
            ],
            [
                699.67,
                701.12
            ],
            [
                702.67,
                704.919
            ],
            [
                708.085,
                709.597
            ],
            [
                714.175,
                721.0310000000001
            ],
            [
                721.443,
                725.201
            ],
            [
                754.559,
                756.927
            ],
            [
                911.392,
                916.36
            ],
            [
                923.592,
                924.091
            ],
            [
                941.912,
                944.4200000000001
            ],
            [
                971.703,
                973.823
            ],
            [
                1137.358,
                1139.243
            ]
        ]
    },
    "D": {
        "duration": 115.94499999999996,
        "intervals": [
            [
                157.994,
                172.765
            ],
            [
                208.754,
                217.505
            ],
            [
                228.791,
                236.184
            ],
            [
                242.728,
                251.33800000000002
            ],
            [
                259.399,
                265.541
            ],
            [
                347.792,
                354.01
            ],
            [
                535.592,
                538.802
            ],
            [
                543.578,
                546.991
            ],
            [
                788.992,
                818.28
            ],
            [
                826.178,
                827.963
            ],
            [
                830.729,
                838.034
            ],
            [
                842.036,
                843.3929999999999
            ],
            [
                848.186,
                856.402
            ],
            [
                867.351,
                871.732
            ],
            [
                875.595,
                880.7
            ]
        ]
    },
    "E": {
        "duration": 229.9579999999998,