{
    "A": {
        "duration": 494.88799999999975,
        "intervals": [
            [
                0.908,
                41.772999999999996
            ],
            [
                43.122,
                161.134
            ],
            [
                163.482,
                167.304
            ],
            [
                170.146,
                172.886
            ],
            [
                175.004,
                190.853
            ],
            [
                193.774,
                244.833
            ],
            [
                303.634,
                332.96099999999996
            ],
            [
                423.424,
                430.738
            ],
            [
                434.4,
                451.847
            ],
            [
                512.499,
                530.457
            ],
            [
                531.775,
                533.262
            ],
            [
                560.009,
                576.696
            ],
            [
                577.999,
                599.543
            ],
            [
                605.61,
                621.8589999999999
            ],
            [
                624.095,
                645.908
            ],
            [
                713.041,
                732.4530000000001
            ],
            [
                733.384,
                741.592
            ],
            [
                758.096,
                762.138
            ],
            [
                777.139,
                788.435
            ],
            [
                830.269,
                840.945
            ],
            [
                850.623,
                859.322
            ],
            [
                899.22,
                902.4010000000001
            ],
            [
                929.085,
                976.286
            ]
        ]
    },
    "B": {
        "duration": 93.95799999999991,
        "intervals": [
            [
                337.595,
                423.424
            ],
            [
                431.128,
                434.4
            ],
            [
                773.791,
                776.874
            ],
            [
                802.904,
                804.678
            ]
        ]
    },
    "C": {
        "duration": 203.90699999999978,
        "intervals": [
            [
                41.772,
                41.905
            ],
            [
                162.128,
                162.69199999999998
            ],
            [
                168.306,
                169.514
            ],
            [
                173.917,
                174.626
            ],
            [
                192.593,
                193.184
            ],
            [
                257.754,
                267.678
            ],
            [
                280.324,
                280.332
            ],
            [
                282.725,
                303.026
            ],
            [
                452.547,
                512.499
            ],
            [
                530.638,
                530.937
            ],
            [
                533.485,
                560.0089999999999
            ],
            [
                732.453,
                732.925
            ],
            [
                801.325,
                802.6650000000001
            ],
            [
                805.121,
                808.65
            ],
            [
                826.97,
                830.269
            ],
            [
                840.945,
                850.333
            ],
            [
                859.322,
                899.22
            ],
            [
                902.944,
                928.712
            ]
        ]
    },
    "D": {
        "duration": 160.8689999999999,
        "intervals": [
            [
                244.833,
                257.46
            ],
            [
                268.059,
                279.993
            ],
            [
                280.333,
                282.726
            ],
            [
                576.907,
                577.349
            ],
            [
                599.543,
                605.61
            ],
            [
                622.011,
                623.5469999999999
            ],
            [
                645.908,
                713.0409999999999
            ],
            [
                741.592,
                758.096
            ],
            [
                762.137,
                773.792
            ],
            [
                788.766,
                801.324
            ],
            [
                808.95,
                826.97
            ]
        ]
    }
}