{
    "A": {
        "duration": 145.7430000000001,
        "intervals": [
            [
                390.992,
                404.695
            ],
            [
                412.082,
                447.382
            ],
            [
                529.71,
                562.4780000000001
            ],
            [
                612.392,
                636.65
            ],
            [
                900.393,
                906.912
            ],
            [
                1256.916,
                1277.353
            ],
            [
                1634.344,
                1641.528
            ],
            [
                1647.852,
                1653.4260000000002
            ]
        ]
    },
    "B": {
        "duration": 166.07000000000016,
        "intervals": [
            [
                661.603,
                739.0830000000001
            ],
            [
                745.684,
                761.343
            ],
            [
                845.925,
                852.606
            ],
            [
                1386.406,
                1411.536
            ],
            [
                1458.861,
                1465.8880000000001
            ],
            [
                1717.929,
                1752.022
            ]
        ]
    },
    "C": {
        "duration": 187.34399999999994,
        "intervals": [
            [
                770.393,
                845.925
            ],
            [
                882.497,
                890.392
            ],
            [
                894.392,
                900.393
            ],
            [
                1112.505,
                1120.949
            ],
            [
                1356.873,
                1363.874
            ],
            [
                1413.411,
                1430.191
            ],
            [
                1437.89,
                1443.0120000000002
            ],
            [
                1626.612,
                1634.344
            ],
            [
                1641.527,
                1647.516
            ],
            [
                1785.653,
                1832.501
            ]
        ]
    },
    "D": {
        "duration": 869.5710000000001,
        "intervals": [
            [
                0.069,
                134.524
            ],
            [
                166.364,
                234.08
            ],
            [
                234.593,
                241.122
            ],
            [
                381.52,
                389.104
            ],
            [
                404.695,
                411.565
            ],
            [
                447.694,
                528.782
            ],
            [
                562.478,
                578.84
            ],
            [
                580.574,
                606.1940000000001
            ],
            [
                636.65,
                660.722
            ],
            [
                761.343,
                770.393
            ],
            [
                853.181,
                879.002
            ],
            [
                906.911,
                924.75
            ],
            [
                928.868,
                935.4100000000001
            ],
            [
                939.426,
                951.568
            ],
            [
                953.139,
                971.368
            ],
            [
                974.393,
                979.967
            ],
            [
                982.636,
                1002.9290000000001
            ],
            [
                1005.691,
                1013.831
            ],
            [
                1228.667,
                1255.897
            ],
            [
                1277.353,
                1355.7
            ],
            [
                1363.875,
                1375.617
            ],
            [
                1376.792,
                1386.406
            ],
            [
                1452.992,
                1458.392
            ],
            [
                1506.094,
                1515.193
            ],
            [
                1517.611,
                1608.979
            ],
            [
                1611.338,
                1621.269
            ],
            [
                1659.845,
                1717.45
            ],
            [
                1752.217,
                1785.653
            ],
            [
                1832.689,
                1874.562
            ]
        ]
    },
    "E": {
        "duration": 363.69600000000065,
        "intervals": [
            [
                138.372,
                146.77200000000002
            ],
            [
                149.828,
                157.24699999999999
            ],
            [
                247.636,
                253.341
            ],
            [
                257.028,
                320.84999999999997
            ],
            [
                325.477,
                372.686
            ],
            [
                375.261,
                381.346
            ],
            [
                1019.79,
                1030.846
            ],
            [
                1033.906,
                1074.096
            ],
            [
                1079.85,
                1108.491
            ],
            [
                1121.582,
                1139.14
            ],
            [
                1148.089,
                1156.5529999999999
            ],
            [
                1158.543,
                1165.333
            ],
            [
                1168.445,
                1203.009
            ],
            [
                1205.466,
                1228.6670000000001
            ],
            [
                1430.192,
                1437.89
            ],
            [
                1446.304,
                1452.9920000000002
            ],
            [
                1465.887,
                1506.0929999999998
            ]
        ]
    }
}