{
    "A": {
        "duration": 322.6609999999997,
        "intervals": [
            [
                0.211,
                7.7299999999999995
            ],
            [
                288.002,
                389.06699999999995
            ],
            [
                809.826,
                890.749
            ],
            [
                1216.222,
                1253.991
            ],
            [
                1496.305,
                1497.1960000000001
            ],
            [
                2033.279,
                2111.147
            ],
            [
                2122.193,
                2136.192
            ],
            [
                2774.574,
                2777.201
            ]
        ]
    },
    "B": {
        "duration": 389.05000000000007,
        "intervals": [
            [
                70.249,
                148.279
            ],
            [
                275.327,
                287.74399999999997
            ],
            [
                392.254,
                394.65500000000003
            ],
            [
                395.899,
                404.198
            ],
            [
                405.893,
                425.515
            ],
            [
                427.96,
                429.858
            ],
            [
                434.692,
                442.699
            ],
            [
                444.85,
                451.116
            ],
            [
                531.19,
                535.075
            ],
            [
                537.211,
                549.641
            ],
            [
                555.017,
                562.03
            ],
            [
                750.843,
                768.0939999999999
            ],
            [
                769.719,
                794.279
            ],
            [
                796.524,
                803.203
            ],
            [
                805.894,
                809.283
            ],
            [
                890.749,
                902.0169999999999
            ],
            [
                1156.732,
                1159.327
            ],
            [
                1291.967,
                1300.8470000000002
            ],
            [
                1309.65,
                1334.059
            ],
            [
                1442.605,
                1447.7050000000002
            ],
            [
                1451.235,
                1461.294
            ],
            [
                1553.48,
                1568.1109999999999
            ],
            [
                1572.114,
                1574.748
            ],
            [
                1683.275,
                1687.558
            ],
            [
                1689.749,
                1713.7910000000002
            ],
            [
                1714.649,
                1717.7289999999998
            ],
            [
                1827.792,
                1829.7359999999999
            ],
            [
                1975.274,
                1975.8039999999999
            ],
            [
                2004.114,
                2027.7259999999999
            ],
            [
                2032.207,
                2032.654
            ],
            [
                2209.883,
                2222.262
            ],
            [
                2374.22,
                2388.0370000000003
            ],
            [
                2755.99,
                2763.8419999999996
            ],
            [
                2769.233,
                2774.574
            ]
        ]
    },
    "C": {
        "duration": 279.9700000000006,
        "intervals": [
            [
                15.378,
                21.012
            ],
            [
                21.374,
                33.07
            ],
            [
                34.595,
                42.822
            ],
            [
                47.265,
                69.87599999999999
            ],
            [
                1464.677,
                1495.478
            ],
            [
                1497.886,
                1549.227
            ],
            [
                2225.031,
                2372.862
            ],
            [
                2779.267,
                2781.096
            ]
        ]
    },
    "D": {
        "duration": 491.4409999999995,
        "intervals": [
            [
                9.575,
                11.529
            ],
            [
                568.607,
                626.5419999999999
            ],
            [
                629.23,
                732.07
            ],
            [
                744.682,
                750.2339999999999
            ],
            [
                902.018,
                1004.243
            ],
            [
                1012.525,
                1013.762
            ],
            [
                1023.935,
                1043.979
            ],
            [
                1061.794,
                1066.698
            ],
            [
                2393.54,
                2564.868
            ],
            [
                2591.718,
                2598.144
            ],
            [
                2602.726,
                2615.084
            ],
            [
                2622.89,
                2625.192
            ],
            [
                2629.903,
                2632.2389999999996
            ]
        ]
    },
    "E": {
        "duration": 300.0059999999997,
        "intervals": [
            [
                7.73,
                9.296000000000001
            ],
            [
                12.015,
                15.379
            ],
            [
                626.542,
                628.643
            ],
            [
                1014.655,
                1015.193
            ],
            [
                1579.635,
                1683.275
            ],
            [
                2142.349,
                2209.882
            ],
            [
                2391.41,
                2392.227
            ],
            [
                2625.191,
                2628.3819999999996
            ],
            [
                2633.541,
                2750.797
            ]
        ]
    },
    "F": {
        "duration": 425.157,
        "intervals": [
            [
                44.432,
                45.649
            ],
            [
                149.037,
                275.022
            ],
            [
                389.303,
                389.608
            ],
            [
                1016.007,
                1018.106
            ],
            [
                1066.697,
                1156.378
            ],
            [
                1159.328,
                1193.3200000000002
            ],
            [
                1197.671,
                1215.837
            ],
            [
                1253.991,
                1289.935
            ],
            [
                1891.424,
                1896.944
            ],
            [
                1901.478,
                1974.7160000000001
            ],
            [
                1975.804,
                2004.114
            ],
            [
                2111.493,
                2122.1929999999998
            ]
        ]
    },
    "G": {
        "duration": 184.76399999999984,
        "intervals": [
            [
                33.548,
                33.56
            ],
            [
                452.525,
                531.1899999999999
            ],
            [
                535.43,
                536.895
            ],
            [
                1719.252,
                1810.6809999999998
            ],
            [
                1811.06,
                1824.253
            ]
        ]
    },
    "H": {
        "duration": 154.77899999999966,