{
    "A": {
        "duration": 342.81499999999994,
        "intervals": [
            [
                631.106,
                634.496
            ],
            [
                643.734,
                747.1129999999999
            ],
            [
                787.598,
                792.5179999999999
            ],
            [
                861.236,
                936.446
            ],
            [
                976.237,
                979.111
            ],
            [
                981.153,
                991.795
            ],
            [
                1684.812,
                1685.8139999999999
            ],
            [
                1792.808,
                1895.9109999999998
            ],
            [
                1912.619,
                1947.3600000000001
            ],
            [
                1964.527,
                1968.0810000000001
            ]
        ]
    },
    "B": {
        "duration": 318.9980000000004,
        "intervals": [
            [
                369.433,
                564.923
            ],
            [
                568.871,
                572.283
            ],
            [
                580.483,
                602.805
            ],
            [
                1733.187,
                1784.656
            ],
            [
                2130.44,
                2176.7450000000003
            ]
        ]
    },
    "C": {
        "duration": 281.39899999999886,
        "intervals": [
            [
                792.518,
                795.429
            ],
            [
                797.234,
                802.865
            ],
            [
                969.368,
                976.2379999999999
            ],
            [
                979.506,
                980.466
            ],
            [
                1002.458,
                1005.7919999999999
            ],
            [
                1015.691,
                1071.157
            ],
            [
                1096.809,
                1167.907
            ],
            [
                1170.995,
                1174.0729999999999
            ],
            [
                1187.809,
                1189.529
            ],
            [
                1194.522,
                1210.4189999999999
            ],
            [
                2216.978,
                2273.9719999999998
            ],
            [
                2274.507,
                2280.12
            ],
            [
                2293.842,
                2314.594
            ],
            [
                2354.655,
                2385.438
            ],
            [
                2510.357,
                2510.649
            ]
        ]
    },
    "D": {
        "duration": 885.5290000000006,
        "intervals": [
            [
                1.011,
                1.18
            ],
            [
                7.798,
                244.954
            ],
            [
                328.617,
                363.233
            ],
            [
                566.668,
                568.872
            ],
            [
                572.665,
                575.564
            ],
            [
                604.211,
                624.948
            ],
            [
                635.858,
                639.395
            ],
            [
                747.525,
                787.599
            ],
            [
                795.709,
                797.2349999999999
            ],
            [
                805.656,
                855.312
            ],
            [
                936.699,
                969.027
            ],
            [
                991.794,
                1002.4580000000001
            ],
            [
                1005.792,
                1011.173
            ],
            [
                1071.158,
                1095.52
            ],
            [
                1167.907,
                1170.995
            ],
            [
                1174.073,
                1187.8090000000002
            ],
            [
                1193.113,
                1194.227
            ],
            [
                1210.418,
                1236.279
            ],
            [
                1313.992,
                1336.5220000000002
            ],
            [
                1429.993,
                1452.001
            ],
            [
                1661.158,
                1684.812
            ],
            [
                1686.428,
                1727.516
            ],
            [
                1786.107,
                1787.8419999999999
            ],
            [
                1895.911,
                1909.7350000000001
            ],
            [
                1947.822,
                1960.432
            ],
            [
                1969.01,
                1969.211
            ],
            [
                2020.672,
                2055.036
            ],
            [
                2115.906,
                2125.441
            ],
            [
                2178.328,
                2211.4
            ],
            [
                2274.32,
                2274.507
            ],
            [
                2280.422,
                2293.8419999999996
            ],
            [
                2314.594,
                2349.2180000000003
            ],
            [
                2385.438,
                2499.007
            ]
        ]
    },
    "E": {
        "duration": 229.58400000000006,
        "intervals": [
            [
                4.231,
                5.211
            ],
            [
                1236.981,
                1313.992
            ],
            [
                1337.28,
                1360.285
            ],
            [
                1362.832,
                1429.992
            ],
            [
                1454.06,
                1454.6689999999999
            ],
            [
                1539.754,
                1542.589
            ],
            [
                1558.037,
                1559.357
            ],
            [
                1651.322,
                1654.608
            ],
            [
                1961.709,
                1964.527
            ],
            [
                1969.647,
                2019.91
            ],
            [
                2177.047,
                2177.344
            ]
        ]
    },
    "F": {
        "duration": 327.045,
        "intervals": [
            [
                251.012,
                327.77
            ],
            [
                1360.285,
                1362.612
            ],
            [
                1457.058,
                1539.3980000000001
            ],
            [
                1542.878,
                1557.5629999999999
            ],
            [
                1560.149,
                1651.004
            ],
            [
                1654.987,
                1660.629
            ],
            [
                2059.379,
                2113.817
            ]
        ]
    }
}