{
    "A": {
        "duration": 49.043000000000006,
        "intervals": [
            [
                283.238,
                307.767
            ],
            [
                341.601,
                366.115
            ]
        ]
    },
    "B": {
        "duration": 569.5299999999997,
        "intervals": [
            [
                0.061,
                104.117
            ],
            [
                117.919,
                120.087
            ],
            [
                143.24,
                215.01299999999998
            ],
            [
                218.29,
                280.937
            ],
            [
                309.42,
                338.645
            ],
            [
                367.057,
                596.482
            ],
            [
                613.459,
                616.012
            ],
            [
                622.004,
                651.193
            ],
            [
                685.552,
                724.0459999999999
            ]
        ]
    },
    "C": {
        "duration": 87.97600000000013,
        "intervals": [
            [
                105.119,
                117.58
            ],
            [
                120.4,
                142.98499999999999
            ],
            [
                216.086,
                216.845
            ],
            [
                601.31,
                613.4590000000001
            ],
            [
                616.341,
                622.004
            ],
            [
                651.193,
                685.552
            ]
        ]
    }
}