{
    "A": {
        "duration": 235.16199999999958,
        "intervals": [
            [
                16.077,
                22.802
            ],
            [
                24.702,
                45.959999999999994
            ],
            [
                47.289,
                69.687
            ],
            [
                69.999,
                131.90200000000002
            ],
            [
                138.567,
                147.191
            ],
            [
                152.513,
                152.528
            ],
            [
                155.505,
                164.81799999999998
            ],
            [
                169.354,
                174.244
            ],
            [
                229.507,
                235.36599999999999
            ],
            [
                305.456,
                306.992
            ],
            [
                415.992,
                417.269
            ],
            [
                430.257,
                455.54400000000004
            ],
            [
                502.303,
                502.349
            ],
            [
                550.49,
                554.405
            ],
            [
                608.413,
                610.937
            ],
            [
                663.947,
                672.7149999999999
            ],
            [
                778.847,
                783.256
            ],
            [
                784.62,
                787.313
            ],
            [
                889.625,
                897.6189999999999
            ],
            [
                977.397,
                982.996
            ],
            [
                1044.098,
                1049.1879999999999
            ],
            [
                1064.399,
                1067.079
            ],
            [
                1073.117,
                1077.385
            ],
            [
                1080.64,
                1083.72
            ],
            [
                1090.675,
                1090.878
            ],
            [
                1163.492,
                1163.873
            ],
            [
                1169.088,
                1170.443
            ],
            [
                1232.672,
                1234.7160000000001
            ],
            [
                1238.802,
                1242.0369999999998
            ],
            [
                1250.714,
                1250.9199999999998
            ],
            [
                1254.155,
                1256.6979999999999
            ],
            [
                1257.093,
                1260.122
            ],
            [
                1269.812,
                1271.827
            ]
        ]
    },
    "B": {
        "duration": 126.09499999999991,
        "intervals": [
            [
                179.356,
                229.507
            ],
            [
                424.359,
                426.072
            ],
            [
                503.786,
                505.411
            ],
            [
                506.419,
                526.271
            ],
            [
                530.192,
                534.03
            ],
            [
                538.869,
                539.082
            ],
            [
                578.834,
                608.4129999999999
            ],
            [
                865.504,
                881.209
            ],
            [
                1037.055,
                1040.4740000000002
            ]
        ]
    },
    "C": {
        "duration": 171.49599999999998,
        "intervals": [
            [
                0.01,
                10.79
            ],
            [
                235.815,
                254.107
            ],
            [
                260.282,
                305.154
            ],
            [
                475.401,
                496.54999999999995
            ],
            [
                536.284,
                538.641
            ],
            [
                554.649,
                575.034
            ],
            [
                787.679,
                791.918
            ],
            [
                819.875,
                854.9970000000001
            ],
            [
                947.01,
                952.837
            ],
            [
                1028.157,
                1036.6299999999999
            ]
        ]
    },
    "D": {
        "duration": 96.09499999999991,
        "intervals": [
            [
                255.38,
                260.282
            ],
            [
                348.27,
                370.909
            ],
            [
                371.994,
                415.41700000000003
            ],
            [
                455.544,
                463.907
            ],
            [
                678.289,
                681.8679999999999
            ],
            [
                936.375,
                939.277
            ],
            [
                982.996,
                990.154
            ],
            [
                1194.792,
                1197.9209999999998
            ]
        ]
    },
    "E": {
        "duration": 160.80800000000033,
        "intervals": [
            [
                612.809,
                663.947
            ],
            [
                673.075,
                678.2890000000001
            ],
            [
                681.868,
                690.791
            ],
            [
                698.212,
                716.007
            ],
            [
                792.237,
                798.792
            ],
            [
                801.065,
                803.797
            ],
            [
                907.195,
                933.357
            ],
            [
                952.837,
                974.609
            ],
            [
                1003.652,
                1004.3810000000001
            ],
            [
                1040.474,
                1044.099
            ],
            [
                1202.405,
                1213.409
            ],
            [
                1217.256,
                1222.4150000000002
            ]
        ]
    },
    "F": {
        "duration": 102.49299999999998,
        "intervals": [
            [
                10.79,
                13.190999999999999
            ],
            [
                307.797,
                348.27
            ],
            [
                718.991,
                739.405
            ],
            [
                743.617,
                746.251
            ],
            [
                757.991,
                770.9920000000001
            ],
            [
                1004.587,
                1028.157
            ]
        ]
    },
    "G": {
        "duration": 251.74299999999994,