{
    "A": {
        "duration": 127.43700000000035,
        "intervals": [
            [
                1198.618,
                1268.509
            ],
            [
                1270.792,
                1276.066
            ],
            [
                1277.331,
                1283.5140000000001
            ],
            [
                1313.059,
                1321.4089999999999
            ],
            [
                1359.089,
                1363.4969999999998
            ],
            [
                1375.599,
                1376.932
            ],
            [
                1385.94,
                1392.6290000000001
            ],
            [
                1804.133,
                1825.635
            ],
            [
                1828.386,
                1832.193
            ]
        ]
    },
    "B": {
        "duration": 151.09499999999974,
        "intervals": [
            [
                400.41,
                413.717
            ],
            [
                413.993,
                418.099
            ],
            [
                460.547,
                463.665
            ],
            [
                490.168,
                495.055
            ],
            [
                873.374,
                875.254
            ],
            [
                904.534,
                905.822
            ],
            [
                929.217,
                930.808
            ],
            [
                933.976,
                938.576
            ],
            [
                940.975,
                942.916
            ],
            [
                944.534,
                948.429
            ],
            [
                968.119,
                970.291
            ],
            [
                972.604,
                977.999
            ],
            [
                1164.616,
                1166.995
            ],
            [
                1268.848,
                1270.792
            ],
            [
                1283.514,
                1293.354
            ],
            [
                1294.061,
                1312.647
            ],
            [
                1321.549,
                1359.089
            ],
            [
                1363.497,
                1375.326
            ],
            [
                1376.933,
                1385.6299999999999
            ],
            [
                1503.384,
                1506.94
            ],
            [
                1695.079,
                1699.5929999999998
            ],
            [
                1801.01,
                1803.99
            ],
            [
                2022.057,
                2023.107
            ]
        ]
    },
    "C": {
        "duration": 26.799,
        "intervals": [
            [
                0.068,
                0.355
            ],
            [
                131.25,
                156.387
            ],
            [
                2017.211,
                2018.586
            ]
        ]
    },
    "D": {
        "duration": 83.344,
        "intervals": [
            [
                33.549,
                71.30499999999999
            ],
            [
                119.774,
                128.237
            ],
            [
                157.829,
                194.954
            ]
        ]
    },
    "E": {
        "duration": 52.42799999999971,
        "intervals": [
            [
                156.836,
                156.961
            ],
            [
                288.449,
                330.453
            ],
            [
                1694.704,
                1695.079
            ],
            [
                1699.593,
                1709.5169999999998
            ]
        ]
    },
    "F": {
        "duration": 165.47200000000018,
        "intervals": [
            [
                201.768,
                201.866
            ],
            [
                248.847,
                249.14100000000002
            ],
            [
                361.365,
                396.466
            ],
            [
                418.37,
                460.547
            ],
            [
                463.666,
                490.168
            ],
            [
                495.055,
                537.666
            ],
            [
                544.16,
                548.728
            ],
            [
                1144.218,
                1146.41
            ],
            [
                1598.657,
                1599.491
            ],
            [
                1655.331,
                1657.628
            ],
            [
                1678.992,
                1684.645
            ],
            [
                1690.138,
                1691.1399999999999
            ],
            [
                1770.788,
                1771.073
            ],
            [
                1877.378,
                1879.2359999999999
            ]
        ]
    },
    "G": {
        "duration": 234.2559999999996,
        "intervals": [
            [
                1.487,
                3.358
            ],
            [
                74.017,
                118.181
            ],
            [
                202.817,
                203.59300000000002
            ],
            [
                672.467,
                722.408
            ],
            [
                726.359,
                784.591
            ],
            [
                820.383,
                844.332
            ],
            [
                875.254,
                892.033
            ],
            [
                1489.821,
                1492.855
            ],
            [
                1931.459,
                1954.9959999999999
            ],
            [
                1957.986,
                1966.9499999999998
            ],
            [
                1972.792,
                1975.801
            ]
        ]
    },
    "H": {
        "duration": 171.8879999999997,