{
    "A": {
        "duration": 165.7639999999999,
        "intervals": [
            [
                0.041,
                1.0479999999999998
            ],
            [
                17.191,
                19.276999999999997
            ],
            [
                26.624,
                33.528999999999996
            ],
            [
                38.311,
                64.15299999999999
            ],
            [
                66.049,
                71.75399999999999
            ],
            [
                72.738,
                77.946
            ],
            [
                86.147,
                86.486
            ],
            [
                95.249,
                107.425
            ],
            [
                111.078,
                117.065
            ],
            [
                123.128,
                125.852
            ],
            [
                154.978,
                157.412
            ],
            [
                158.394,
                164.941
            ],
            [
                175.37,
                179.61
            ],
            [
                181.448,
                190.81
            ],
            [
                193.372,
                196.57600000000002
            ],
            [
                197.306,
                205.53699999999998
            ],
            [
                207.213,
                237.379
            ],
            [
                238.532,
                242.288
            ],
            [
                246.51,
                253.929
            ],
            [
                256.971,
                262.914
            ],
            [
                271.743,
                272.512
            ],
            [
                274.337,
                278.397
            ],
            [
                281.809,
                284.129
            ],
            [
                287.592,
                288.358
            ],
            [
                372.045,
                376.161
            ],
            [
                507.173,
                507.737
            ],
            [
                1049.682,
                1052.144
            ],
            [
                1260.149,
                1260.36
            ],
            [
                1362.439,
                1363.654
            ]
        ]
    },
    "B": {
        "duration": 103.59400000000011,
        "intervals": [
            [
                292.297,
                299.74100000000004
            ],
            [
                305.795,
                367.393
            ],
            [
                954.096,
                955.147
            ],
            [
                996.594,
                1023.428
            ],
            [
                1027.227,
                1028.351
            ],
            [
                1155.124,
                1160.6670000000001
            ]
        ]
    },
    "C": {
        "duration": 74.28899999999993,
        "intervals": [
            [
                392.199,
                441.46
            ],
            [
                454.086,
                479.114
            ]
        ]
    },
    "D": {
        "duration": 155.43900000000014,
        "intervals": [
            [
                4.69,
                5.149
            ],
            [
                524.394,
                613.6210000000001
            ],
            [
                634.811,
                661.3000000000001
            ],
            [
                704.101,
                742.837
            ],
            [
                1296.611,
                1297.036
            ],
            [
                1311.576,
                1311.679
            ]
        ]
    },
    "E": {
        "duration": 267.79500000000047,
        "intervals": [
            [
                11.294,
                11.296000000000001
            ],
            [
                748.563,
                749.722
            ],
            [
                789.942,
                809.037
            ],
            [
                816.21,
                824.71
            ],
            [
                826.924,
                840.659
            ],
            [
                840.976,
                860.598
            ],
            [
                869.392,
                871.0070000000001
            ],
            [
                876.079,
                877.137
            ],
            [
                878.649,
                886.572
            ],
            [
                911.966,
                954.0959999999999
            ],
            [
                955.518,
                956.591
            ],
            [
                960.596,
                961.639
            ],
            [
                964.081,
                996.594
            ],
            [
                1023.811,
                1027.227
            ],
            [
                1031.066,
                1031.373
            ],
            [
                1032.563,
                1040.6080000000002
            ],
            [
                1043.614,
                1045.867
            ],
            [
                1058.024,
                1082.5549999999998
            ],
            [
                1083.864,
                1122.0400000000002
            ],
            [
                1125.193,
                1128.919
            ],
            [
                1132.507,
                1134.092
            ],
            [
                1140.18,
                1141.7930000000001
            ],
            [
                1146.174,
                1153.33
            ],
            [
                1163.067,
                1171.21
            ],
            [
                1181.434,
                1191.818
            ],
            [
                1206.966,
                1215.958
            ]
        ]
    },
    "F": {
        "duration": 451.22600000000057,