{
    "A": {
        "duration": 416.085,
        "intervals": [
            [
                41.771,
                42.709
            ],
            [
                51.038,
                137.64600000000002
            ],
            [
                178.774,
                231.47199999999998
            ],
            [
                249.364,
                293.636
            ],
            [
                310.394,
                390.295
            ],
            [
                398.339,
                514.4599999999999
            ],
            [
                540.793,
                575.864
            ],
            [
                597.491,
                597.967
            ]
        ]
    },
    "B": {
        "duration": 164.96599999999995,
        "intervals": [
            [
                2.147,
                40.008
            ],
            [
                42.886,
                49.300000000000004
            ],
            [
                137.918,
                177.749
            ],
            [
                232.392,
                248.236
            ],
            [
                294.038,
                308.87
            ],
            [
                391.112,
                397.143
            ],
            [
                515.165,
                539.596
            ],
            [
                576.931,
                596.653
            ]
        ]
    }
}