{
    "A": {
        "duration": 192.33700000000056,
        "intervals": [
            [
                377.644,
                398.17999999999995
            ],
            [
                399.992,
                417.239
            ],
            [
                421.003,
                423.12399999999997
            ],
            [
                1158.99,
                1179.21
            ],
            [
                1183.675,
                1207.727
            ],
            [
                1291.81,
                1292.812
            ],
            [
                1350.137,
                1397.509
            ],
            [
                1441.537,
                1466.354
            ],
            [
                1475.612,
                1481.5520000000001
            ],
            [
                1517.724,
                1522.4089999999999
            ],
            [
                1817.988,
                1827.662
            ],
            [
                1879.767,
                1880.089
            ],
            [
                2159.298,
                2162.938
            ],
            [
                2169.298,
                2180.007
            ]
        ]
    },
    "B": {
        "duration": 342.10999999999996,
        "intervals": [
            [
                40.755,
                41.077000000000005
            ],
            [
                274.7,
                298.755
            ],
            [
                303.205,
                330.765
            ],
            [
                334.618,
                361.907
            ],
            [
                425.498,
                444.361
            ],
            [
                887.514,
                898.532
            ],
            [
                899.22,
                956.315
            ],
            [
                1207.727,
                1233.468
            ],
            [
                1240.356,
                1247.067
            ],
            [
                1280.168,
                1291.8100000000002
            ],
            [
                1312.382,
                1323.209
            ],
            [
                1326.945,
                1348.011
            ],
            [
                1481.763,
                1499.678
            ],
            [
                1504.99,
                1517.724
            ],
            [
                1827.662,
                1849.131
            ],
            [
                1983.261,
                1984.549
            ],
            [
                2003.265,
                2016.251
            ],
            [
                2040.009,
                2060.93
            ],
            [
                2068.428,
                2070.379
            ],
            [
                2115.281,
                2123.709
            ],
            [
                2135.786,
                2138.015
            ]
        ]
    },
    "C": {
        "duration": 311.94500000000005,
        "intervals": [
            [
                986.411,
                1131.144
            ],
            [
                1611.12,
                1777.542
            ],
            [
                1816.793,
                1817.5829999999999
            ]
        ]
    },
    "D": {
        "duration": 299.3639999999999,
        "intervals": [
            [
                554.501,
                755.419
            ],
            [
                1871.573,
                1872.304
            ],
            [
                1873.471,
                1879.517
            ],
            [
                1880.626,
                1968.56
            ],
            [
                1970.544,
                1973.8229999999999
            ],
            [
                2163.422,
                2163.878
            ]
        ]
    },
    "E": {
        "duration": 505.4159999999989,
        "intervals": [
            [
                80.021,
                143.849
            ],
            [
                159.629,
                163.304
            ],
            [
                169.973,
                209.312
            ],
            [
                224.304,
                264.619
            ],
            [
                446.494,
                514.451
            ],
            [
                775.248,
                879.192
            ],
            [
                898.864,
                898.8960000000001
            ],
            [
                1255.009,
                1280.168
            ],
            [
                1414.198,
                1441.238
            ],
            [
                1466.353,
                1475.612
            ],
            [
                1523.202,
                1583.425
            ],
            [
                1778.112,
                1803.877
            ],
            [
                1806.413,
                1816.793
            ],
            [
                1873.083,
                1873.102
            ],
            [
                2080.664,
                2104.4269999999997
            ],
            [
                2163.878,
                2168.574
            ],
            [
                2226.872,
                2226.894
            ]
        ]
    },
    "F": {
        "duration": 512.8019999999999,