{
    "A": {
        "duration": 72.41600000000003,
        "intervals": [
            [
                13.679,
                14.612
            ],
            [
                36.975,
                50.738
            ],
            [
                55.64,
                56.256
            ],
            [
                81.812,
                106.77900000000001
            ],
            [
                111.599,
                116.192
            ],
            [
                118.611,
                123.191
            ],
            [
                128.839,
                134.75900000000001
            ],
            [
                151.249,
                156.156
            ],
            [
                163.149,
                174.785
            ],
            [
                182.503,
                183.004
            ]
        ]
    },
    "B": {
        "duration": 275.40900000000045,
        "intervals": [
            [
                227.826,
                304.74899999999997
            ],
            [
                307.135,
                321.793
            ],
            [
                350.792,
                369.51
            ],
            [
                377.393,
                380.029
            ],
            [
                382.404,
                410.32399999999996
            ],
            [
                416.936,
                419.64099999999996
            ],
            [
                432.41,
                435.90000000000003
            ],
            [
                445.681,
                461.609
            ],
            [
                466.457,
                471.801
            ],
            [
                479.319,
                515.5920000000001
            ],
            [
                549.61,
                553.508
            ],
            [
                704.609,
                707.604
            ],
            [
                814.291,
                816.7650000000001
            ],
            [
                1585.097,
                1586.152
            ],
            [
                1825.217,
                1829.2530000000002
            ],
            [
                1833.997,
                1853.502
            ],
            [
                1855.253,
                1881.22
            ],
            [
                1885.692,
                1887.682
            ],
            [
                1890.321,
                1891.212
            ],
            [
                1898.368,
                1899.7549999999999
            ],
            [
                1963.793,
                1967.241
            ],
            [
                1977.191,
                1980.3590000000002
            ]
        ]
    },
    "C": {
        "duration": 190.2450000000006,
        "intervals": [
            [
                156.156,
                159.609
            ],
            [
                185.12,
                185.125
            ],
            [
                428.799,
                432.40999999999997
            ],
            [
                542.492,
                549.4019999999999
            ],
            [
                610.408,
                611.392
            ],
            [
                618.621,
                619.91
            ],
            [
                653.41,
                654.097
            ],
            [
                744.095,
                745.1560000000001
            ],
            [
                756.57,
                764.0150000000001
            ],
            [
                767.966,
                780.457
            ],
            [
                788.884,
                791.545
            ],
            [
                798.176,
                798.657
            ],
            [
                801.453,
                806.2520000000001
            ],
            [
                807.243,
                808.6859999999999
            ],
            [
                811.666,
                814.1080000000001
            ],
            [
                816.988,
                818.9520000000001
            ],
            [
                822.169,
                824.0219999999999
            ],
            [
                827.759,
                831.846
            ],
            [
                835.453,
                846.3050000000001
            ],
            [
                863.831,
                884.4810000000001
            ],
            [
                889.388,
                892.7510000000001
            ],
            [
                915.206,
                916.561
            ],
            [
                928.463,
                937.029
            ],
            [
                1275.364,
                1281.113
            ],
            [
                1327.877,
                1330.53
            ],
            [
                1370.292,
                1374.703
            ],
            [
                1622.428,
                1623.3020000000001
            ],
            [
                1640.684,
                1647.887
            ],
            [
                1662.309,
                1665.151
            ],
            [
                1710.642,
                1712.8880000000001
            ],
            [
                1720.71,
                1728.44
            ],
            [
                1752.41,
                1775.174
            ],
            [
                1778.932,
                1786.0049999999999
            ],
            [
                1909.519,
                1911.64
            ],
            [
                1914.983,
                1916.443
            ],
            [
                1922.408,
                1923.311
            ],
            [
                1924.439,
                1928.392
            ],
            [
                1939.11,
                1940.5069999999998
            ],
            [
                1944.658,
                1950.691
            ],
            [
                1971.751,
                1977.191
            ],
            [
                1980.359,
                1983.3
            ]
        ]
    },
    "D": {
        "duration": 585.7119999999999,