{
    "A": {
        "duration": 81.88099999999997,
        "intervals": [
            [
                74.15,
                74.435
            ],
            [
                76.04,
                96.79299999999999
            ],
            [
                117.928,
                153.387
            ],
            [
                173.608,
                198.992
            ]
        ]
    },
    "B": {
        "duration": 111.10800000000015,
        "intervals": [
            [
                0.829,
                1.3639999999999999
            ],
            [
                73.192,
                73.312
            ],
            [
                75.112,
                75.44399999999999
            ],
            [
                464.724,
                465.122
            ],
            [
                472.738,
                486.914
            ],
            [
                496.383,
                497.21099999999996
            ],
            [
                514.357,
                518.837
            ],
            [
                529.727,
                600.873
            ],
            [
                601.766,
                611.697
            ],
            [
                689.224,
                693.5930000000001
            ],
            [
                827.283,
                830.592
            ],
            [
                970.984,
                971.268
            ],
            [
                1123.592,
                1124.7920000000001
            ]
        ]
    },
    "C": {
        "duration": 243.78800000000007,
        "intervals": [
            [
                101.677,
                104.762
            ],
            [
                107.033,
                107.367
            ],
            [
                108.668,
                109.161
            ],
            [
                169.565,
                171.364
            ],
            [
                296.75,
                398.527
            ],
            [
                601.167,
                601.7660000000001
            ],
            [
                621.084,
                649.913
            ],
            [
                653.493,
                660.219
            ],
            [
                664.462,
                689.224
            ],
            [
                749.721,
                751.592
            ],
            [
                760.877,
                764.272
            ],
            [
                766.604,
                770.792
            ],
            [
                774.151,
                787.7339999999999
            ],
            [
                794.998,
                801.092
            ],
            [
                809.32,
                815.815
            ],
            [
                835.721,
                837.422
            ],
            [
                869.805,
                870.472
            ],
            [
                891.194,
                893.6239999999999
            ],
            [
                900.796,
                903.096
            ],
            [
                925.987,
                925.992
            ],
            [
                1059.931,
                1060.641
            ],
            [
                1100.346,
                1123.3909999999998
            ],
            [
                1124.791,
                1133.691
            ]
        ]
    },
    "D": {
        "duration": 216.82799999999963,
        "intervals": [
            [
                20.01,
                20.999000000000002
            ],
            [
                26.833,
                30.817
            ],
            [
                32.95,
                36.614000000000004
            ],
            [
                37.91,
                40.965999999999994
            ],
            [
                49.499,
                49.565000000000005
            ],
            [
                97.328,
                100.787
            ],
            [
                105.368,
                106.175
            ],
            [
                110.138,
                111.06400000000001
            ],
            [
                115.143,
                116.569
            ],
            [
                163.455,
                168.749
            ],
            [
                199.184,
                199.189
            ],
            [
                249.347,
                250.304
            ],
            [
                276.612,
                276.894
            ],
            [
                288.24,
                289.81600000000003
            ],
            [
                398.878,
                398.90299999999996
            ],
            [
                426.489,
                431.01
            ],
            [
                437.68,
                439.92499999999995
            ],
            [
                450.625,
                456.262
            ],
            [
                471.059,
                472.738
            ],
            [
                486.915,
                495.825
            ],
            [
                502.97,
                504.949
            ],
            [
                649.914,
                653.4929999999999
            ],
            [
                660.219,
                660.82
            ],
            [
                663.058,
                664.462
            ],
            [
                693.593,
                724.459
            ],
            [
                726.7,
                727.157
            ],
            [
                735.969,
                736.6980000000001
            ],
            [
                758.4,
                760.877
            ],
            [
                771.09,
                771.363
            ],
            [
                792.194,
                794.998
            ],
            [
                823.829,
                827.2829999999999
            ],
            [
                830.593,
                835.487
            ],
            [
                837.422,
                844.415
            ],
            [
                859.629,
                864.0440000000001
            ],
            [
                871.597,
                872.4979999999999
            ],
            [
                879.736,
                883.9780000000001
            ],
            [
                887.171,
                890.6930000000001
            ],
            [
                893.624,
                900.409
            ],
            [
                903.535,
                925.762
            ],
            [
                925.992,
                958.014
            ],
            [
                1064.505,
                1069.4209999999998
            ],
            [
                1077.157,
                1085.24
            ],
            [
                1092.277,
                1100.347
            ],
            [
                1133.691,
                1142.209
            ],
            [
                1144.302,
                1145.4979999999998
            ],
            [
                1150.748,
                1151.539
            ],
            [
                1160.808,
                1161.93
            ]
        ]
    },
    "E": {
        "duration": 305.6760000000002,