{
    "A": {
        "duration": 329.90000000000015,
        "intervals": [
            [
                0.525,
                50.724
            ],
            [
                55.372,
                56.182
            ],
            [
                58.99,
                60.55
            ],
            [
                64.22,
                66.477
            ],
            [
                87.411,
                93.619
            ],
            [
                94.986,
                107.251
            ],
            [
                109.023,
                111.392
            ],
            [
                115.025,
                116.711
            ],
            [
                134.798,
                140.27
            ],
            [
                141.517,
                148.64499999999998
            ],
            [
                151.139,
                209.132
            ],
            [
                210.976,
                250.61100000000002
            ],
            [
                252.337,
                261.234
            ],
            [
                264.813,
                271.311
            ],
            [
                302.852,
                317.497
            ],
            [
                319.209,
                337.55199999999996
            ],
            [
                341.574,
                342.377
            ],
            [
                343.254,
                348.70000000000005
            ],
            [
                367.715,
                373.402
            ],
            [
                376.974,
                388.117
            ],
            [
                391.296,
                401.367
            ],
            [
                407.715,
                409.26099999999997
            ],
            [
                421.014,
                423.601
            ],
            [
                432.393,
                434.978
            ],
            [
                497.48,
                520.5690000000001
            ],
            [
                526.935,
                527.774
            ],
            [
                530.834,
                535.194
            ],
            [
                537.811,
                539.433
            ],
            [
                541.215,
                545.732
            ],
            [
                556.873,
                558.307
            ],
            [
                563.991,
                566.639
            ],
            [
                628.636,
                631.782
            ],
            [
                638.766,
                639.9219999999999
            ],
            [
                643.672,
                644.052
            ],
            [
                653.403,
                664.279
            ]
        ]
    },
    "B": {
        "duration": 280.3710000000001,
        "intervals": [
            [
                53.433,
                54.092999999999996
            ],
            [
                56.452,
                58.989999999999995
            ],
            [
                62.36,
                64.22
            ],
            [
                67.159,
                87.033
            ],
            [
                93.619,
                94.66
            ],
            [
                107.976,
                109.022
            ],
            [
                111.871,
                114.799
            ],
            [
                118.954,
                134.435
            ],
            [
                140.27,
                141.163
            ],
            [
                149.291,
                149.963
            ],
            [
                209.792,
                210.465
            ],
            [
                251.284,
                252.033
            ],
            [
                262.141,
                263.72700000000003
            ],
            [
                277.931,
                302.691
            ],
            [
                318.752,
                319.209
            ],
            [
                339.041,
                341.105
            ],
            [
                342.687,
                343.254
            ],
            [
                351.665,
                366.145
            ],
            [
                373.402,
                375.454
            ],
            [
                388.927,
                391.072
            ],
            [
                402.707,
                407.262
            ],
            [
                409.568,
                420.77299999999997
            ],
            [
                423.601,
                431.718
            ],
            [
                435.596,
                497.169
            ],
            [
                521.227,
                526.225
            ],
            [
                528.802,
                530.609
            ],
            [
                535.55,
                537.8109999999999
            ],
            [
                539.963,
                541.2149999999999
            ],
            [
                546.654,
                555.466
            ],
            [
                558.905,
                563.991
            ],
            [
                571.76,
                628.636
            ],
            [
                632.473,
                637.743
            ],
            [
                640.259,
                643.106
            ],
            [
                644.217,
                653.403
            ]
        ]
    }
}