{
    "A": {
        "duration": 62.28999999999999,
        "intervals": [
            [
                163.22,
                225.51
            ]
        ]
    },
    "B": {
        "duration": 88.679,
        "intervals": [
            [
                153.893,
                154.608
            ],
            [
                267.793,
                300.392
            ],
            [
                368.098,
                384.68
            ],
            [
                629.399,
                633.7510000000001
            ],
            [
                637.781,
                640.1279999999999
            ],
            [
                675.545,
                675.592
            ],
            [
                676.758,
                707.528
            ],
            [
                730.316,
                731.124
            ],
            [
                813.95,
                814.409
            ]
        ]
    },
    "C": {
        "duration": 485.006,
        "intervals": [
            [
                0.01,
                65.45
            ],
            [
                68.715,
                152.354
            ],
            [
                154.609,
                161.969
            ],
            [
                226.667,
                266.794
            ],
            [
                300.392,
                358.12
            ],
            [
                358.793,
                367.261
            ],
            [
                385.121,
                434.66400000000004
            ],
            [
                525.471,
                572.544
            ],
            [
                612.028,
                629.399
            ],
            [
                640.541,
                642.7030000000001
            ],
            [
                650.12,
                654.61
            ],
            [
                655.876,
                675.545
            ],
            [
                707.528,
                720.66
            ],
            [
                814.683,
                850.289
            ],
            [
                879.731,
                912.929
            ]
        ]
    },
    "D": {
        "duration": 85.96800000000002,
        "intervals": [
            [
                438.993,
                524.961
            ]
        ]
    },
    "E": {
        "duration": 91.89900000000016,
        "intervals": [
            [
                65.45,
                67.50200000000001
            ],
            [
                358.776,
                358.793
            ],
            [
                645.766,
                650.12
            ],
            [
                654.61,
                655.572
            ],
            [
                675.886,
                676.505
            ],
            [
                725.294,
                729.865
            ],
            [
                731.519,
                810.8430000000001
            ]
        ]
    },
    "F": {
        "duration": 76.98699999999997,
        "intervals": [
            [
                573.765,
                612.027
            ],
            [
                634.328,
                637.781
            ],
            [
                643.044,
                645.766
            ],
            [
                810.842,
                813.9499999999999
            ],
            [
                850.289,
                879.731
            ]
        ]
    }
}