{
    "A": {
        "duration": 356.85199999999963,
        "intervals": [
            [
                546.605,
                640.021
            ],
            [
                642.084,
                646.784
            ],
            [
                1476.269,
                1476.279
            ],
            [
                1787.456,
                1909.737
            ],
            [
                1911.848,
                1982.693
            ],
            [
                2486.391,
                2486.757
            ],
            [
                2563.262,
                2628.4959999999996
            ]
        ]
    },
    "B": {
        "duration": 781.8759999999996,
        "intervals": [
            [
                1.212,
                44.921
            ],
            [
                46.772,
                124.981
            ],
            [
                316.504,
                354.313
            ],
            [
                470.472,
                540.731
            ],
            [
                648.066,
                699.1529999999999
            ],
            [
                843.991,
                883.8570000000001
            ],
            [
                1093.704,
                1118.8880000000001
            ],
            [
                1221.453,
                1271.785
            ],
            [
                1454.24,
                1463.6879999999999
            ],
            [
                1517.974,
                1565.8
            ],
            [
                1732.912,
                1781.731
            ],
            [
                1910.237,
                1911.017
            ],
            [
                1982.693,
                2039.06
            ],
            [
                2136.399,
                2148.608
            ],
            [
                2289.168,
                2289.315
            ],
            [
                2315.284,
                2343.812
            ],
            [
                2445.069,
                2485.333
            ],
            [
                2538.059,
                2558.583
            ],
            [
                2628.496,
                2749.0049999999997
            ]
        ]
    },
    "C": {
        "duration": 330.24500000000035,
        "intervals": [
            [
                127.977,
                127.99600000000001
            ],
            [
                823.554,
                824.1899999999999
            ],
            [
                1082.717,
                1085.3870000000002
            ],
            [
                1088.812,
                1088.837
            ],
            [
                1278.556,
                1329.978
            ],
            [
                1332.759,
                1416.131
            ],
            [
                1419.039,
                1454.24
            ],
            [
                1719.422,
                1720.688
            ],
            [
                2152.592,
                2175.212
            ],
            [
                2178.792,
                2185.279
            ],
            [
                2188.063,
                2288.947
            ],
            [
                2289.641,
                2315.284
            ]
        ]
    },
    "D": {
        "duration": 152.68399999999954,
        "intervals": [
            [
                127.995,
                128.93800000000002
            ],
            [
                1464.333,
                1475.869
            ],
            [
                1476.279,
                1516.1989999999998
            ],
            [
                1786.158,
                1786.1599999999999
            ],
            [
                2344.567,
                2436.071
            ],
            [
                2436.291,
                2445.07
            ]
        ]
    },
    "E": {
        "duration": 186.423,
        "intervals": [
            [
                125.545,
                126.227
            ],
            [
                130.763,
                316.504
            ]
        ]
    },
    "F": {
        "duration": 116.27200000000016,
        "intervals": [
            [
                356.28,
                467.222
            ],
            [
                1055.364,
                1058.488
            ],
            [
                1063.704,
                1065.883
            ],
            [
                1082.69,
                1082.717
            ]
        ]
    },
    "G": {
        "duration": 405.11399999999924,
        "intervals": [
            [
                45.35,
                46.072
            ],
            [
                700.633,
                823.554
            ],
            [
                824.83,
                843.992
            ],
            [
                894.659,
                896.411
            ],
            [
                942.74,
                944.79
            ],
            [
                981.84,
                983.772
            ],
            [
                995.726,
                997.746
            ],
            [
                999.13,
                1002.498
            ],
            [
                1006.116,
                1007.942
            ],
            [
                1010.374,
                1014.972
            ],
            [
                1016.558,
                1019.01
            ],
            [
                1037.91,
                1039.626
            ],
            [
                1041.02,
                1044.974
            ],
            [
                1085.994,
                1087.9789999999998
            ],
            [
                1273.507,
                1278.2340000000002
            ],
            [
                1330.567,
                1332.516
            ],
            [
                1416.508,
                1418.702
            ],
            [
                1571.253,
                1719.181
            ],
            [
                1720.688,
                1732.59
            ],
            [
                2096.741,
                2098.422
            ],
            [
                2102.06,
                2105.663
            ],
            [
                2119.164,
                2121.597
            ],
            [
                2134.296,
                2136.399
            ],
            [
                2149.916,
                2152.592
            ],
            [
                2175.211,
                2178.792
            ],
            [
                2185.596,
                2187.83
            ],
            [
                2490.414,
                2538.0589999999997
            ]
        ]
    },
    "H": {
        "duration": 240.41999999999962,