{
    "A": {
        "duration": 301.82499999999993,
        "intervals": [
            [
                49.57,
                209.362
            ],
            [
                246.697,
                295.287
            ],
            [
                296.593,
                311.575
            ],
            [
                608.21,
                611.46
            ],
            [
                617.281,
                619.3919999999999
            ],
            [
                781.13,
                854.23
            ]
        ]
    },
    "B": {
        "duration": 111.06399999999971,
        "intervals": [
            [
                234.812,
                235.42800000000003
            ],
            [
                327.254,
                327.56600000000003
            ],
            [
                350.298,
                421.40799999999996
            ],
            [
                490.857,
                490.887
            ],
            [
                598.253,
                598.344
            ],
            [
                611.461,
                617.105
            ],
            [
                646.672,
                646.905
            ],
            [
                652.075,
                654.5020000000001
            ],
            [
                668.312,
                673.491
            ],
            [
                673.993,
                688.329
            ],
            [
                961.976,
                963.991
            ],
            [
                967.791,
                976.597
            ],
            [
                997.201,
                997.466
            ]
        ]
    },
    "C": {
        "duration": 66.66000000000014,
        "intervals": [
            [
                490.887,
                531.9150000000001
            ],
            [
                535.545,
                537.509
            ],
            [
                549.244,
                567.024
            ],
            [
                619.834,
                622.808
            ],
            [
                673.739,
                673.9920000000001
            ],
            [
                778.201,
                780.398
            ],
            [
                1047.992,
                1048.456
            ]
        ]
    },
    "D": {
        "duration": 470.51399999999944,
        "intervals": [
            [
                0.032,
                45.235
            ],
            [
                210.335,
                234.488
            ],
            [
                235.929,
                242.45999999999998
            ],
            [
                295.488,
                296.593
            ],
            [
                312.302,
                326.709
            ],
            [
                327.837,
                348.992
            ],
            [
                421.408,
                488.19
            ],
            [
                531.915,
                535.319
            ],
            [
                537.509,
                547.68
            ],
            [
                567.812,
                597.4889999999999
            ],
            [
                599.009,
                603.492
            ],
            [
                623.499,
                645.842
            ],
            [
                647.114,
                651.7969999999999
            ],
            [
                656.114,
                666.3109999999999
            ],
            [
                688.33,
                776.255
            ],
            [
                854.229,
                890.085
            ],
            [
                947.403,
                958.468
            ],
            [
                964.307,
                967.792
            ],
            [
                976.597,
                996.7099999999999
            ],
            [
                998.317,
                1046.093
            ]
        ]
    },
    "E": {
        "duration": 59.60400000000004,
        "intervals": [
            [
                603.84,
                608.013
            ],
            [
                894.264,
                947.403
            ],
            [
                959.001,
                961.293
            ]
        ]
    }
}