{
    "A": {
        "duration": 127.733,
        "intervals": [
            [
                153.367,
                230.965
            ],
            [
                329.824,
                379.959
            ]
        ]
    },
    "B": {
        "duration": 62.230999999999995,
        "intervals": [
            [
                245.469,
                307.7
            ]
        ]
    },
    "C": {
        "duration": 401.835,
        "intervals": [
            [
                0.484,
                129.52
            ],
            [
                132.675,
                149.46200000000002
            ],
            [
                230.965,
                245.469
            ],
            [
                307.7,
                325.67499999999995
            ],
            [
                380.174,
                495.83500000000004
            ],
            [
                498.535,
                504.40000000000003
            ],
            [
                505.727,
                543.3770000000001
            ],
            [
                644.311,
                661.699
            ],
            [
                711.647,
                714.575
            ],
            [
                731.054,
                738.395
            ],
            [
                750.392,
                755.4060000000001
            ],
            [
                770.582,
                802.2679999999999
            ]
        ]
    },
    "D": {
        "duration": 99.90999999999997,
        "intervals": [
            [
                544.401,
                644.3109999999999
            ]
        ]
    },
    "E": {
        "duration": 92.98799999999994,
        "intervals": [
            [
                130.817,
                131.87
            ],
            [
                150.746,
                152.419
            ],
            [
                497.073,
                497.81899999999996
            ],
            [
                505.467,
                505.727
            ],
            [
                665.334,
                711.396
            ],
            [
                714.575,
                730.762
            ],
            [
                738.394,
                750.393
            ],
            [
                755.406,
                770.414
            ]
        ]
    }
}