{
    "A": {
        "duration": 80.57800000000006,
        "intervals": [
            [
                6.877,
                8.748
            ],
            [
                357.539,
                388.393
            ],
            [
                389.791,
                391.646
            ],
            [
                405.633,
                434.431
            ],
            [
                825.044,
                841.618
            ],
            [
                1293.467,
                1294.093
            ]
        ]
    },
    "B": {
        "duration": 82.7420000000001,
        "intervals": [
            [
                2.037,
                4.413
            ],
            [
                11.448,
                14.059000000000001
            ],
            [
                622.637,
                700.392
            ]
        ]
    },
    "C": {
        "duration": 261.24300000000005,
        "intervals": [
            [
                146.132,
                147.971
            ],
            [
                444.776,
                584.734
            ],
            [
                587.287,
                589.714
            ],
            [
                592.12,
                596.735
            ],
            [
                700.392,
                739.749
            ],
            [
                750.07,
                823.1170000000001
            ]
        ]
    },
    "D": {
        "duration": 221.1700000000001,
        "intervals": [
            [
                19.396,
                25.233
            ],
            [
                33.548,
                37.591
            ],
            [
                38.821,
                48.477
            ],
            [
                58.072,
                63.639
            ],
            [
                65.087,
                70.71000000000001
            ],
            [
                72.979,
                74.925
            ],
            [
                78.162,
                80.209
            ],
            [
                85.749,
                86.113
            ],
            [
                92.273,
                100.382
            ],
            [
                101.393,
                103.961
            ],
            [
                106.289,
                122.604
            ],
            [
                126.458,
                132.162
            ],
            [
                135.407,
                137.319
            ],
            [
                141.559,
                146.132
            ],
            [
                148.269,
                156.879
            ],
            [
                162.567,
                192.91
            ],
            [
                200.672,
                218.256
            ],
            [
                220.59,
                220.776
            ],
            [
                223.405,
                229.31300000000002
            ],
            [
                230.192,
                236.51299999999998
            ],
            [
                237.004,
                251.345
            ],
            [
                251.945,
                275.182
            ],
            [
                404.283,
                405.63300000000004
            ],
            [
                863.899,
                869.503
            ],
            [
                881.795,
                882.8140000000001
            ],
            [
                893.334,
                896.005
            ],
            [
                947.741,
                949.749
            ],
            [
                955.711,
                961.235
            ],
            [
                962.238,
                964.889
            ],
            [
                969.199,
                972.042
            ],
            [
                976.445,
                980.039
            ],
            [
                987.576,
                995.606
            ],
            [
                997.314,
                1002.1229999999999
            ],
            [
                1282.265,
                1282.538
            ]
        ]
    },
    "E": {
        "duration": 91.91499999999999,
        "intervals": [
            [
                0.066,
                2.037
            ],
            [
                10.096,
                11.447999999999999
            ],
            [
                27.334,
                28.868
            ],
            [
                841.619,
                846.994
            ],
            [
                863.592,
                863.611
            ],
            [
                1004.614,
                1086.278
            ]
        ]
    },
    "F": {
        "duration": 208.00099999999998,