{
    "A": {
        "duration": 44.44600000000002,
        "intervals": [
            [
                33.289,
                44.800999999999995
            ],
            [
                49.12,
                58.017
            ],
            [
                72.596,
                75.153
            ],
            [
                92.811,
                98.78500000000001
            ],
            [
                109.509,
                120.209
            ],
            [
                131.436,
                136.24200000000002
            ]
        ]
    },
    "B": {
        "duration": 192.40499999999994,
        "intervals": [
            [
                0.01,
                13.773
            ],
            [
                62.414,
                66.554
            ],
            [
                69.181,
                69.392
            ],
            [
                86.635,
                87.86500000000001
            ],
            [
                253.869,
                275.488
            ],
            [
                289.259,
                291.017
            ],
            [
                339.127,
                346.985
            ],
            [
                473.021,
                473.045
            ],
            [
                478.428,
                480.758
            ],
            [
                562.01,
                567.393
            ],
            [
                706.627,
                711.875
            ],
            [
                820.549,
                826.793
            ],
            [
                850.392,
                855.056
            ],
            [
                991.57,
                1026.846
            ],
            [
                1090.444,
                1098.8870000000002
            ],
            [
                1113.191,
                1122.568
            ],
            [
                1408.02,
                1416.031
            ],
            [
                1478.746,
                1479.823
            ],
            [
                1482.604,
                1489.074
            ],
            [
                1711.992,
                1743.4859999999999
            ],
            [
                1944.815,
                1947.761
            ],
            [
                1951.595,
                1966.434
            ]
        ]
    },
    "C": {
        "duration": 211.69500000000082,
        "intervals": [
            [
                66.984,
                68.747
            ],
            [
                69.392,
                71.616
            ],
            [
                121.232,
                123.31099999999999
            ],
            [
                277.811,
                281.552
            ],
            [
                283.817,
                289.00100000000003
            ],
            [
                291.23,
                293.322
            ],
            [
                296.499,
                299.37100000000004
            ],
            [
                302.913,
                309.62899999999996
            ],
            [
                310.056,
                314.803
            ],
            [
                318.29,
                339.127
            ],
            [
                355.612,
                358.403
            ],
            [
                554.545,
                562.011
            ],
            [
                567.393,
                571.335
            ],
            [
                696.858,
                700.505
            ],
            [
                847.0,
                850.392
            ],
            [
                920.209,
                926.3009999999999
            ],
            [
                988.797,
                991.57
            ],
            [
                1029.64,
                1030.0300000000002
            ],
            [
                1064.127,
                1072.47
            ],
            [
                1074.418,
                1077.466
            ],
            [
                1080.068,
                1081.912
            ],
            [
                1146.839,
                1147.0549999999998
            ],
            [
                1179.578,
                1183.542
            ],
            [
                1208.618,
                1214.998
            ],
            [
                1217.702,
                1228.715
            ],
            [
                1246.072,
                1250.078
            ],
            [
                1257.409,
                1262.0880000000002
            ],
            [
                1264.672,
                1277.875
            ],
            [
                1283.04,
                1290.208
            ],
            [
                1337.237,
                1338.884
            ],
            [
                1343.493,
                1344.504
            ],
            [
                1381.912,
                1384.8400000000001
            ],
            [
                1433.435,
                1473.401
            ],
            [
                1497.16,
                1499.6360000000002
            ],
            [
                1766.429,
                1769.326
            ],
            [
                1836.592,
                1840.922
            ],
            [
                1947.761,
                1950.314
            ],
            [
                1970.487,
                1974.9370000000001
            ],
            [
                1993.874,
                1996.699
            ]
        ]
    },
    "D": {
        "duration": 75.7970000000002,
        "intervals": [
            [
                420.996,
                472.87899999999996
            ],
            [
                739.149,
                741.2620000000001
            ],
            [
                797.182,
                800.444
            ],
            [
                1708.668,
                1708.791
            ],
            [
                1710.919,
                1711.9920000000002
            ],
            [
                1743.486,
                1760.8290000000002
            ]
        ]
    },
    "E": {
        "duration": 183.6710000000012,