{
    "A": {
        "duration": 495.5510000000006,
        "intervals": [
            [
                0.01,
                0.611
            ],
            [
                7.793,
                23.872
            ],
            [
                30.922,
                46.727
            ],
            [
                49.547,
                55.925
            ],
            [
                60.148,
                61.314
            ],
            [
                64.943,
                74.221
            ],
            [
                76.516,
                89.00699999999999
            ],
            [
                89.306,
                99.609
            ],
            [
                105.266,
                110.557
            ],
            [
                114.532,
                115.26899999999999
            ],
            [
                118.464,
                122.82799999999999
            ],
            [
                125.079,
                164.091
            ],
            [
                166.274,
                189.557
            ],
            [
                191.29,
                206.107
            ],
            [
                207.792,
                215.303
            ],
            [
                218.349,
                242.12
            ],
            [
                247.885,
                268.456
            ],
            [
                269.792,
                273.609
            ],
            [
                278.392,
                285.312
            ],
            [
                436.941,
                442.785
            ],
            [
                443.683,
                447.969
            ],
            [
                633.461,
                646.804
            ],
            [
                651.783,
                653.28
            ],
            [
                988.904,
                992.105
            ],
            [
                993.917,
                997.235
            ],
            [
                1001.383,
                1017.8140000000001
            ],
            [
                1024.058,
                1038.707
            ],
            [
                1042.592,
                1047.7179999999998
            ],
            [
                1050.443,
                1056.483
            ],
            [
                1064.742,
                1068.947
            ],
            [
                1071.392,
                1075.631
            ],
            [
                1087.592,
                1093.2030000000002
            ],
            [
                1102.206,
                1114.121
            ],
            [
                1118.44,
                1126.636
            ],
            [
                1304.034,
                1305.669
            ],
            [
                1309.404,
                1313.541
            ],
            [
                1319.374,
                1321.391
            ],
            [
                1331.525,
                1332.654
            ],
            [
                1416.705,
                1421.528
            ],
            [
                1426.012,
                1439.5910000000001
            ],
            [
                1442.146,
                1447.995
            ],
            [
                1519.923,
                1520.429
            ],
            [
                1526.869,
                1533.2440000000001
            ],
            [
                1536.725,
                1548.953
            ],
            [
                1552.625,
                1562.0690000000002
            ],
            [
                1563.192,
                1566.71
            ],
            [
                1573.072,
                1577.087
            ],
            [
                1810.863,
                1826.173
            ],
            [
                1829.993,
                1838.1709999999998
            ],
            [
                1840.501,
                1842.605
            ],
            [
                1852.676,
                1853.98
            ],
            [
                1959.36,
                1965.222
            ],
            [
                1976.597,
                1986.749
            ],
            [
                1990.327,
                1998.746
            ],
            [
                2001.809,
                2028.574
            ],
            [
                2032.415,
                2033.993
            ],
            [
                2038.112,
                2038.222
            ],
            [
                2041.64,
                2044.3929999999998
            ],
            [
                2049.076,
                2062.741
            ]
        ]
    },
    "B": {
        "duration": 297.3859999999995,
        "intervals": [
            [
                286.971,
                417.04900000000004
            ],
            [
                419.278,
                431.055
            ],
            [
                510.616,
                510.9
            ],
            [
                862.706,
                862.991
            ],
            [
                1133.826,
                1159.626
            ],
            [
                1162.952,
                1189.976
            ],
            [
                1196.242,
                1201.811
            ],
            [
                1203.756,
                1297.8069999999998
            ],
            [
                1659.005,
                1659.029
            ],
            [
                1760.606,
                1763.1
            ]
        ]
    },
    "C": {
        "duration": 278.8230000000001,
        "intervals": [
            [
                3.578,
                3.73
            ],
            [
                451.03,
                510.212
            ],
            [
                511.734,
                627.089
            ],
            [
                1159.976,
                1162.9530000000002
            ],
            [
                1189.976,
                1196.2420000000002
            ],
            [
                1202.087,
                1203.444
            ],
            [
                1855.351,
                1948.885
            ]
        ]
    },
    "D": {
        "duration": 546.991,
        "intervals": [
            [
                417.415,
                418.98900000000003
            ],
            [
                657.955,
                862.328
            ],
            [
                863.448,
                982.596
            ],
            [
                1517.947,
                1518.043
            ],
            [
                1581.971,
                1658.572
            ],
            [
                1659.029,
                1760.194
            ],
            [
                1763.427,
                1807.461
            ]
        ]
    },
    "E": {
        "duration": 222.6980000000005,