{
    "A": {
        "duration": 197.17800000000008,
        "intervals": [
            [
                10.555,
                10.581999999999999
            ],
            [
                61.521,
                62.024
            ],
            [
                68.793,
                69.69800000000001
            ],
            [
                199.436,
                253.721
            ],
            [
                261.259,
                272.661
            ],
            [
                291.322,
                308.276
            ],
            [
                317.193,
                328.361
            ],
            [
                357.75,
                362.591
            ],
            [
                446.992,
                451.177
            ],
            [
                470.392,
                473.445
            ],
            [
                489.996,
                507.938
            ],
            [
                511.82,
                515.792
            ],
            [
                532.101,
                562.262
            ],
            [
                568.991,
                606.7710000000001
            ]
        ]
    },
    "B": {
        "duration": 394.46500000000003,
        "intervals": [
            [
                0.349,
                9.167
            ],
            [
                10.582,
                60.348
            ],
            [
                62.925,
                67.29899999999999
            ],
            [
                70.389,
                194.685
            ],
            [
                253.92,
                261.009
            ],
            [
                272.661,
                290.545
            ],
            [
                308.276,
                317.19300000000004
            ],
            [
                328.361,
                357.25399999999996
            ],
            [
                362.591,
                372.527
            ],
            [
                444.192,
                446.992
            ],
            [
                451.533,
                470.392
            ],
            [
                473.445,
                489.996
            ],
            [
                508.145,
                511.5
            ],
            [
                515.793,
                528.216
            ],
            [
                562.262,
                568.992
            ],
            [
                607.721,
                681.495
            ]
        ]
    },
    "C": {
        "duration": 71.66500000000002,
        "intervals": [
            [
                372.527,
                444.192
            ]
        ]
    }
}