{
    "A": {
        "duration": 221.4770000000001,
        "intervals": [
            [
                2.018,
                4.792
            ],
            [
                252.003,
                317.831
            ],
            [
                426.666,
                427.073
            ],
            [
                610.347,
                678.446
            ],
            [
                860.855,
                861.081
            ],
            [
                1266.2,
                1350.343
            ]
        ]
    },
    "B": {
        "duration": 205.51599999999993,
        "intervals": [
            [
                0.039,
                2.0180000000000002
            ],
            [
                9.366,
                13.809000000000001
            ],
            [
                324.702,
                396.227
            ],
            [
                406.436,
                406.453
            ],
            [
                415.436,
                415.82599999999996
            ],
            [
                509.392,
                510.221
            ],
            [
                871.992,
                874.279
            ],
            [
                878.119,
                880.941
            ],
            [
                883.293,
                950.6329999999999
            ],
            [
                997.346,
                997.905
            ],
            [
                1488.957,
                1496.419
            ],
            [
                1497.386,
                1539.083
            ],
            [
                1583.211,
                1587.377
            ]
        ]
    },
    "C": {
        "duration": 572.2009999999995,
        "intervals": [
            [
                15.01,
                250.525
            ],
            [
                318.126,
                320.687
            ],
            [
                396.227,
                406.081
            ],
            [
                406.453,
                410.326
            ],
            [
                470.698,
                482.61100000000005
            ],
            [
                555.579,
                608.816
            ],
            [
                678.446,
                705.285
            ],
            [
                762.465,
                791.841
            ],
            [
                856.916,
                860.187
            ],
            [
                861.081,
                869.507
            ],
            [
                950.633,
                993.531
            ],
            [
                1073.771,
                1090.858
            ],
            [
                1157.401,
                1174.753
            ],
            [
                1224.207,
                1265.2569999999998
            ],
            [
                1350.962,
                1374.897
            ],
            [
                1429.331,
                1433.193
            ],
            [
                1486.085,
                1488.9569999999999
            ],
            [
                1496.845,
                1497.171
            ],
            [
                1539.498,
                1577.452
            ]
        ]
    },
    "D": {
        "duration": 278.05000000000007,
        "intervals": [
            [
                322.787,
                324.702
            ],
            [
                413.74,
                414.73900000000003
            ],
            [
                419.656,
                426.271
            ],
            [
                427.073,
                469.987
            ],
            [
                706.457,
                720.593
            ],
            [
                723.011,
                762.465
            ],
            [
                791.841,
                856.915
            ],
            [
                870.683,
                871.992
            ],
            [
                1375.694,
                1429.041
            ],
            [
                1433.192,
                1485.479
            ]
        ]
    },
    "E": {
        "duration": 272.1569999999999,
        "intervals": [
            [
                6.824,
                8.832
            ],
            [
                416.09,
                419.316
            ],
            [
                484.09,
                508.54
            ],
            [
                510.638,
                555.333
            ],
            [
                720.593,
                722.0849999999999
            ],
            [
                874.702,
                878.119
            ],
            [
                880.941,
                882.591
            ],
            [
                994.68,
                997.346
            ],
            [
                998.858,
                1073.771
            ],
            [
                1092.266,
                1157.082
            ],
            [
                1176.451,
                1224.2069999999999
            ],
            [
                1581.095,
                1581.498
            ],
            [
                1590.465,
                1591.1299999999999
            ]
        ]
    }
}