{
    "A": {
        "duration": 303.4079999999999,
        "intervals": [
            [
                1011.923,
                1047.392
            ],
            [
                1048.776,
                1054.932
            ],
            [
                1082.233,
                1116.683
            ],
            [
                1117.635,
                1157.802
            ],
            [
                1160.178,
                1187.907
            ],
            [
                1188.437,
                1193.464
            ],
            [
                1688.837,
                1694.9270000000001
            ],
            [
                1696.845,
                1845.165
            ]
        ]
    },
    "B": {
        "duration": 404.0020000000003,
        "intervals": [
            [
                12.543,
                17.6
            ],
            [
                28.409,
                29.192
            ],
            [
                101.871,
                108.80999999999999
            ],
            [
                114.254,
                115.155
            ],
            [
                139.906,
                143.383
            ],
            [
                153.78,
                156.787
            ],
            [
                164.452,
                166.246
            ],
            [
                185.428,
                189.915
            ],
            [
                199.874,
                201.047
            ],
            [
                347.93,
                351.172
            ],
            [
                353.965,
                356.181
            ],
            [
                360.862,
                363.199
            ],
            [
                365.116,
                369.379
            ],
            [
                605.583,
                628.618
            ],
            [
                663.611,
                672.6
            ],
            [
                686.743,
                691.179
            ],
            [
                713.841,
                720.896
            ],
            [
                753.808,
                757.8309999999999
            ],
            [
                770.678,
                774.286
            ],
            [
                781.591,
                784.407
            ],
            [
                788.248,
                796.9110000000001
            ],
            [
                805.39,
                805.93
            ],
            [
                806.666,
                810.3080000000001
            ],
            [
                812.103,
                816.759
            ],
            [
                824.376,
                826.992
            ],
            [
                831.144,
                844.214
            ],
            [
                971.922,
                980.021
            ],
            [
                989.175,
                994.514
            ],
            [
                997.399,
                1002.915
            ],
            [
                1007.357,
                1007.36
            ],
            [
                1054.932,
                1064.044
            ],
            [
                1077.729,
                1080.5230000000001
            ],
            [
                1188.265,
                1188.4370000000001
            ],
            [
                1193.464,
                1196.5049999999999
            ],
            [
                1200.27,
                1204.906
            ],
            [
                1207.047,
                1209.001
            ],
            [
                1259.948,
                1261.8770000000002
            ],
            [
                1263.708,
                1267.79
            ],
            [
                1375.21,
                1384.72
            ],
            [
                1388.399,
                1393.284
            ],
            [
                1395.514,
                1397.4699999999998
            ],
            [
                1565.809,
                1572.0439999999999
            ],
            [
                1574.276,
                1602.24
            ],
            [
                1619.126,
                1632.2459999999999
            ],
            [
                1644.626,
                1647.569
            ],
            [
                1650.395,
                1651.375
            ],
            [
                1654.572,
                1656.818
            ],
            [
                1661.151,
                1668.048
            ],
            [
                1670.323,
                1682.083
            ],
            [
                1684.933,
                1686.626
            ],
            [
                1845.437,
                1849.724
            ],
            [
                1850.735,
                1852.33
            ],
            [
                1981.392,
                1985.209
            ],
            [
                1988.909,
                1993.7910000000002
            ],
            [
                1999.46,
                2005.366
            ],
            [
                2021.399,
                2037.97
            ],
            [
                2043.952,
                2047.398
            ],
            [
                2052.928,
                2063.415
            ],
            [
                2067.704,
                2067.7430000000004
            ],
            [
                2070.409,
                2081.9939999999997
            ],
            [
                2083.445,
                2086.751
            ],
            [
                2149.639,
                2153.8340000000003
            ],
            [
                2258.135,
                2259.792
            ],
            [
                2265.609,
                2273.351
            ],
            [
                2279.003,
                2281.034
            ],
            [
                2394.962,
                2399.749
            ],
            [
                2403.962,
                2406.799
            ],
            [
                2410.766,
                2415.397
            ],
            [
                2417.673,
                2418.7329999999997
            ],
            [
                2425.483,
                2430.601
            ],
            [
                2434.244,
                2435.4610000000002
            ],
            [
                2441.998,
                2448.414
            ],
            [
                2460.031,
                2467.049
            ],
            [
                2470.573,
                2472.882
            ],
            [
                2475.331,
                2478.4700000000003
            ],
            [
                2490.591,
                2496.904
            ],
            [
                2503.003,
                2507.458
            ],
            [
                2510.792,
                2520.257
            ]
        ]
    },
    "C": {
        "duration": 239.55100000000112,