{
    "A": {
        "duration": 287.5780000000001,
        "intervals": [
            [
                83.504,
                86.41
            ],
            [
                89.193,
                90.641
            ],
            [
                93.054,
                103.036
            ],
            [
                104.132,
                110.084
            ],
            [
                113.888,
                114.929
            ],
            [
                118.108,
                123.566
            ],
            [
                125.513,
                131.508
            ],
            [
                140.611,
                142.52599999999998
            ],
            [
                1674.473,
                1799.704
            ],
            [
                1829.029,
                1902.75
            ],
            [
                1935.512,
                1989.441
            ]
        ]
    },
    "B": {
        "duration": 178.17200000000054,
        "intervals": [
            [
                90.995,
                91.96900000000001
            ],
            [
                836.759,
                836.923
            ],
            [
                2057.441,
                2067.908
            ],
            [
                2082.655,
                2102.212
            ],
            [
                2118.096,
                2132.087
            ],
            [
                2148.218,
                2217.741
            ],
            [
                2219.738,
                2220.8869999999997
            ],
            [
                2228.482,
                2233.801
            ],
            [
                2281.89,
                2304.577
            ],
            [
                2307.812,
                2312.039
            ],
            [
                2414.819,
                2431.88
            ],
            [
                2448.431,
                2461.484
            ]
        ]
    },
    "C": {
        "duration": 306.38700000000006,
        "intervals": [
            [
                80.681,
                82.014
            ],
            [
                86.964,
                88.28399999999999
            ],
            [
                110.838,
                113.43199999999999
            ],
            [
                115.312,
                117.619
            ],
            [
                123.972,
                125.27799999999999
            ],
            [
                143.132,
                440.65900000000005
            ]
        ]
    },
    "D": {
        "duration": 178.92800000000034,
        "intervals": [
            [
                564.838,
                694.917
            ],
            [
                699.663,
                725.166
            ],
            [
                970.068,
                993.402
            ],
            [
                2604.528,
                2604.54
            ]
        ]
    },
    "E": {
        "duration": 198.15100000000007,
        "intervals": [
            [
                2.756,
                16.697
            ],
            [
                19.847,
                23.518
            ],
            [
                27.608,
                29.703
            ],
            [
                34.818,
                35.21
            ],
            [
                36.73,
                39.459999999999994
            ],
            [
                41.772,
                44.221
            ],
            [
                46.06,
                46.727000000000004
            ],
            [
                49.751,
                52.127
            ],
            [
                66.611,
                70.006
            ],
            [
                72.811,
                73.81
            ],
            [
                75.716,
                77.991
            ],
            [
                443.239,
                474.523
            ],
            [
                476.992,
                482.822
            ],
            [
                488.02,
                490.83
            ],
            [
                492.915,
                495.232
            ],
            [
                497.112,
                507.791
            ],
            [
                510.7,
                518.864
            ],
            [
                812.654,
                825.0120000000001
            ],
            [
                828.836,
                832.7909999999999
            ],
            [
                897.315,
                897.3340000000001
            ],
            [
                909.64,
                914.952
            ],
            [
                1040.475,
                1043.2679999999998
            ],
            [
                1049.541,
                1057.712
            ],
            [
                1309.453,
                1312.264
            ],
            [
                1323.051,
                1324.663
            ],
            [
                1481.19,
                1483.988
            ],
            [
                1495.903,
                1496.726
            ],
            [
                1499.135,
                1499.331
            ],
            [
                1608.998,
                1619.365
            ],
            [
                1622.342,
                1624.103
            ],
            [
                1627.499,
                1641.714
            ],
            [
                1643.147,
                1647.551
            ],
            [
                1648.981,
                1651.089
            ],
            [
                1654.047,
                1658.563
            ],
            [
                1661.81,
                1662.817
            ],
            [
                1665.74,
                1669.463
            ],
            [
                1801.17,
                1803.683
            ],
            [
                1812.772,
                1813.887
            ],
            [
                1825.779,
                1826.041
            ],
            [
                1906.811,
                1909.417
            ],
            [
                1912.211,
                1916.948
            ],
            [
                1917.918,
                1920.2969999999998
            ],
            [
                1920.849,
                1923.056
            ],
            [
                2510.804,
                2512.054
            ],
            [
                2544.666,
                2545.1910000000003
            ],
            [
                2574.188,
                2575.722
            ]
        ]
    },
    "F": {
        "duration": 132.8979999999999,
        "intervals": [
            [
                1072.106,
                1107.3899999999999
            ],
            [
                1113.21,
                1138.032
            ],
            [
                1142.238,
                1147.525
            ],
            [
                1180.609,
                1206.046
            ],
            [
                1266.624,
                1287.286
            ],
            [
                1530.559,
                1551.965
            ]
        ]
    },
    "G": {
        "duration": 416.10799999999983,