{
    "A": {
        "duration": 531.0499999999997,
        "intervals": [
            [
                221.57,
                222.034
            ],
            [
                446.094,
                477.19800000000004
            ],
            [
                479.837,
                506.877
            ],
            [
                509.848,
                578.647
            ],
            [
                581.664,
                719.932
            ],
            [
                1445.597,
                1446.125
            ],
            [
                1511.121,
                1545.318
            ],
            [
                1549.16,
                1713.8609999999999
            ],
            [
                1715.872,
                1781.5459999999998
            ],
            [
                2054.217,
                2054.492
            ]
        ]
    },
    "B": {
        "duration": 261.51900000000046,
        "intervals": [
            [
                163.713,
                165.37199999999999
            ],
            [
                761.181,
                763.64
            ],
            [
                768.855,
                770.438
            ],
            [
                771.55,
                776.4639999999999
            ],
            [
                781.395,
                791.054
            ],
            [
                794.048,
                794.08
            ],
            [
                796.227,
                817.5
            ],
            [
                820.567,
                827.999
            ],
            [
                831.298,
                837.71
            ],
            [
                840.547,
                841.6370000000001
            ],
            [
                846.001,
                849.7909999999999
            ],
            [
                853.298,
                857.952
            ],
            [
                863.165,
                866.4910000000001
            ],
            [
                868.907,
                892.011
            ],
            [
                894.853,
                941.7950000000001
            ],
            [
                1049.849,
                1050.192
            ],
            [
                1241.441,
                1243.632
            ],
            [
                1368.806,
                1369.194
            ],
            [
                1432.86,
                1436.476
            ],
            [
                1842.1,
                1845.301
            ],
            [
                1863.157,
                1976.608
            ]
        ]
    },
    "C": {
        "duration": 575.354,
        "intervals": [
            [
                1.801,
                161.415
            ],
            [
                219.606,
                221.38299999999998
            ],
            [
                223.757,
                356.459
            ],
            [
                429.916,
                444.15700000000004
            ],
            [
                723.803,
                758.841
            ],
            [
                946.929,
                972.4010000000001
            ],
            [
                1096.612,
                1114.543
            ],
            [
                1480.545,
                1509.825
            ],
            [
                1783.424,
                1839.29
            ],
            [
                1980.715,
                2052.505
            ],
            [
                2087.783,
                2119.426
            ]
        ]
    },
    "D": {
        "duration": 200.28399999999996,
        "intervals": [
            [
                165.372,
                181.622
            ],
            [
                182.179,
                219.409
            ],
            [
                974.514,
                1049.4850000000001
            ],
            [
                1050.192,
                1091.6270000000002
            ],
            [
                1713.86,
                1715.5089999999998
            ],
            [
                2054.492,
                2083.241
            ]
        ]
    },
    "E": {
        "duration": 482.0630000000002,
        "intervals": [
            [
                181.845,
                181.921
            ],
            [
                358.055,
                425.159
            ],
            [
                477.198,
                479.20799999999997
            ],
            [
                507.215,
                509.23199999999997
            ],
            [
                578.647,
                581.239
            ],
            [
                763.913,
                768.564
            ],
            [
                771.071,
                771.5500000000001
            ],
            [
                776.67,
                781.395
            ],
            [
                791.542,
                793.715
            ],
            [
                794.08,
                795.604
            ],
            [
                817.784,
                820.212
            ],
            [
                827.999,
                830.91
            ],
            [
                838.11,
                840.547
            ],
            [
                841.892,
                846.0010000000001
            ],
            [
                849.791,
                852.967
            ],
            [
                858.261,
                862.821
            ],
            [
                866.688,
                868.679
            ],
            [
                892.011,
                894.475
            ],
            [
                1116.393,
                1241.086
            ],
            [
                1244.006,
                1368.257
            ],
            [
                1369.729,
                1432.4189999999999
            ],
            [
                1436.734,
                1445.5970000000002
            ],
            [
                1446.68,
                1475.8490000000002
            ],
            [
                1546.197,
                1548.387
            ],
            [
                1840.818,
                1842.1
            ],
            [
                1845.302,
                1862.8
            ]
        ]
    }
}