{
    "A": {
        "duration": 123.69699999999992,
        "intervals": [
            [
                0.01,
                30.61
            ],
            [
                158.12,
                158.901
            ],
            [
                248.618,
                267.573
            ],
            [
                270.172,
                276.348
            ],
            [
                279.192,
                291.61899999999997
            ],
            [
                292.992,
                297.135
            ],
            [
                299.945,
                302.209
            ],
            [
                305.515,
                309.79200000000003
            ],
            [
                314.211,
                315.269
            ],
            [
                358.709,
                362.317
            ],
            [
                364.47,
                366.934
            ],
            [
                370.465,
                373.121
            ],
            [
                414.592,
                417.40299999999996
            ],
            [
                557.476,
                559.665
            ],
            [
                820.746,
                835.6659999999999
            ],
            [
                976.085,
                979.875
            ],
            [
                982.601,
                987.884
            ],
            [
                989.889,
                994.72
            ],
            [
                1009.839,
                1010.3030000000001
            ]
        ]
    },
    "B": {
        "duration": 57.94799999999998,
        "intervals": [
            [
                32.776,
                42.263000000000005
            ],
            [
                55.358,
                66.349
            ],
            [
                145.943,
                157.242
            ],
            [
                180.169,
                196.483
            ],
            [
                228.526,
                238.383
            ]
        ]
    },
    "C": {
        "duration": 473.07500000000033,
        "intervals": [
            [
                75.747,
                82.325
            ],
            [
                84.193,
                89.77499999999999
            ],
            [
                97.004,
                97.991
            ],
            [
                112.254,
                112.733
            ],
            [
                115.879,
                124.914
            ],
            [
                128.858,
                129.199
            ],
            [
                132.202,
                142.61599999999999
            ],
            [
                245.209,
                247.467
            ],
            [
                318.533,
                319.355
            ],
            [
                321.727,
                324.137
            ],
            [
                327.613,
                329.065
            ],
            [
                332.767,
                334.564
            ],
            [
                338.021,
                338.038
            ],
            [
                339.485,
                341.828
            ],
            [
                391.217,
                414.21999999999997
            ],
            [
                417.403,
                427.344
            ],
            [
                429.983,
                435.56600000000003
            ],
            [
                446.521,
                455.772
            ],
            [
                458.447,
                535.724
            ],
            [
                764.724,
                770.0010000000001
            ],
            [
                792.204,
                795.8299999999999
            ],
            [
                957.54,
                974.596
            ],
            [
                1012.8,
                1074.598
            ],
            [
                1086.826,
                1104.214
            ],
            [
                1106.263,
                1107.2939999999999
            ],
            [
                1111.303,
                1114.6560000000002
            ],
            [
                1126.027,
                1129.765
            ],
            [
                1163.847,
                1165.48
            ],
            [
                1170.637,
                1172.223
            ],
            [
                1174.193,
                1177.595
            ],
            [
                1184.207,
                1187.8570000000002
            ],
            [
                1194.617,
                1277.156
            ],
            [
                1281.191,
                1292.7930000000001
            ],
            [
                1295.62,
                1296.5449999999998
            ],
            [
                1299.154,
                1341.19
            ],
            [
                1343.792,
                1379.868
            ],
            [
                1418.965,
                1421.837
            ],
            [
                1524.275,
                1528.192
            ]
        ]
    },
    "D": {
        "duration": 232.1569999999993,