{
    "A": {
        "duration": 197.25200000000018,
        "intervals": [
            [
                4.29,
                35.296
            ],
            [
                53.011,
                54.719
            ],
            [
                170.368,
                170.387
            ],
            [
                280.135,
                282.89099999999996
            ],
            [
                370.018,
                372.52599999999995
            ],
            [
                443.232,
                449.607
            ],
            [
                488.472,
                489.895
            ],
            [
                494.409,
                516.597
            ],
            [
                524.914,
                525.903
            ],
            [
                723.745,
                730.591
            ],
            [
                760.641,
                764.5269999999999
            ],
            [
                854.137,
                857.9459999999999
            ],
            [
                862.409,
                865.345
            ],
            [
                871.391,
                874.547
            ],
            [
                876.29,
                879.673
            ],
            [
                944.499,
                954.5730000000001
            ],
            [
                979.096,
                979.611
            ],
            [
                1018.172,
                1019.7130000000001
            ],
            [
                1022.779,
                1027.647
            ],
            [
                1076.583,
                1077.1570000000002
            ],
            [
                1140.657,
                1142.375
            ],
            [
                1153.46,
                1154.722
            ],
            [
                1195.543,
                1195.572
            ],
            [
                1199.463,
                1201.5810000000001
            ],
            [
                1230.78,
                1233.067
            ],
            [
                1302.122,
                1303.664
            ],
            [
                1306.422,
                1307.011
            ],
            [
                1330.427,
                1333.1180000000002
            ],
            [
                1346.428,
                1350.559
            ],
            [
                1576.717,
                1582.392
            ],
            [
                1592.401,
                1595.3020000000001
            ],
            [
                1615.43,
                1617.7920000000001
            ],
            [
                1620.297,
                1623.554
            ],
            [
                1629.398,
                1631.2099999999998
            ],
            [
                1638.136,
                1639.0349999999999
            ],
            [
                1686.064,
                1688.8990000000001
            ],
            [
                1706.329,
                1711.5919999999999
            ],
            [
                1718.904,
                1722.164
            ],
            [
                1747.739,
                1750.852
            ],
            [
                1805.05,
                1821.753
            ],
            [
                1824.132,
                1844.065
            ],
            [
                1848.945,
                1851.2569999999998
            ]
        ]
    },
    "B": {
        "duration": 74.882,
        "intervals": [
            [
                50.47,
                51.228
            ],
            [
                146.325,
                170.212
            ],
            [
                172.157,
                191.187
            ],
            [
                242.949,
                272.339
            ],
            [
                368.116,
                368.31
            ],
            [
                374.979,
                376.602
            ]
        ]
    },
    "C": {
        "duration": 95.75400000000015,
        "intervals": [
            [
                0.01,
                0.09799999999999999
            ],
            [
                45.087,
                50.470000000000006
            ],
            [
                85.993,
                86.027
            ],
            [
                136.544,
                144.99200000000002
            ],
            [
                193.408,
                242.949
            ],
            [
                570.277,
                570.6800000000001
            ],
            [
                844.094,
                847.5920000000001
            ],
            [
                975.51,
                975.849
            ],
            [
                1370.459,
                1371.634
            ],
            [
                1414.92,
                1415.0520000000001
            ],
            [
                1417.684,
                1418.354
            ],
            [
                1650.878,
                1673.289
            ],
            [
                1675.623,
                1679.2549999999999
            ]
        ]
    },
    "D": {
        "duration": 358.4999999999997,