{
    "A": {
        "duration": 208.96500000000017,
        "intervals": [
            [
                3.402,
                55.032000000000004
            ],
            [
                57.875,
                70.542
            ],
            [
                102.168,
                136.033
            ],
            [
                141.375,
                141.615
            ],
            [
                153.009,
                159.42700000000002
            ],
            [
                162.788,
                166.072
            ],
            [
                175.36,
                178.74300000000002
            ],
            [
                234.806,
                236.995
            ],
            [
                260.059,
                262.82500000000005
            ],
            [
                266.502,
                267.464
            ],
            [
                272.579,
                273.652
            ],
            [
                353.093,
                353.809
            ],
            [
                366.604,
                390.21
            ],
            [
                461.609,
                465.261
            ],
            [
                532.352,
                541.64
            ],
            [
                545.876,
                552.8100000000001
            ],
            [
                629.91,
                633.023
            ],
            [
                637.991,
                640.477
            ],
            [
                869.071,
                874.368
            ],
            [
                884.23,
                887.784
            ],
            [
                945.16,
                953.436
            ],
            [
                957.214,
                959.192
            ],
            [
                1027.627,
                1049.215
            ]
        ]
    },
    "B": {
        "duration": 141.26999999999995,
        "intervals": [
            [
                78.013,
                78.686
            ],
            [
                143.377,
                146.281
            ],
            [
                190.979,
                198.617
            ],
            [
                203.472,
                205.85999999999999
            ],
            [
                207.873,
                209.35299999999998
            ],
            [
                217.801,
                220.077
            ],
            [
                234.655,
                234.805
            ],
            [
                242.409,
                243.41
            ],
            [
                328.543,
                330.938
            ],
            [
                335.769,
                337.64
            ],
            [
                354.112,
                355.124
            ],
            [
                403.171,
                442.675
            ],
            [
                455.698,
                461.609
            ],
            [
                480.043,
                483.865
            ],
            [
                508.683,
                518.256
            ],
            [
                617.078,
                623.592
            ],
            [
                655.607,
                660.938
            ],
            [
                689.594,
                697.21
            ],
            [
                710.681,
                717.493
            ],
            [
                755.399,
                761.533
            ],
            [
                828.444,
                830.655
            ],
            [
                939.794,
                944.8629999999999
            ],
            [
                960.014,
                976.5260000000001
            ],
            [
                1051.414,
                1053.887
            ]
        ]
    },
    "C": {
        "duration": 290.94500000000005,
        "intervals": [
            [
                136.448,
                141.376
            ],
            [
                146.964,
                153.009
            ],
            [
                159.427,
                162.51999999999998
            ],
            [
                166.229,
                175.36
            ],
            [
                181.745,
                190.276
            ],
            [
                198.966,
                202.967
            ],
            [
                206.278,
                207.873
            ],
            [
                210.21,
                215.035
            ],
            [
                220.355,
                226.914
            ],
            [
                239.934,
                242.41
            ],
            [
                243.646,
                247.99499999999998
            ],
            [
                249.792,
                259.70300000000003
            ],
            [
                262.825,
                266.173
            ],
            [
                267.464,
                271.645
            ],
            [
                283.103,
                285.778
            ],
            [
                337.64,
                353.09299999999996
            ],
            [
                358.595,
                365.736
            ],
            [
                390.211,
                398.79
            ],
            [
                442.675,
                455.697
            ],
            [
                518.257,
                518.444
            ],
            [
                526.792,
                532.3530000000001
            ],
            [
                542.347,
                545.619
            ],
            [
                552.81,
                560.9069999999999
            ],
            [
                603.339,
                609.1930000000001
            ],
            [
                613.281,
                617.078
            ],
            [
                623.592,
                629.662
            ],
            [
                633.023,
                637.991
            ],
            [
                640.477,
                655.607
            ],
            [
                660.938,
                689.593
            ],
            [
                697.209,
                704.9509999999999
            ],
            [
                708.914,
                710.681
            ],
            [
                766.103,
                778.32
            ],
            [
                808.792,
                827.859
            ],
            [
                855.149,
                865.121
            ],
            [
                874.368,
                884.2289999999999
            ],
            [
                888.081,
                892.308
            ],
            [
                894.044,
                902.681
            ],
            [
                913.732,
                926.6089999999999
            ],
            [
                953.74,
                956.884
            ]
        ]
    },
    "D": {
        "duration": 62.81900000000003,
        "intervals": [
            [
                86.184,
                91.054
            ],
            [
                94.984,
                95.018
            ],
            [
                465.809,
                480.043
            ],
            [
                483.865,
                504.44100000000003
            ],
            [
                903.812,
                913.7330000000001
            ],
            [
                926.61,
                939.794
            ]
        ]
    },
    "E": {
        "duration": 133.38800000000003,