{
    "A": {
        "duration": 292.3679999999998,
        "intervals": [
            [
                631.253,
                729.4459999999999
            ],
            [
                1360.41,
                1360.71
            ],
            [
                1406.374,
                1408.298
            ],
            [
                1559.179,
                1648.2050000000002
            ],
            [
                1648.752,
                1662.139
            ],
            [
                1694.004,
                1783.54
            ],
            [
                2364.245,
                2364.247
            ]
        ]
    },
    "B": {
        "duration": 286.08400000000063,
        "intervals": [
            [
                777.116,
                781.829
            ],
            [
                787.529,
                824.2470000000001
            ],
            [
                826.543,
                837.9970000000001
            ],
            [
                841.055,
                892.991
            ],
            [
                920.096,
                961.937
            ],
            [
                1398.605,
                1399.866
            ],
            [
                1432.549,
                1432.568
            ],
            [
                1818.592,
                1870.449
            ],
            [
                1872.715,
                1877.037
            ],
            [
                1879.133,
                1892.702
            ],
            [
                1895.867,
                1930.5049999999999
            ],
            [
                1932.792,
                1949.496
            ],
            [
                1974.638,
                1989.6750000000002
            ],
            [
                1992.311,
                1993.384
            ],
            [
                2230.453,
                2231.393
            ],
            [
                2363.965,
                2363.967
            ]
        ]
    },
    "C": {
        "duration": 122.91999999999962,
        "intervals": [
            [
                1416.425,
                1419.1989999999998
            ],
            [
                2194.337,
                2202.6059999999998
            ],
            [
                2204.702,
                2229.827
            ],
            [
                2232.89,
                2267.662
            ],
            [
                2310.611,
                2362.591
            ]
        ]
    },
    "D": {
        "duration": 192.77699999999982,
        "intervals": [
            [
                421.376,
                582.963
            ],
            [
                786.49,
                786.745
            ],
            [
                824.248,
                825.12
            ],
            [
                838.477,
                840.8829999999999
            ],
            [
                1399.866,
                1406.137
            ],
            [
                1408.803,
                1416.108
            ],
            [
                1419.498,
                1427.07
            ],
            [
                1430.381,
                1431.1470000000002
            ],
            [
                1648.205,
                1648.31
            ],
            [
                1871.762,
                1872.143
            ],
            [
                1877.786,
                1878.64
            ],
            [
                1893.358,
                1895.127
            ],
            [
                1930.878,
                1932.6109999999999
            ],
            [
                1989.676,
                1990.577
            ]
        ]
    },
    "E": {
        "duration": 377.9859999999994,
        "intervals": [
            [
                0.478,
                4.807
            ],
            [
                10.601,
                11.254000000000001
            ],
            [
                17.56,
                21.689
            ],
            [
                23.635,
                32.836000000000006
            ],
            [
                35.795,
                36.445
            ],
            [
                37.223,
                54.111000000000004
            ],
            [
                56.668,
                61.596
            ],
            [
                65.026,
                66.943
            ],
            [
                74.11,
                84.413
            ],
            [
                89.458,
                98.022
            ],
            [
                100.634,
                103.572
            ],
            [
                110.398,
                126.35600000000001
            ],
            [
                128.588,
                134.504
            ],
            [
                136.802,
                139.877
            ],
            [
                142.977,
                144.04
            ],
            [
                147.266,
                147.411
            ],
            [
                158.782,
                166.302
            ],
            [
                168.556,
                174.315
            ],
            [
                178.271,
                181.076
            ],
            [
                183.877,
                185.87
            ],
            [
                187.485,
                187.49200000000002
            ],
            [
                191.619,
                211.807
            ],
            [
                221.682,
                223.75799999999998
            ],
            [
                225.875,
                234.59799999999998
            ],
            [
                249.721,
                251.523
            ],
            [
                319.55,
                320.854
            ],
            [
                359.076,
                364.031
            ],
            [
                386.292,
                387.791
            ],
            [
                389.971,
                393.165
            ],
            [
                401.768,
                408.237
            ],
            [
                415.677,
                419.554
            ],
            [
                588.077,
                591.153
            ],
            [
                594.832,
                600.026
            ],
            [
                608.27,
                610.098
            ],
            [
                623.099,
                624.349
            ],
            [
                625.791,
                628.9970000000001
            ],
            [
                751.253,
                755.615
            ],
            [
                764.8,
                765.3969999999999
            ],
            [
                770.968,
                776.4929999999999
            ],
            [
                784.613,
                785.793
            ],
            [
                897.09,
                909.231
            ],
            [
                911.213,
                914.755
            ],
            [
                915.766,
                917.81
            ],
            [
                979.197,
                981.944
            ],
            [
                986.518,
                987.7230000000001
            ],
            [
                988.443,
                991.1899999999999
            ],
            [
                1159.81,
                1163.123
            ],
            [
                1164.039,
                1169.855
            ],
            [
                1179.625,
                1184.7459999999999
            ],
            [
                1189.644,
                1209.072
            ],
            [
                1274.992,
                1281.024
            ],
            [
