{
    "A": {
        "duration": 1102.6990000000005,
        "intervals": [
            [
                0.307,
                33.711000000000006
            ],
            [
                36.242,
                52.424
            ],
            [
                54.77,
                70.256
            ],
            [
                75.767,
                116.053
            ],
            [
                121.716,
                199.056
            ],
            [
                200.161,
                217.26999999999998
            ],
            [
                263.942,
                296.647
            ],
            [
                409.512,
                435.98699999999997
            ],
            [
                443.968,
                456.094
            ],
            [
                458.6,
                478.602
            ],
            [
                481.437,
                488.049
            ],
            [
                488.805,
                516.733
            ],
            [
                519.413,
                530.99
            ],
            [
                532.096,
                553.931
            ],
            [
                554.869,
                584.194
            ],
            [
                586.29,
                651.724
            ],
            [
                653.408,
                684.6179999999999
            ],
            [
                686.549,
                713.841
            ],
            [
                716.101,
                722.6080000000001
            ],
            [
                725.542,
                732.5
            ],
            [
                854.488,
                893.219
            ],
            [
                911.319,
                938.772
            ],
            [
                940.221,
                953.321
            ],
            [
                967.137,
                976.527
            ],
            [
                985.277,
                996.164
            ],
            [
                1130.419,
                1158.955
            ],
            [
                1162.674,
                1168.541
            ],
            [
                1172.009,
                1191.209
            ],
            [
                1195.579,
                1207.27
            ],
            [
                1209.578,
                1219.436
            ],
            [
                1238.141,
                1249.27
            ],
            [
                1268.155,
                1273.901
            ],
            [
                1275.738,
                1287.492
            ],
            [
                1304.191,
                1315.0259999999998
            ],
            [
                1325.398,
                1335.672
            ],
            [
                1338.194,
                1381.707
            ],
            [
                1478.242,
                1487.595
            ],
            [
                1488.52,
                1496.191
            ],
            [
                1579.395,
                1596.001
            ],
            [
                1763.883,
                1817.378
            ],
            [
                1899.192,
                1907.2939999999999
            ],
            [
                1919.926,
                1926.104
            ],
            [
                1928.833,
                1943.538
            ],
            [
                1981.201,
                1987.54
            ],
            [
                2102.843,
                2108.739
            ],
            [
                2174.393,
                2179.9280000000003
            ],
            [
                2180.807,
                2197.806
            ],
            [
                2254.353,
                2260.259
            ],
            [
                2324.02,
                2333.143
            ],
            [
                2335.861,
                2340.961
            ],
            [
                2472.65,
                2479.975
            ],
            [
                2542.781,
                2556.291
            ],
            [
                2690.594,
                2712.1839999999997
            ],
            [
                2777.045,
                2785.376
            ],
            [
                2893.843,
                2912.1530000000002
            ],
            [
                2913.229,
                2931.216
            ],
            [
                2933.435,
                2944.9010000000003
            ],
            [
                2946.971,
                2955.2599999999998
            ],
            [
                2985.675,
                3002.741
            ],
            [
                3004.94,
                3019.0
            ]
        ]
    },
    "B": {
        "duration": 307.06400000000076,
        "intervals": [
            [
                738.683,
                812.236
            ],
            [
                815.731,
                854.487
            ],
            [
                1682.905,
                1698.038
            ],
            [
                1717.801,
                1734.6589999999999
            ],
            [
                1735.413,
                1746.6870000000001
            ],
            [
                1949.005,
                1981.201
            ],
            [
                1996.734,
                2009.215
            ],
            [
                2042.332,
                2047.8670000000002
            ],
            [
                2066.237,
                2080.665
            ],
            [
                2133.597,
                2149.189
            ],
            [
                2161.887,
                2169.0150000000003
            ],
            [
                2533.073,
                2539.045
            ],
            [
                2557.553,
                2567.433
            ],
            [
                2577.592,
                2589.82
            ],
            [
                2591.906,
                2618.398
            ],
            [
                2853.834,
                2863.3920000000003
            ]
        ]
    },
    "C": {
        "duration": 133.21500000000046,
        "intervals": [
            [
                240.071,
                261.55400000000003
            ],
            [
                1825.264,
                1831.433
            ],
            [
                1835.209,
                1844.207
            ],
            [
                1844.699,
                1874.513
            ],
            [
                1884.207,
                1898.459
            ],
            [
                2013.839,
                2020.4099999999999
            ],
            [
                2022.86,
                2028.651
            ],
            [
                2047.867,
                2059.54
            ],
            [
                2275.41,
                2285.766
            ],
            [
                2302.928,
                2310.127
            ],
            [
                2365.855,
                2371.462
            ],
            [
                2888.541,
                2893.8430000000003
            ]
        ]
    },
    "D": {
        "duration": 415.53899999999965,