{
    "A": {
        "duration": 91.51899999999988,
        "intervals": [
            [
                29.867,
                76.509
            ],
            [
                89.444,
                111.874
            ],
            [
                808.215,
                810.0110000000001
            ],
            [
                939.782,
                943.4830000000001
            ],
            [
                944.409,
                946.895
            ],
            [
                951.932,
                957.7149999999999
            ],
            [
                963.21,
                967.9929999999999
            ],
            [
                969.047,
                972.945
            ]
        ]
    },
    "B": {
        "duration": 553.4109999999998,
        "intervals": [
            [
                0.731,
                28.998
            ],
            [
                76.948,
                88.361
            ],
            [
                111.875,
                187.055
            ],
            [
                190.161,
                191.624
            ],
            [
                193.475,
                198.096
            ],
            [
                200.564,
                229.59
            ],
            [
                230.514,
                350.397
            ],
            [
                353.398,
                370.352
            ],
            [
                375.481,
                408.102
            ],
            [
                506.061,
                510.919
            ],
            [
                512.202,
                551.99
            ],
            [
                554.435,
                555.4979999999999
            ],
            [
                609.203,
                653.725
            ],
            [
                662.349,
                671.448
            ],
            [
                673.704,
                679.9499999999999
            ],
            [
                683.524,
                684.845
            ],
            [
                688.434,
                704.227
            ],
            [
                714.056,
                714.6740000000001
            ],
            [
                724.435,
                725.2909999999999
            ],
            [
                727.25,
                752.9399999999999
            ],
            [
                753.238,
                754.566
            ],
            [
                756.785,
                763.1899999999999
            ],
            [
                846.496,
                852.093
            ],
            [
                854.506,
                857.769
            ],
            [
                870.521,
                872.391
            ],
            [
                901.592,
                935.1759999999999
            ],
            [
                949.877,
                951.386
            ],
            [
                974.712,
                1005.285
            ]
        ]
    },
    "C": {
        "duration": 132.64699999999993,
        "intervals": [
            [
                199.09,
                199.588
            ],
            [
                412.386,
                500.562
            ],
            [
                502.354,
                505.469
            ],
            [
                511.188,
                512.202
            ],
            [
                853.683,
                854.35
            ],
            [
                859.513,
                870.2280000000001
            ],
            [
                872.859,
                901.3209999999999
            ]
        ]
    },
    "D": {
        "duration": 179.15400000000008,
        "intervals": [
            [
                188.809,
                189.506
            ],
            [
                193.445,
                193.475
            ],
            [
                230.491,
                230.51500000000001
            ],
            [
                351.138,
                351.96099999999996
            ],
            [
                371.807,
                374.009
            ],
            [
                500.561,
                501.145
            ],
            [
                552.579,
                553.6339999999999
            ],
            [
                559.572,
                609.203
            ],
            [
                653.726,
                662.004
            ],
            [
                671.448,
                673.704
            ],
            [
                679.949,
                683.305
            ],
            [
                685.191,
                688.4340000000001
            ],
            [
                704.654,
                714.056
            ],
            [
                715.056,
                723.7330000000001
            ],
            [
                725.75,
                727.25
            ],
            [
                753.234,
                753.2370000000001
            ],
            [
                755.59,
                756.4350000000001
            ],
            [
                765.209,
                807.9889999999999
            ],
            [
                810.272,
                846.4949999999999
            ],
            [
                944.362,
                944.409
            ],
            [
                947.558,
                949.355
            ],
            [
                958.568,
                962.638
            ],
            [
                967.992,
                968.524
            ],
            [
                973.613,
                974.7120000000001
            ]
        ]
    }
}