{
    "A": {
        "duration": 124.18200000000024,
        "intervals": [
            [
                1205.744,
                1211.213
            ],
            [
                1236.266,
                1242.8020000000001
            ],
            [
                1680.752,
                1720.393
            ],
            [
                1725.432,
                1788.246
            ],
            [
                1791.45,
                1801.172
            ]
        ]
    },
    "B": {
        "duration": 487.89000000000067,
        "intervals": [
            [
                251.184,
                260.42600000000004
            ],
            [
                263.115,
                274.398
            ],
            [
                281.814,
                295.179
            ],
            [
                336.987,
                344.958
            ],
            [
                371.496,
                389.495
            ],
            [
                393.046,
                423.421
            ],
            [
                429.894,
                443.591
            ],
            [
                447.552,
                480.5
            ],
            [
                483.744,
                507.81899999999996
            ],
            [
                510.632,
                525.949
            ],
            [
                530.592,
                538.884
            ],
            [
                686.527,
                694.3069999999999
            ],
            [
                842.324,
                869.623
            ],
            [
                1077.391,
                1106.528
            ],
            [
                1121.05,
                1131.749
            ],
            [
                1296.127,
                1311.719
            ],
            [
                1318.862,
                1329.139
            ],
            [
                1333.351,
                1356.553
            ],
            [
                1498.753,
                1506.2659999999998
            ],
            [
                1618.13,
                1629.74
            ],
            [
                1637.658,
                1652.2459999999999
            ],
            [
                1667.824,
                1679.304
            ],
            [
                1804.81,
                1811.03
            ],
            [
                1829.42,
                1862.5529999999999
            ],
            [
                2002.782,
                2014.21
            ],
            [
                2021.018,
                2037.048
            ],
            [
                2054.825,
                2060.3120000000004
            ],
            [
                2162.833,
                2179.165
            ],
            [
                2180.144,
                2190.53
            ],
            [
                2362.633,
                2377.083
            ],
            [
                2382.485,
                2387.871
            ],
            [
                2543.846,
                2550.014
            ],
            [
                2561.367,
                2570.496
            ]
        ]
    },
    "C": {
        "duration": 30.81899999999996,
        "intervals": [
            [
                295.701,
                326.52
            ]
        ]
    },
    "D": {
        "duration": 274.89700000000005,
        "intervals": [
            [
                543.927,
                663.2470000000001
            ],
            [
                664.392,
                680.565
            ],
            [
                1720.393,
                1725.432
            ],
            [
                1868.046,
                2002.411
            ]
        ]
    },
    "E": {
        "duration": 327.9690000000005,
        "intervals": [
            [
                705.208,
                713.676
            ],
            [
                714.894,
                839.7360000000001
            ],
            [
                1362.574,
                1367.863
            ],
            [
                1510.198,
                1617.6830000000002
            ],
            [
                2266.94,
                2324.632
            ],
            [
                2326.953,
                2351.146
            ]
        ]
    },
    "F": {
        "duration": 505.80699999999956,
        "intervals": [
            [
                876.138,
                1015.634
            ],
            [
                1017.166,
                1076.943
            ],
            [
                1137.365,
                1152.011
            ],
            [
                1161.97,
                1168.192
            ],
            [
                1173.01,
                1205.745
            ],
            [
                1211.213,
                1236.011
            ],
            [
                1244.933,
                1252.5949999999998
            ],
            [
                2061.654,
                2080.174
            ],
            [
                2081.344,
                2091.013
            ],
            [
                2093.448,
                2154.397
            ],
            [
                2156.949,
                2162.833
            ],
            [
                2402.659,
                2528.108
            ]
        ]
    },
    "G": {
        "duration": 379.0469999999997,
        "intervals": [
            [
                3.049,
                12.190000000000001
            ],
            [
                20.994,
                30.281
            ],
            [
                37.365,
                44.957
            ],
            [
                49.758,
                73.691
            ],
            [
                82.878,
                104.135
            ],
            [
                113.189,
                153.48
            ],
            [
                157.769,
                168.575
            ],
            [
                187.409,
                250.791
            ],
            [
                1114.916,
                1120.679
            ],
            [
                1290.995,
                1296.126
            ],
            [
                1357.182,
                1362.574
            ],
            [
                1371.392,
                1434.576
            ],
            [
                1437.006,
                1447.119
            ],
            [
                1449.596,
                1461.834
            ],
            [
                1465.398,
                1496.549
            ],
            [
                2218.403,
                2224.9449999999997
            ],
            [
                2226.832,
                2241.084
            ],
            [
                2243.356,
                2256.8610000000003
            ],
            [
                2391.275,
                2402.6589999999997
            ],
            [
                2528.108,
                2542.811
            ]
        ]
    }
}