{
    "A": {
        "duration": 196.75400000000036,
        "intervals": [
            [
                1734.541,
                1885.524
            ],
            [
                1977.463,
                1983.2649999999999
            ],
            [
                2170.037,
                2210.0060000000003
            ]
        ]
    },
    "B": {
        "duration": 87.77599999999984,
        "intervals": [
            [
                1588.047,
                1635.193
            ],
            [
                1638.547,
                1670.614
            ],
            [
                1687.238,
                1695.801
            ]
        ]
    },
    "C": {
        "duration": 128.65499999999997,
        "intervals": [
            [
                2032.211,
                2160.866
            ]
        ]
    },
    "D": {
        "duration": 410.74700000000047,
        "intervals": [
            [
                62.233,
                79.054
            ],
            [
                87.082,
                92.68299999999999
            ],
            [
                105.668,
                113.71400000000001
            ],
            [
                118.41,
                124.49199999999999
            ],
            [
                138.135,
                157.05700000000002
            ],
            [
                159.457,
                173.29999999999998
            ],
            [
                177.211,
                188.71300000000002
            ],
            [
                195.271,
                207.21099999999998
            ],
            [
                220.747,
                234.191
            ],
            [
                277.899,
                289.62100000000004
            ],
            [
                305.061,
                312.25
            ],
            [
                320.86,
                329.367
            ],
            [
                337.002,
                358.888
            ],
            [
                366.328,
                372.347
            ],
            [
                374.558,
                381.993
            ],
            [
                400.761,
                407.071
            ],
            [
                464.211,
                469.582
            ],
            [
                502.659,
                514.6759999999999
            ],
            [
                516.927,
                524.519
            ],
            [
                622.083,
                629.049
            ],
            [
                631.083,
                638.275
            ],
            [
                851.302,
                859.6600000000001
            ],
            [
                1114.126,
                1127.552
            ],
            [
                1133.465,
                1139.871
            ],
            [
                1160.884,
                1181.502
            ],
            [
                1185.614,
                1202.044
            ],
            [
                1216.612,
                1224.568
            ],
            [
                1317.279,
                1326.372
            ],
            [
                1526.027,
                1541.793
            ],
            [
                1560.386,
                1572.063
            ],
            [
                1577.951,
                1583.8200000000002
            ],
            [
                1673.32,
                1680.858
            ],
            [
                1699.95,
                1712.556
            ],
            [
                1717.792,
                1733.9569999999999
            ],
            [
                1915.954,
                1924.425
            ],
            [
                1927.857,
                1935.741
            ],
            [
                1999.639,
                2020.93
            ],
            [
                2160.866,
                2167.652
            ]
        ]
    },
    "E": {
        "duration": 60.47200000000004,
        "intervals": [
            [
                424.111,
                464.211
            ],
            [
                479.42,
                499.79200000000003
            ]
        ]
    },
    "F": {
        "duration": 91.14700000000005,
        "intervals": [
            [
                526.809,
                617.956
            ]
        ]
    },
    "G": {
        "duration": 90.36299999999994,
        "intervals": [
            [
                1011.283,
                1032.3919999999998
            ],
            [
                1034.664,
                1054.171
            ],
            [
                1056.839,
                1082.452
            ],
            [
                1084.793,
                1095.318
            ],
            [
                1202.777,
                1216.386
            ]
        ]
    },
    "H": {
        "duration": 357.6840000000002,
        "intervals": [
            [
                665.764,
                837.803
            ],
            [
                891.012,
                988.4100000000001
            ],
            [
                1228.34,
                1316.587
            ]
        ]
    },
    "I": {
        "duration": 129.9290000000001,
        "intervals": [
            [
                1349.882,
                1479.8110000000001
            ]
        ]
    },
    "J": {
        "duration": 285.23099999999937,
        "intervals": [
            [
                7.059,
                34.673
            ],
            [
                42.324,
                53.472
            ],
            [
                124.492,
                133.027
            ],
            [
                234.191,
                239.385
            ],
            [
                257.796,
                264.226
            ],
            [
                271.758,
                277.469
            ],
            [
                296.512,
                304.378
            ],
            [
                313.279,
                319.488
            ],
            [
                469.582,
                476.757
            ],
            [
                657.917,
                663.226
            ],
            [
                837.803,
                851.301
            ],
            [
                865.902,
                885.1030000000001
            ],
            [
                988.409,
                1004.991
            ],
            [
                1098.392,
                1114.127
            ],
            [
                1141.319,
                1160.8829999999998
            ],
            [
                1336.647,
                1341.858
            ],
            [
                1483.22,
                1488.564
            ],
            [
                1492.133,
                1497.771
            ],
            [
                1499.261,
                1504.85
            ],
            [
                1508.493,
                1514.9450000000002
            ],
            [
                1572.33,
                1577.615
            ],
            [
                1885.911,
                1896.8819999999998
            ],
            [
                1897.592,
                1908.843
            ],
            [
                1935.741,
                1950.696
            ],
            [
                1966.208,
                1973.567
            ],
            [
                2212.07,
                2218.76
            ],
            [
                2227.146,
                2245.3129999999996
            ],
            [
                2249.891,
                2256.4390000000003
            ]
        ]
    }
}