{
    "A": {
        "duration": 192.43099999999967,
        "intervals": [
            [
                36.512,
                39.349000000000004
            ],
            [
                82.585,
                82.607
            ],
            [
                440.848,
                442.676
            ],
            [
                446.172,
                448.043
            ],
            [
                489.029,
                491.727
            ],
            [
                811.279,
                928.143
            ],
            [
                1116.116,
                1123.693
            ],
            [
                1158.973,
                1159.341
            ],
            [
                1726.198,
                1754.489
            ],
            [
                1755.749,
                1785.8239999999998
            ]
        ]
    },
    "B": {
        "duration": 233.17299999999972,
        "intervals": [
            [
                85.615,
                86.35199999999999
            ],
            [
                103.802,
                107.45
            ],
            [
                108.516,
                110.30300000000001
            ],
            [
                161.609,
                163.464
            ],
            [
                288.212,
                349.97700000000003
            ],
            [
                363.192,
                376.65700000000004
            ],
            [
                383.25,
                387.097
            ],
            [
                399.119,
                402.695
            ],
            [
                404.993,
                411.056
            ],
            [
                684.458,
                694.271
            ],
            [
                700.633,
                706.467
            ],
            [
                709.992,
                720.603
            ],
            [
                724.569,
                727.741
            ],
            [
                736.028,
                740.836
            ],
            [
                789.47,
                807.192
            ],
            [
                1086.247,
                1088.392
            ],
            [
                1113.661,
                1114.854
            ],
            [
                1271.957,
                1285.409
            ],
            [
                1287.922,
                1303.391
            ],
            [
                1809.277,
                1810.608
            ],
            [
                1816.737,
                1833.004
            ],
            [
                1833.592,
                1837.075
            ],
            [
                1844.009,
                1845.938
            ],
            [
                1852.397,
                1881.598
            ]
        ]
    },
    "C": {
        "duration": 142.85099999999943,
        "intervals": [
            [
                82.607,
                85.472
            ],
            [
                88.067,
                90.53399999999999
            ],
            [
                93.671,
                100.34400000000001
            ],
            [
                110.579,
                125.828
            ],
            [
                140.925,
                143.39000000000001
            ],
            [
                153.846,
                160.983
            ],
            [
                165.301,
                178.393
            ],
            [
                186.644,
                186.814
            ],
            [
                428.282,
                431.44899999999996
            ],
            [
                466.464,
                469.792
            ],
            [
                621.0,
                647.834
            ],
            [
                706.867,
                708.5759999999999
            ],
            [
                720.865,
                724.319
            ],
            [
                727.741,
                733.3919999999999
            ],
            [
                1176.768,
                1189.8990000000001
            ],
            [
                1239.393,
                1246.341
            ],
            [
                1252.805,
                1264.9679999999998
            ],
            [
                1267.993,
                1271.9569999999999
            ],
            [
                1285.646,
                1287.922
            ],
            [
                1810.608,
                1816.2359999999999
            ],
            [
                1837.257,
                1838.362
            ],
            [
                1849.022,
                1852.397
            ]
        ]
    },
    "D": {
        "duration": 566.4789999999996,