{
    "A": {
        "duration": 304.1880000000002,
        "intervals": [
            [
                276.996,
                279.991
            ],
            [
                1206.944,
                1207.344
            ],
            [
                1224.759,
                1227.726
            ],
            [
                1236.813,
                1304.7920000000001
            ],
            [
                1312.31,
                1351.319
            ],
            [
                1376.548,
                1377.81
            ],
            [
                1390.409,
                1417.3970000000002
            ],
            [
                1500.255,
                1528.6009999999999
            ],
            [
                1528.953,
                1561.95
            ],
            [
                1565.587,
                1577.192
            ],
            [
                1580.491,
                1581.821
            ],
            [
                1698.199,
                1700.491
            ],
            [
                1776.219,
                1779.16
            ],
            [
                1815.446,
                1818.4379999999999
            ],
            [
                1823.992,
                1842.8700000000001
            ],
            [
                1869.229,
                1873.516
            ],
            [
                1873.915,
                1918.727
            ],
            [
                1980.192,
                1984.357
            ],
            [
                1995.734,
                2002.7959999999998
            ],
            [
                2006.154,
                2007.035
            ]
        ]
    },
    "B": {
        "duration": 325.812,
        "intervals": [
            [
                271.652,
                272.929
            ],
            [
                297.299,
                299.21099999999996
            ],
            [
                309.482,
                311.242
            ],
            [
                435.086,
                438.32800000000003
            ],
            [
                465.299,
                466.298
            ],
            [
                472.21,
                474.102
            ],
            [
                553.446,
                553.706
            ],
            [
                565.454,
                586.358
            ],
            [
                639.208,
                647.609
            ],
            [
                666.664,
                761.248
            ],
            [
                1608.918,
                1610.398
            ],
            [
                1623.016,
                1625.323
            ],
            [
                1632.471,
                1633.139
            ],
            [
                1658.105,
                1658.751
            ],
            [
                1700.49,
                1701.231
            ],
            [
                1716.135,
                1716.636
            ],
            [
                1751.244,
                1754.0249999999999
            ],
            [
                1768.321,
                1768.799
            ],
            [
                1772.246,
                1772.7910000000002
            ],
            [
                1971.629,
                1972.177
            ],
            [
                1979.051,
                1980.192
            ],
            [
                2076.759,
                2200.809
            ],
            [
                2203.509,
                2203.877
            ],
            [
                2223.502,
                2225.466
            ],
            [
                2239.228,
                2257.44
            ],
            [
                2258.407,
                2292.558
            ]
        ]
    },
    "C": {
        "duration": 679.6640000000018,
        "intervals": [
            [
                0.057,
                6.6530000000000005
            ],
            [
                8.193,
                14.04
            ],
            [
                16.288,
                27.799
            ],
            [
                30.115,
                36.413
            ],
            [
                46.607,
                48.347
            ],
            [
                53.647,
                55.399
            ],
            [
                61.655,
                67.392
            ],
            [
                69.123,
                70.503
            ],
            [
                71.304,
                79.159
            ],
            [
                82.024,
                86.371
            ],
            [
                88.621,
                92.777
            ],
            [
                123.726,
                126.725
            ],
            [
                129.519,
                135.734
            ],
            [
                142.563,
                143.13299999999998
            ],
            [
                145.802,
                149.03
            ],
            [
                158.606,
                163.846
            ],
            [
                169.616,
                170.02100000000002
            ],
            [
                175.552,
                175.60399999999998
            ],
            [
                180.503,
                182.511
            ],
            [
                199.328,
                200.617
            ],
            [
                260.948,
                262.71599999999995
            ],
            [
                466.693,
                468.381
            ],
            [
                500.972,
                505.471
            ],
            [
                507.722,
                515.428
            ],
            [
                518.792,
                525.8100000000001
            ],
            [
                532.487,
                533.7189999999999
            ],
            [
                541.887,
                542.6669999999999
            ],
            [
                562.943,
                564.99
            ],
            [
                624.648,
                637.991
            ],
            [
                647.609,
                666.053
            ],
            [
                765.501,
                805.051
            ],
            [
                808.584,
                812.7370000000001
            ],
            [
                814.752,
                850.539
            ],
            [
                888.401,
                889.233
            ],
            [
                910.923,
                914.191
            ],
            [
                977.992,
                984.909
            ],
            [
                988.592,
                1002.7669999999999
            ],
            [
                1005.801,
                1006.0740000000001
            ],
            [
                1086.041,
                1115.946
            ],
            [
                1166.387,
                1187.0149999999999
            ],
            [
                1193.078,
                1206.623
            ],
            [
                1208.331,
                1224.759
            ],
            [
                1227.725,
                1231.896
            ],
            [
                1304.792,
                1308.24
            ],
            [
                1351.32,
                1375.737
            ],
            [
                1381.091,
                1383.4669999999999
            ],
            [
                1387.631,
                1390.409
            ],
            [
                1417.397,
                1479.76
            ],
            [
                1483.932,
                1487.393
            ],
            [
                1489.551,
