{
    "A": {
        "duration": 173.47899999999998,
        "intervals": [
            [
                270.103,
                370.22900000000004
            ],
            [
                402.767,
                403.594
            ],
            [
                574.034,
                576.81
            ],
            [
                608.484,
                613.822
            ],
            [
                658.154,
                713.876
            ],
            [
                716.992,
                725.682
            ]
        ]
    },
    "B": {
        "duration": 165.40600000000015,
        "intervals": [
            [
                13.758,
                14.408
            ],
            [
                410.651,
                542.614
            ],
            [
                562.628,
                573.75
            ],
            [
                576.809,
                580.7090000000001
            ],
            [
                597.596,
                608.484
            ],
            [
                619.989,
                619.9920000000001
            ],
            [
                634.993,
                641.873
            ]
        ]
    },
    "C": {
        "duration": 395.916,
        "intervals": [
            [
                0.5,
                13.014000000000001
            ],
            [
                14.408,
                266.09200000000004
            ],
            [
                370.533,
                402.57
            ],
            [
                404.62,
                409.19
            ],
            [
                542.923,
                562.4050000000001
            ],
            [
                580.709,
                597.596
            ],
            [
                613.821,
                619.209
            ],
            [
                619.993,
                634.9929999999999
            ],
            [
                641.873,
                654.08
            ],
            [
                714.233,
                716.992
            ],
            [
                726.098,
                749.486
            ]
        ]
    }
}