{
    "A": {
        "duration": 354.75400000000013,
        "intervals": [
            [
                1687.546,
                1833.1999999999998
            ],
            [
                2188.029,
                2397.1290000000004
            ]
        ]
    },
    "B": {
        "duration": 314.27500000000134,
        "intervals": [
            [
                11.527,
                16.596
            ],
            [
                17.773,
                39.958999999999996
            ],
            [
                45.122,
                46.531
            ],
            [
                49.891,
                60.665
            ],
            [
                66.854,
                78.462
            ],
            [
                86.117,
                90.307
            ],
            [
                92.711,
                115.464
            ],
            [
                290.172,
                294.441
            ],
            [
                309.017,
                312.716
            ],
            [
                474.712,
                474.791
            ],
            [
                479.861,
                479.905
            ],
            [
                637.784,
                645.192
            ],
            [
                653.483,
                657.026
            ],
            [
                778.488,
                779.168
            ],
            [
                832.457,
                833.611
            ],
            [
                867.647,
                878.143
            ],
            [
                1001.209,
                1004.549
            ],
            [
                1152.107,
                1154.2839999999999
            ],
            [
                1200.611,
                1203.054
            ],
            [
                1244.913,
                1246.955
            ],
            [
                1297.114,
                1298.113
            ],
            [
                1370.355,
                1371.761
            ],
            [
                1384.126,
                1384.389
            ],
            [
                1505.193,
                1511.99
            ],
            [
                1517.181,
                1521.115
            ],
            [
                1523.084,
                1527.05
            ],
            [
                1529.825,
                1530.208
            ],
            [
                1549.317,
                1561.1229999999998
            ],
            [
                1569.79,
                1572.211
            ],
            [
                1612.251,
                1614.774
            ],
            [
                1616.272,
                1620.5030000000002
            ],
            [
                1628.083,
                1635.646
            ],
            [
                1641.362,
                1644.1650000000002
            ],
            [
                1645.021,
                1667.721
            ],
            [
                1673.798,
                1676.162
            ],
            [
                1834.773,
                1836.801
            ],
            [
                1838.108,
                1850.148
            ],
            [
                1853.805,
                1854.9930000000002
            ],
            [
                2024.293,
                2029.962
            ],
            [
                2035.638,
                2038.9099999999999
            ],
            [
                2040.11,
                2044.78
            ],
            [
                2046.791,
                2048.192
            ],
            [
                2056.649,
                2063.558
            ],
            [
                2064.925,
                2065.8770000000004
            ],
            [
                2072.127,
                2075.409
            ],
            [
                2076.177,
                2078.7400000000002
            ],
            [
                2153.235,
                2155.284
            ],
            [
                2159.101,
                2161.9900000000002
            ],
            [
                2162.579,
                2168.813
            ],
            [
                2169.614,
                2172.635
            ],
            [
                2181.278,
                2183.323
            ],
            [
                2468.284,
                2471.214
            ],
            [
                2479.024,
                2479.39
            ],
            [
                2542.377,
                2550.3269999999998
            ],
            [
                2556.446,
                2558.327
            ],
            [
                2594.072,
                2597.366
            ],
            [
                2603.703,
                2616.191
            ],
            [
                2619.017,
                2626.248
            ],
            [
                2627.945,
                2629.568
            ],
            [
                2633.082,
                2635.303
            ],
            [
                2641.012,
                2648.692
            ],
            [
                2658.282,
                2659.4950000000003
            ],
            [
                2664.336,
                2668.712
            ],
            [
                2671.486,
                2678.7740000000003
            ]
        ]
    },
    "C": {
        "duration": 212.35300000000012,
        "intervals": [
            [
                272.263,
                272.938
            ],
            [
                1298.113,
                1298.386
            ],
            [
                1860.673,
                2004.5910000000001
            ],
            [
                2008.105,
                2008.377
            ],
            [
                2400.843,
                2468.058
            ]
        ]
    },
    "D": {
        "duration": 166.47699999999918,
        "intervals": [
            [
                1582.318,
                1582.9859999999999
            ],
            [
                2079.505,
                2152.3579999999997
            ],
            [
                2479.607,
                2542.377
            ],
            [
                2561.686,
                2591.872
            ]
        ]
    },
    "E": {
        "duration": 443.38699999999983,
        "intervals": [
            [
                127.514,
                221.52599999999998
            ],
            [
                224.2,
                272.26300000000003
            ],
            [
                273.117,
                278.44599999999997
            ],
            [
                283.056,
                288.603
            ],
            [
                661.269,
                768.204
            ],
            [
                1010.831,
                1055.06
            ],
            [
                1057.018,
                1065.936
            ],
            [
                1098.083,
                1142.3890000000001
            ],
            [
                1302.352,
                1368.6699999999998
            ],
            [
                1581.301,
                1582.008
            ],
            [
                1584.043,
                1603.066
            ]
        ]
    },
    "F": {
        "duration": 388.5470000000004,