{
    "A": {
        "duration": 255.91600000000065,
        "intervals": [
            [
                1.21,
                6.247
            ],
            [
                11.514,
                12.982
            ],
            [
                36.08,
                37.668
            ],
            [
                41.399,
                41.426
            ],
            [
                60.151,
                63.681000000000004
            ],
            [
                65.531,
                67.203
            ],
            [
                86.743,
                87.253
            ],
            [
                98.962,
                101.706
            ],
            [
                113.273,
                113.3
            ],
            [
                124.784,
                125.991
            ],
            [
                152.807,
                156.26999999999998
            ],
            [
                161.968,
                166.467
            ],
            [
                405.494,
                408.59200000000004
            ],
            [
                437.123,
                438.137
            ],
            [
                677.381,
                678.4309999999999
            ],
            [
                682.408,
                684.5020000000001
            ],
            [
                854.364,
                855.392
            ],
            [
                870.904,
                873.263
            ],
            [
                934.278,
                935.792
            ],
            [
                945.397,
                946.442
            ],
            [
                957.341,
                958.109
            ],
            [
                973.117,
                974.723
            ],
            [
                998.914,
                999.792
            ],
            [
                1179.031,
                1185.2459999999999
            ],
            [
                1208.495,
                1230.809
            ],
            [
                1246.526,
                1248.4060000000002
            ],
            [
                1251.025,
                1254.2330000000002
            ],
            [
                1257.582,
                1257.592
            ],
            [
                1271.42,
                1280.403
            ],
            [
                1282.829,
                1290.5510000000002
            ],
            [
                1293.928,
                1316.618
            ],
            [
                1321.662,
                1324.922
            ],
            [
                1326.378,
                1328.511
            ],
            [
                1383.377,
                1385.9669999999999
            ],
            [
                1391.438,
                1391.6370000000002
            ],
            [
                1412.409,
                1414.933
            ],
            [
                1546.209,
                1549.5990000000002
            ],
            [
                1553.918,
                1554.8069999999998
            ],
            [
                1564.076,
                1580.409
            ],
            [
                1585.312,
                1591.2839999999999
            ],
            [
                1599.824,
                1627.128
            ],
            [
                1914.641,
                1923.4830000000002
            ],
            [
                1928.991,
                1936.551
            ],
            [
                1944.992,
                1954.633
            ],
            [
                1960.394,
                1963.109
            ],
            [
                1966.138,
                1979.894
            ],
            [
                2003.273,
                2025.331
            ],
            [
                2038.244,
                2040.203
            ],
            [
                2046.492,
                2048.09
            ],
            [
                2050.265,
                2052.113
            ],
            [
                2169.156,
                2175.253
            ]
        ]
    },
    "B": {
        "duration": 160.01499999999996,
        "intervals": [
            [
                223.682,
                224.12099999999998
            ],
            [
                469.82,
                470.414
            ],
            [
                876.506,
                877.13
            ],
            [
                1422.88,
                1423.054
            ],
            [
                1429.115,
                1430.463
            ],
            [
                1518.046,
                1518.2920000000001
            ],
            [
                1651.31,
                1726.1589999999999
            ],
            [
                1728.314,
                1761.622
            ],
            [
                1764.97,
                1787.191
            ],
            [
                1790.233,
                1811.359
            ],
            [
                1824.37,
                1829.456
            ]
        ]
    },
    "C": {
        "duration": 470.5549999999994,