{
    "A": {
        "duration": 103.85900000000001,
        "intervals": [
            [
                7.412,
                20.927
            ],
            [
                74.957,
                101.592
            ],
            [
                113.03,
                149.89700000000002
            ],
            [
                169.396,
                186.54299999999998
            ],
            [
                203.337,
                213.03199999999998
            ]
        ]
    },
    "B": {
        "duration": 187.0750000000001,
        "intervals": [
            [
                267.992,
                319.86899999999997
            ],
            [
                323.846,
                353.401
            ],
            [
                353.95,
                362.772
            ],
            [
                364.844,
                368.712
            ],
            [
                383.592,
                387.25399999999996
            ],
            [
                417.472,
                424.84299999999996
            ],
            [
                938.792,
                948.477
            ],
            [
                953.993,
                957.859
            ],
            [
                969.381,
                971.2579999999999
            ],
            [
                974.157,
                980.576
            ],
            [
                1089.705,
                1093.654
            ],
            [
                1096.735,
                1104.5600000000002
            ],
            [
                1114.305,
                1118.5420000000001
            ],
            [
                1127.594,
                1131.482
            ],
            [
                1146.516,
                1153.2859999999998
            ],
            [
                1155.759,
                1161.41
            ],
            [
                1180.393,
                1186.392
            ],
            [
                1197.664,
                1212.249
            ],
            [
                1582.991,
                1584.633
            ],
            [
                1602.793,
                1608.32
            ]
        ]
    },
    "C": {
        "duration": 478.3970000000004,
        "intervals": [
            [
                23.615,
                62.147
            ],
            [
                223.683,
                247.959
            ],
            [
                249.531,
                267.273
            ],
            [
                447.263,
                448.839
            ],
            [
                454.484,
                484.697
            ],
            [
                518.279,
                526.085
            ],
            [
                676.137,
                678.4119999999999
            ],
            [
                692.862,
                724.3629999999999
            ],
            [
                730.85,
                750.603
            ],
            [
                752.509,
                781.123
            ],
            [
                923.582,
                927.4970000000001
            ],
            [
                933.96,
                938.791
            ],
            [
                981.413,
                1005.932
            ],
            [
                1176.765,
                1177.904
            ],
            [
                1223.686,
                1320.6000000000001
            ],
            [
                1418.47,
                1447.362
            ],
            [
                1476.154,
                1538.5049999999999
            ],
            [
                1690.598,
                1692.94
            ],
            [
                1733.106,
                1738.209
            ],
            [
                1746.898,
                1759.1319999999998
            ],
            [
                1787.638,
                1821.507
            ]
        ]
    },
    "D": {
        "duration": 178.24199999999985,
        "intervals": [
            [
                0.01,
                0.034
            ],
            [
                21.811,
                22.433999999999997
            ],
            [
                150.756,
                168.886
            ],
            [
                441.131,
                442.046
            ],
            [
                782.337,
                852.267
            ],
            [
                862.593,
                867.006
            ],
            [
                879.409,
                881.287
            ],
            [
                1104.56,
                1108.6399999999999
            ],
            [
                1406.401,
                1409.7
            ],
            [
                1686.791,
                1690.598
            ],
            [
                1692.941,
                1702.484
            ],
            [
                1705.469,
                1733.107
            ],
            [
                1738.479,
                1739.834
            ],
            [
                1742.6,
                1746.898
            ],
            [
                1759.133,
                1787.442
            ]
        ]
    },
    "E": {
        "duration": 122.02199999999964,
        "intervals": [
            [
                63.577,
                74.415
            ],
            [
                188.458,
                194.23000000000002
            ],
            [
                194.846,
                199.751
            ],
            [
                597.792,
                611.392
            ],
            [
                633.666,
                646.3950000000001
            ],
            [
                853.195,
                854.456
            ],
            [
                856.362,
                862.592
            ],
            [
                867.392,
                878.795
            ],
            [
                885.467,
                923.146
            ],
            [
                927.811,
                933.592
            ],
            [
                1008.6,
                1010.392
            ],
            [
                1323.429,
                1324.49
            ],
            [
                1328.645,
                1332.088
            ],
            [
                1389.337,
                1389.34
            ],
            [
                1399.294,
                1401.3310000000001
            ],
            [
                1449.232,
                1449.7939999999999
            ],
            [
                1471.62,
                1474.5459999999998
            ]
        ]
    },
    "F": {
        "duration": 232.51599999999985,