{
    "A": {
        "duration": 414.52499999999884,
        "intervals": [
            [
                64.625,
                67.498
            ],
            [
                359.841,
                366.441
            ],
            [
                368.773,
                377.99199999999996
            ],
            [
                413.812,
                419.192
            ],
            [
                449.074,
                452.594
            ],
            [
                501.188,
                504.981
            ],
            [
                513.14,
                516.064
            ],
            [
                518.522,
                518.601
            ],
            [
                537.406,
                538.809
            ],
            [
                540.994,
                543.3820000000001
            ],
            [
                630.816,
                638.526
            ],
            [
                649.068,
                658.2330000000001
            ],
            [
                660.218,
                662.213
            ],
            [
                665.702,
                681.627
            ],
            [
                703.885,
                706.335
            ],
            [
                798.258,
                801.869
            ],
            [
                842.105,
                853.2860000000001
            ],
            [
                868.411,
                885.823
            ],
            [
                889.517,
                907.236
            ],
            [
                912.824,
                919.06
            ],
            [
                958.46,
                963.485
            ],
            [
                982.49,
                984.356
            ],
            [
                1011.481,
                1014.414
            ],
            [
                1017.854,
                1027.528
            ],
            [
                1034.201,
                1037.178
            ],
            [
                1041.373,
                1043.916
            ],
            [
                1074.885,
                1079.078
            ],
            [
                1083.25,
                1094.015
            ],
            [
                1158.425,
                1166.927
            ],
            [
                1186.409,
                1187.602
            ],
            [
                1201.665,
                1205.9279999999999
            ],
            [
                1213.996,
                1220.3609999999999
            ],
            [
                1275.527,
                1287.453
            ],
            [
                1295.411,
                1320.69
            ],
            [
                1327.99,
                1333.2949999999998
            ],
            [
                1355.068,
                1366.994
            ],
            [
                1391.594,
                1395.512
            ],
            [
                1402.235,
                1415.412
            ],
            [
                1539.262,
                1543.4569999999999
            ],
            [
                1595.793,
                1599.946
            ],
            [
                1603.022,
                1608.3919999999998
            ],
            [
                1619.936,
                1630.442
            ],
            [
                1696.391,
                1700.492
            ],
            [
                1704.169,
                1705.568
            ],
            [
                1707.458,
                1710.9830000000002
            ],
            [
                1712.797,
                1714.208
            ],
            [
                1721.69,
                1731.808
            ],
            [
                1734.65,
                1747.401
            ],
            [
                1751.88,
                1753.3670000000002
            ],
            [
                1790.805,
                1790.9270000000001
            ],
            [
                1802.193,
                1802.849
            ],
            [
                1824.68,
                1827.636
            ],
            [
                1831.062,
                1848.229
            ],
            [
                1915.026,
                1921.7440000000001
            ],
            [
                1931.106,
                1938.229
            ],
            [
                1956.702,
                1959.588
            ],
            [
                1962.271,
                1966.81
            ],
            [
                1976.562,
                1979.195
            ],
            [
                1987.917,
                1995.062
            ],
            [
                2012.005,
                2015.433
            ],
            [
                2016.787,
                2028.0339999999999
            ],
            [
                2034.47,
                2038.844
            ],
            [
                2042.471,
                2063.573
            ]
        ]
    },
    "B": {
        "duration": 142.71299999999997,
        "intervals": [
            [
                9.327,
                46.901
            ],
            [
                113.157,
                119.50399999999999
            ],
            [
                135.263,
                159.392
            ],
            [
                165.632,
                182.667
            ],
            [
                187.043,
                213.954
            ],
            [
                217.338,
                230.956
            ],
            [
                235.931,
                252.448
            ],
            [
                803.412,
                803.994
            ]
        ]
    },
    "C": {
        "duration": 69.586,
        "intervals": [
            [
                0.412,
                0.954
            ],
            [
                91.908,
                112.991
            ],
            [
                119.504,
                133.936
            ],
            [
                159.877,
                164.548
            ],
            [
                183.136,
                187.042
            ],
            [
                214.419,
                217.338
            ],
            [
                231.498,
                235.03
            ],
            [
                252.89,
                254.80499999999998
            ],
            [
                272.396,
                276.49
            ],
            [
                289.367,
                301.85900000000004
            ]
        ]
    },
    "D": {
        "duration": 122.52900000000028,
        "intervals": [
            [
                282.644,
                288.844
            ],
            [
                543.382,
                591.83
            ],
            [
                594.727,
                630.816
            ],
            [
                853.286,
                859.7900000000001
            ],
            [
                1339.349,
                1343.441
            ],
            [
                1523.24,
                1539.261
            ],
            [
                1543.457,
                1547.2740000000001
            ],
            [
                1705.568,
                1706.926
            ]
        ]
    },
    "E": {
        "duration": 61.98700000000008,
        "intervals": [
            [
                1096.877,
                1158.424
            ],
            [
                1256.393,
                1256.833
            ]
        ]
    },
    "F": {
        "duration": 280.44099999999975,