{
    "A": {
        "duration": 184.61700000000013,
        "intervals": [
            [
                311.477,
                448.969
            ],
            [
                451.288,
                452.11
            ],
            [
                490.71,
                491.667
            ],
            [
                660.607,
                697.1320000000001
            ],
            [
                702.165,
                703.42
            ],
            [
                712.886,
                719.698
            ],
            [
                992.392,
                993.1460000000001
            ]
        ]
    },
    "B": {
        "duration": 354.77899999999954,
        "intervals": [
            [
                15.636,
                25.401
            ],
            [
                37.53,
                39.697
            ],
            [
                42.8,
                46.032
            ],
            [
                52.475,
                53.177
            ],
            [
                62.751,
                67.443
            ],
            [
                91.932,
                97.538
            ],
            [
                107.322,
                117.267
            ],
            [
                122.717,
                131.772
            ],
            [
                132.14,
                146.50400000000002
            ],
            [
                150.334,
                156.13299999999998
            ],
            [
                202.483,
                214.79199999999997
            ],
            [
                216.992,
                219.255
            ],
            [
                277.417,
                279.813
            ],
            [
                282.192,
                299.06600000000003
            ],
            [
                300.95,
                310.353
            ],
            [
                455.488,
                476.192
            ],
            [
                478.607,
                490.482
            ],
            [
                491.667,
                503.812
            ],
            [
                566.809,
                570.125
            ],
            [
                603.541,
                610.585
            ],
            [
                641.453,
                644.838
            ],
            [
                856.913,
                864.97
            ],
            [
                866.283,
                880.592
            ],
            [
                883.428,
                890.745
            ],
            [
                906.648,
                913.731
            ],
            [
                919.607,
                920.149
            ],
            [
                927.318,
                931.363
            ],
            [
                934.001,
                936.611
            ],
            [
                942.057,
                944.992
            ],
            [
                946.696,
                947.823
            ],
            [
                950.447,
                951.591
            ],
            [
                954.707,
                962.357
            ],
            [
                964.211,
                964.626
            ],
            [
                966.514,
                972.266
            ],
            [
                977.604,
                985.898
            ],
            [
                989.915,
                991.111
            ],
            [
                993.146,
                997.439
            ],
            [
                1002.998,
                1036.1399999999999
            ],
            [
                1037.112,
                1054.3159999999998
            ],
            [
                1056.599,
                1086.542
            ],
            [
                1087.557,
                1095.142
            ],
            [
                1148.85,
                1152.0649999999998
            ],
            [
                1177.286,
                1193.6290000000001
            ],
            [
                1196.714,
                1200.251
            ]
        ]
    },
    "C": {
        "duration": 193.89400000000012,
        "intervals": [
            [
                504.414,
                541.814
            ],
            [
                548.569,
                563.811
            ],
            [
                570.659,
                603.541
            ],
            [
                610.914,
                621.391
            ],
            [
                622.596,
                640.951
            ],
            [
                645.722,
                660.607
            ],
            [
                722.812,
                743.293
            ],
            [
                746.835,
                756.113
            ],
            [
                834.513,
                853.927
            ],
            [
                890.914,
                906.394
            ]
        ]
    },
    "D": {
        "duration": 133.38599999999997,
        "intervals": [
            [
                2.005,
                4.411
            ],
            [
                7.263,
                9.378
            ],
            [
                15.243,
                15.636000000000001
            ],
            [
                156.133,
                156.99200000000002
            ],
            [
                449.167,
                451.01099999999997
            ],
            [
                452.392,
                454.835
            ],
            [
                476.192,
                478.445
            ],
            [
                541.814,
                548.569
            ],
            [
                563.811,
                566.8100000000001
            ],
            [
                621.392,
                622.163
            ],
            [
                645.271,
                645.722
            ],
            [
                697.132,
                701.911
            ],
            [
                703.964,
                712.6800000000001
            ],
            [
                719.891,
                722.409
            ],
            [
                743.293,
                746.835
            ],
            [
                756.113,
                834.513
            ],
            [
                853.927,
                856.912
            ],
            [
                914.765,
                914.848
            ],
            [
                986.339,
                987.488
            ],
            [
                987.883,
                989.759
            ],
            [
                1173.766,
                1177.006
            ],
            [
                1193.63,
                1196.439
            ]
        ]
    },
    "E": {
        "duration": 137.43799999999956,