{
    "A": {
        "duration": 474.5949999999989,
        "intervals": [
            [
                8.701,
                8.708
            ],
            [
                16.715,
                19.535
            ],
            [
                33.797,
                35.809
            ],
            [
                37.456,
                38.74
            ],
            [
                42.304,
                42.898
            ],
            [
                48.269,
                50.351
            ],
            [
                60.21,
                62.144
            ],
            [
                66.462,
                68.342
            ],
            [
                75.867,
                78.69900000000001
            ],
            [
                100.666,
                104.839
            ],
            [
                113.191,
                114.958
            ],
            [
                154.767,
                158.081
            ],
            [
                166.114,
                173.338
            ],
            [
                398.67,
                402.793
            ],
            [
                406.863,
                412.973
            ],
            [
                434.695,
                442.984
            ],
            [
                447.066,
                450.14399999999995
            ],
            [
                458.796,
                460.813
            ],
            [
                613.865,
                620.711
            ],
            [
                624.34,
                630.926
            ],
            [
                633.297,
                638.2879999999999
            ],
            [
                640.951,
                641.626
            ],
            [
                659.622,
                661.557
            ],
            [
                789.792,
                807.838
            ],
            [
                841.926,
                844.034
            ],
            [
                847.67,
                857.225
            ],
            [
                890.087,
                897.828
            ],
            [
                900.423,
                903.326
            ],
            [
                929.6,
                930.081
            ],
            [
                935.935,
                945.4899999999999
            ],
            [
                953.412,
                955.196
            ],
            [
                958.438,
                964.681
            ],
            [
                1007.81,
                1010.5909999999999
            ],
            [
                1014.614,
                1016.504
            ],
            [
                1023.368,
                1026.8110000000001
            ],
            [
                1030.288,
                1032.679
            ],
            [
                1120.213,
                1133.499
            ],
            [
                1135.871,
                1152.641
            ],
            [
                1154.81,
                1155.768
            ],
            [
                1393.995,
                1399.4389999999999
            ],
            [
                1402.043,
                1405.1619999999998
            ],
            [
                1409.177,
                1416.153
            ],
            [
                1418.448,
                1427.243
            ],
            [
                1524.467,
                1547.309
            ],
            [
                1551.381,
                1560.445
            ],
            [
                1564.88,
                1567.016
            ],
            [
                1572.011,
                1575.882
            ],
            [
                1581.655,
                1583.327
            ],
            [
                1590.032,
                1591.849
            ],
            [
                1597.104,
                1598.219
            ],
            [
                1749.566,
                1764.242
            ],
            [
                1768.89,
                1779.0030000000002
            ],
            [
                1781.409,
                1791.2089999999998
            ],
            [
                1792.621,
                1800.422
            ],
            [
                1896.642,
                1923.7160000000001
            ],
            [
                1927.007,
                1930.304
            ],
            [
                2012.237,
                2013.741
            ],
            [
                2066.41,
                2069.024
            ],
            [
                2073.047,
                2105.801
            ],
            [
                2235.592,
                2257.343
            ],
            [
                2276.554,
                2295.176
            ],
            [
                2336.401,
                2347.549
            ],
            [
                2351.609,
                2371.477
            ],
            [
                2440.795,
                2450.245
            ],
            [
                2453.092,
                2469.038
            ],
            [
                2471.126,
                2479.1169999999997
            ],
            [
                2484.817,
                2493.8230000000003
            ],
            [
                2497.331,
                2499.8450000000003
            ],
            [
                2511.859,
                2512.931
            ],
            [
                2516.191,
                2520.426
            ]
        ]
    },
    "B": {
        "duration": 326.1559999999991,
        "intervals": [
            [
                227.939,
                228.19199999999998
            ],
            [
                857.473,
                890.087
            ],
            [
                904.652,
                929.5989999999999
            ],
            [
                930.229,
                932.754
            ],
            [
                965.193,
                996.158
            ],
            [
                1386.209,
                1391.2489999999998
            ],
            [
                1428.521,
                1478.4569999999999
            ],
            [
                1482.29,
                1493.1000000000001
            ],
            [
                1494.745,
                1497.965
            ],
            [
                1691.894,
                1692.324
            ],
            [
                1923.949,
                1927.007
            ],
            [
                1930.606,
                2007.8059999999998
            ],
            [
                2020.083,
                2060.859
            ],
            [
                2260.703,
                2276.5539999999996
            ],
            [
                2298.338,
                2326.869
            ]
        ]
    },
    "C": {
        "duration": 344.5260000000003,