{
    "A": {
        "duration": 477.58699999999965,
        "intervals": [
            [
                28.217,
                30.933999999999997
            ],
            [
                194.81,
                205.409
            ],
            [
                330.399,
                332.957
            ],
            [
                333.992,
                339.87100000000004
            ],
            [
                341.936,
                376.237
            ],
            [
                382.897,
                387.792
            ],
            [
                390.206,
                468.80400000000003
            ],
            [
                470.112,
                471.857
            ],
            [
                639.201,
                641.5310000000001
            ],
            [
                669.548,
                671.878
            ],
            [
                695.603,
                698.419
            ],
            [
                720.927,
                721.509
            ],
            [
                726.967,
                732.823
            ],
            [
                739.333,
                743.4399999999999
            ],
            [
                762.991,
                770.533
            ],
            [
                773.407,
                777.889
            ],
            [
                790.007,
                792.721
            ],
            [
                918.051,
                921.4830000000001
            ],
            [
                1004.16,
                1007.4639999999999
            ],
            [
                1108.674,
                1213.568
            ],
            [
                1288.59,
                1289.866
            ],
            [
                1320.884,
                1340.807
            ],
            [
                1342.945,
                1358.408
            ],
            [
                1396.443,
                1402.685
            ],
            [
                1408.811,
                1417.5929999999998
            ],
            [
                1590.489,
                1596.993
            ],
            [
                1617.443,
                1626.336
            ],
            [
                1664.685,
                1670.2269999999999
            ],
            [
                1725.609,
                1728.383
            ],
            [
                1728.992,
                1766.519
            ],
            [
                1769.465,
                1804.9779999999998
            ],
            [
                1805.308,
                1808.003
            ],
            [
                1815.991,
                1835.4089999999999
            ],
            [
                1840.207,
                1840.835
            ],
            [
                1845.153,
                1865.879
            ]
        ]
    },
    "B": {
        "duration": 316.4229999999999,
        "intervals": [
            [
                17.18,
                23.673
            ],
            [
                139.347,
                154.708
            ],
            [
                156.797,
                159.089
            ],
            [
                174.597,
                177.812
            ],
            [
                184.791,
                185.822
            ],
            [
                213.612,
                216.228
            ],
            [
                282.509,
                286.033
            ],
            [
                289.725,
                291.89700000000005
            ],
            [
                313.217,
                314.101
            ],
            [
                388.26,
                390.206
            ],
            [
                472.218,
                476.34700000000004
            ],
            [
                485.209,
                512.6969999999999
            ],
            [
                516.238,
                532.411
            ],
            [
                535.823,
                538.604
            ],
            [
                543.792,
                550.005
            ],
            [
                557.263,
                561.3430000000001
            ],
            [
                569.123,
                579.295
            ],
            [
                585.394,
                599.1030000000001
            ],
            [
                605.875,
                624.873
            ],
            [
                628.082,
                630.9
            ],
            [
                664.489,
                669.548
            ],
            [
                673.979,
                677.567
            ],
            [
                689.099,
                689.3960000000001
            ],
            [
                803.08,
                807.9920000000001
            ],
            [
                811.817,
                811.955
            ],
            [
                814.293,
                846.9019999999999
            ],
            [
                849.705,
                852.747
            ],
            [
                868.796,
                869.3190000000001
            ],
            [
                1070.697,
                1078.5929999999998
            ],
            [
                1089.848,
                1089.991
            ],
            [
                1104.209,
                1104.25
            ],
            [
                1218.272,
                1220.624
            ],
            [
                1227.71,
                1247.047
            ],
            [
                1249.595,
                1252.645
            ],
            [
                1255.309,
                1261.899
            ],
            [
                1269.392,
                1270.457
            ],
            [
                1364.936,
                1376.003
            ],
            [
                1376.88,
                1378.429
            ],
            [
                1381.911,
                1390.905
            ],
            [
                1430.646,
                1450.1290000000001
            ],
            [
                1571.383,
                1574.375
            ],
            [
                1586.179,
                1588.0120000000002
            ],
            [
                1635.209,
                1655.412
            ],
            [
                1657.039,
                1661.791
            ],
            [
                1687.379,
                1689.21
            ],
            [
                1879.451,
                1881.945
            ],
            [
                1885.289,
                1888.152
            ],
            [
                1890.01,
                1891.635
            ]
        ]
    },
    "C": {
        "duration": 273.44899999999984,