{
    "A": {
        "duration": 285.73600000000056,
        "intervals": [
            [
                0.074,
                7.938
            ],
            [
                445.343,
                508.99
            ],
            [
                1530.368,
                1535.212
            ],
            [
                1536.27,
                1579.176
            ],
            [
                1580.281,
                1667.9930000000002
            ],
            [
                2732.149,
                2803.726
            ],
            [
                2969.042,
                2976.228
            ]
        ]
    },
    "B": {
        "duration": 169.21600000000043,
        "intervals": [
            [
                150.341,
                151.758
            ],
            [
                596.808,
                597.593
            ],
            [
                646.979,
                666.941
            ],
            [
                667.388,
                677.457
            ],
            [
                680.214,
                684.048
            ],
            [
                1215.096,
                1216.784
            ],
            [
                1240.522,
                1245.677
            ],
            [
                1308.558,
                1316.127
            ],
            [
                1317.801,
                1336.775
            ],
            [
                1339.084,
                1353.7900000000002
            ],
            [
                1579.176,
                1579.551
            ],
            [
                1667.993,
                1669.498
            ],
            [
                1738.793,
                1745.599
            ],
            [
                1748.711,
                1769.666
            ],
            [
                1777.442,
                1781.826
            ],
            [
                1784.972,
                1794.432
            ],
            [
                2609.192,
                2613.952
            ],
            [
                2628.609,
                2631.3889999999997
            ],
            [
                2636.375,
                2651.4610000000002
            ],
            [
                2652.154,
                2655.302
            ],
            [
                2659.291,
                2673.113
            ],
            [
                2676.815,
                2678.791
            ]
        ]
    },
    "C": {
        "duration": 208.50900000000019,
        "intervals": [
            [
                373.835,
                409.644
            ],
            [
                410.935,
                437.162
            ],
            [
                1007.345,
                1007.818
            ],
            [
                1397.382,
                1505.773
            ],
            [
                2133.027,
                2134.195
            ],
            [
                2681.176,
                2717.617
            ]
        ]
    },
    "D": {
        "duration": 409.7230000000003,
        "intervals": [
            [
                763.314,
                765.4989999999999
            ],
            [
                771.792,
                774.8430000000001
            ],
            [
                785.201,
                798.393
            ],
            [
                813.515,
                817.295
            ],
            [
                818.643,
                819.8430000000001
            ],
            [
                822.702,
                827.687
            ],
            [
                830.734,
                879.067
            ],
            [
                1106.69,
                1111.083
            ],
            [
                1137.917,
                1144.704
            ],
            [
                1146.833,
                1151.558
            ],
            [
                1168.595,
                1178.268
            ],
            [
                1246.052,
                1254.192
            ],
            [
                1272.306,
                1275.085
            ],
            [
                1284.989,
                1294.392
            ],
            [
                1356.046,
                1366.1680000000001
            ],
            [
                1390.395,
                1390.79
            ],
            [
                1811.241,
                1815.367
            ],
            [
                1820.904,
                1828.277
            ],
            [
                1859.018,
                1860.739
            ],
            [
                1863.793,
                1875.2089999999998
            ],
            [
                1883.431,
                1886.185
            ],
            [
                1887.992,
                1921.3319999999999
            ],
            [
                1924.634,
                1950.083
            ],
            [
                1955.274,
                1962.733
            ],
            [
                1964.215,
                1964.234
            ],
            [
                1973.192,
                1980.592
            ],
            [
                2002.592,
                2005.4840000000002
            ],
            [
                2010.466,
                2018.858
            ],
            [
                2043.392,
                2046.144
            ],
            [
                2050.92,
                2053.914
            ],
            [
                2057.68,
                2090.117
            ],
            [
                2108.897,
                2119.581
            ],
            [
                2372.709,
                2387.6319999999996
            ],
            [
                2420.034,
                2424.106
            ],
            [
                2469.599,
                2486.052
            ],
            [
                2499.193,
                2516.5930000000003
            ],
            [
                2517.976,
                2520.106
            ],
            [
                2524.762,
                2554.511
            ],
            [
                2567.406,
                2571.27
            ],
            [
                2579.847,
                2588.163
            ],
            [
                2589.04,
                2603.6479999999997
            ],
            [
                2606.415,
                2609.1929999999998
            ],
            [
                2678.792,
                2679.697
            ],
            [
                2968.586,
                2968.7599999999998
            ]
        ]
    },
    "E": {
        "duration": 198.0969999999997,