{
    "A": {
        "duration": 197.76600000000002,
        "intervals": [
            [
                97.997,
                107.718
            ],
            [
                112.457,
                117.79299999999999
            ],
            [
                161.045,
                252.423
            ],
            [
                306.413,
                397.744
            ]
        ]
    },
    "B": {
        "duration": 115.04900000000009,
        "intervals": [
            [
                508.557,
                594.014
            ],
            [
                1098.1,
                1127.692
            ]
        ]
    },
    "C": {
        "duration": 276.7280000000001,
        "intervals": [
            [
                0.13,
                31.553
            ],
            [
                34.298,
                93.528
            ],
            [
                129.126,
                161.04500000000002
            ],
            [
                252.423,
                306.413
            ],
            [
                397.744,
                437.98900000000003
            ],
            [
                449.95,
                457.415
            ],
            [
                459.044,
                465.993
            ],
            [
                481.791,
                496.589
            ],
            [
                497.424,
                502.697
            ],
            [
                601.793,
                611.591
            ],
            [
                843.905,
                850.539
            ],
            [
                906.093,
                915.097
            ]
        ]
    },
    "D": {
        "duration": 169.08400000000017,
        "intervals": [
            [
                631.992,
                640.01
            ],
            [
                647.792,
                656.2330000000001
            ],
            [
                673.301,
                679.216
            ],
            [
                686.347,
                694.904
            ],
            [
                735.1,
                805.491
            ],
            [
                814.793,
                843.589
            ],
            [
                1025.509,
                1032.809
            ],
            [
                1044.09,
                1066.51
            ],
            [
                1068.223,
                1077.469
            ]
        ]
    },
    "E": {
        "duration": 81.10900000000015,
        "intervals": [
            [
                851.116,
                896.812
            ],
            [
                941.615,
                948.1129999999999
            ],
            [
                1005.156,
                1011.6919999999999
            ],
            [
                1014.728,
                1025.509
            ],
            [
                1032.809,
                1038.95
            ],
            [
                1324.379,
                1329.836
            ]
        ]
    },
    "F": {
        "duration": 251.8329999999994,
        "intervals": [
            [
                444.501,
                449.61199999999997
            ],
            [
                614.675,
                620.716
            ],
            [
                640.01,
                647.793
            ],
            [
                656.233,
                664.851
            ],
            [
                666.726,
                672.995
            ],
            [
                679.215,
                686.346
            ],
            [
                694.904,
                704.5899999999999
            ],
            [
                728.587,
                734.925
            ],
            [
                923.245,
                929.048
            ],
            [
                933.755,
                939.4939999999999
            ],
            [
                948.113,
                962.8900000000001
            ],
            [
                969.481,
                980.6089999999999
            ],
            [
                989.088,
                1000.6809999999999
            ],
            [
                1077.469,
                1083.23
            ],
            [
                1135.819,
                1147.036
            ],
            [
                1153.477,
                1185.992
            ],
            [
                1297.988,
                1324.114
            ],
            [
                1333.911,
                1353.3919999999998
            ],
            [
                1407.282,
                1415.8429999999998
            ],
            [
                1418.393,
                1460.548
            ]
        ]
    },
    "G": {
        "duration": 161.07099999999969,
        "intervals": [
            [
                117.793,
                123.82100000000001
            ],
            [
                1185.992,
                1267.4219999999998
            ],
            [
                1267.593,
                1280.804
            ],
            [
                1284.857,
                1297.797
            ],
            [
                1355.299,
                1375.7659999999998
            ],
            [
                1377.457,
                1404.452
            ]
        ]
    }
}