{
    "A": {
        "duration": 132.76,
        "intervals": [
            [
                8.994,
                38.862
            ],
            [
                53.474,
                62.867
            ],
            [
                102.784,
                104.331
            ],
            [
                170.61,
                172.23000000000002
            ],
            [
                175.618,
                178.299
            ],
            [
                196.884,
                204.60899999999998
            ],
            [
                229.773,
                247.838
            ],
            [
                258.35,
                265.584
            ],
            [
                281.602,
                291.40700000000004
            ],
            [
                295.286,
                304.59999999999997
            ],
            [
                314.273,
                339.596
            ],
            [
                378.371,
                385.873
            ],
            [
                1710.393,
                1713.076
            ]
        ]
    },
    "B": {
        "duration": 319.5709999999997,
        "intervals": [
            [
                2.091,
                8.995000000000001
            ],
            [
                142.071,
                146.075
            ],
            [
                162.233,
                168.09199999999998
            ],
            [
                172.51,
                174.67
            ],
            [
                178.3,
                184.50300000000001
            ],
            [
                185.846,
                190.689
            ],
            [
                291.408,
                295.286
            ],
            [
                339.596,
                342.343
            ],
            [
                569.265,
                577.354
            ],
            [
                673.793,
                675.312
            ],
            [
                686.409,
                691.156
            ],
            [
                1074.03,
                1076.736
            ],
            [
                1087.82,
                1090.6419999999998
            ],
            [
                1278.995,
                1282.53
            ],
            [
                1293.442,
                1296.294
            ],
            [
                1364.644,
                1364.816
            ],
            [
                1370.78,
                1373.501
            ],
            [
                1380.115,
                1436.994
            ],
            [
                1439.854,
                1476.029
            ],
            [
                1551.214,
                1554.889
            ],
            [
                1667.723,
                1704.492
            ],
            [
                1707.74,
                1710.393
            ],
            [
                1713.076,
                1715.648
            ],
            [
                1734.392,
                1743.127
            ],
            [
                1745.935,
                1748.161
            ],
            [
                1751.61,
                1756.2669999999998
            ],
            [
                1759.862,
                1778.239
            ],
            [
                1782.316,
                1845.197
            ],
            [
                1849.323,
                1858.862
            ],
            [
                1881.206,
                1886.336
            ],
            [
                1890.596,
                1894.138
            ]
        ]
    },
    "C": {
        "duration": 113.53599999999994,
        "intervals": [
            [
                39.278,
                46.955999999999996
            ],
            [
                97.234,
                102.487
            ],
            [
                104.331,
                110.793
            ],
            [
                130.089,
                142.07
            ],
            [
                146.84,
                152.072
            ],
            [
                191.204,
                196.56
            ],
            [
                204.609,
                228.834
            ],
            [
                248.424,
                257.226
            ],
            [
                266.056,
                279.109
            ],
            [
                305.411,
                313.991
            ],
            [
                352.745,
                358.428
            ],
            [
                367.001,
                378.23199999999997
            ]
        ]
    },
    "D": {
        "duration": 247.51999999999936,