{
    "A": {
        "duration": 216.86699999999948,
        "intervals": [
            [
                207.968,
                207.993
            ],
            [
                212.475,
                215.516
            ],
            [
                220.631,
                223.307
            ],
            [
                238.211,
                239.31300000000002
            ],
            [
                242.268,
                243.343
            ],
            [
                246.623,
                247.006
            ],
            [
                254.409,
                263.298
            ],
            [
                266.99,
                271.102
            ],
            [
                526.252,
                528.846
            ],
            [
                552.079,
                554.126
            ],
            [
                558.645,
                561.424
            ],
            [
                561.705,
                564.272
            ],
            [
                566.929,
                568.905
            ],
            [
                583.556,
                587.267
            ],
            [
                607.954,
                609.7339999999999
            ],
            [
                616.351,
                623.509
            ],
            [
                633.364,
                640.971
            ],
            [
                646.891,
                649.151
            ],
            [
                973.703,
                978.843
            ],
            [
                1219.865,
                1224.89
            ],
            [
                1227.084,
                1232.567
            ],
            [
                1233.168,
                1236.5949999999998
            ],
            [
                1241.59,
                1244.665
            ],
            [
                1251.752,
                1255.542
            ],
            [
                1274.695,
                1274.879
            ],
            [
                1502.861,
                1561.059
            ],
            [
                1584.517,
                1627.636
            ],
            [
                1682.102,
                1715.7459999999999
            ]
        ]
    },
    "B": {
        "duration": 393.25799999999987,
        "intervals": [
            [
                7.923,
                12.682
            ],
            [
                22.015,
                23.529
            ],
            [
                41.099,
                47.879000000000005
            ],
            [
                65.954,
                69.23299999999999
            ],
            [
                82.055,
                86.331
            ],
            [
                88.184,
                90.64099999999999
            ],
            [
                98.234,
                103.313
            ],
            [
                156.872,
                163.716
            ],
            [
                348.852,
                353.197
            ],
            [
                357.569,
                386.108
            ],
            [
                395.206,
                401.62
            ],
            [
                415.193,
                421.95099999999996
            ],
            [
                426.193,
                434.02799999999996
            ],
            [
                459.29,
                461.369
            ],
            [
                482.5,
                490.053
            ],
            [
                490.474,
                496.9
            ],
            [
                502.31,
                510.219
            ],
            [
                513.317,
                525.789
            ],
            [
                536.691,
                542.7370000000001
            ],
            [
                574.128,
                577.366
            ],
            [
                589.41,
                600.9979999999999
            ],
            [
                609.881,
                616.351
            ],
            [
                623.509,
                630.991
            ],
            [
                640.972,
                646.6519999999999
            ],
            [
                649.411,
                656.038
            ],
            [
                657.347,
                662.658
            ],
            [
                733.629,
                749.647
            ],
            [
                778.01,
                783.607
            ],
            [
                876.064,
                881.641
            ],
            [
                886.094,
                897.084
            ],
            [
                927.415,
                944.444
            ],
            [
                996.369,
                1000.794
            ],
            [
                1073.063,
                1076.784
            ],
            [
                1083.248,
                1093.4170000000001
            ],
            [
                1100.424,
                1104.729
            ],
            [
                1109.43,
                1110.498
            ],
            [
                1113.38,
                1116.122
            ],
            [
                1125.843,
                1129.421
            ],
            [
                1134.911,
                1147.122
            ],
            [
                1148.236,
                1149.8310000000001
            ],
            [
                1260.417,
                1261.8020000000001
            ],
            [
                1265.409,
                1266.1950000000002
            ],
            [
                1270.775,
                1271.47
            ],
            [
                1277.773,
                1278.821
            ],
            [
                1287.649,
                1317.006
            ],
            [
                1376.992,
                1403.283
            ],
            [
                1476.119,
                1476.148
            ],
            [
                1481.018,
                1483.829
            ],
            [
                1485.872,
                1488.0910000000001
            ],
            [
                1489.362,
                1499.44
            ],
            [
                1561.059,
                1582.783
            ],
            [
                1628.097,
                1643.9279999999999
            ],
            [
                1681.55,
                1681.8619999999999
            ],
            [
                1716.196,
                1720.1029999999998
            ]
        ]
    },
    "C": {
        "duration": 166.42800000000034,
        "intervals": [
            [
                1319.355,
                1376.9920000000002
            ],
            [
                1403.872,
                1475.9750000000001
            ],
            [
                1644.229,
                1680.9170000000001
            ]
        ]
    },
    "D": {
        "duration": 182.5139999999999,