{
    "A": {
        "duration": 544.5759999999999,
        "intervals": [
            [
                0.305,
                109.38900000000001
            ],
            [
                133.124,
                134.17499999999998
            ],
            [
                153.311,
                155.12800000000001
            ],
            [
                158.725,
                214.79
            ],
            [
                298.121,
                311.658
            ],
            [
                316.909,
                324.38
            ],
            [
                378.439,
                394.003
            ],
            [
                458.08,
                466.548
            ],
            [
                469.792,
                489.007
            ],
            [
                521.449,
                665.762
            ],
            [
                755.008,
                885.1229999999999
            ],
            [
                927.543,
                965.419
            ]
        ]
    },
    "B": {
        "duration": 126.45100000000006,
        "intervals": [
            [
                111.11,
                130.732
            ],
            [
                217.64,
                298.12
            ],
            [
                312.155,
                316.909
            ],
            [
                334.209,
                338.482
            ],
            [
                350.701,
                356.36100000000005
            ],
            [
                368.636,
                378.438
            ],
            [
                467.932,
                469.79200000000003
            ]
        ]
    },
    "C": {
        "duration": 142.86099999999996,
        "intervals": [
            [
                130.732,
                132.234
            ],
            [
                140.024,
                152.28
            ],
            [
                155.611,
                156.99099999999999
            ],
            [
                324.812,
                334.209
            ],
            [
                338.811,
                350.701
            ],
            [
                356.361,
                368.63599999999997
            ],
            [
                396.411,
                457.802
            ],
            [
                467.056,
                467.383
            ],
            [
                489.007,
                521.4499999999999
            ]
        ]
    },
    "D": {
        "duration": 133.10299999999992,
        "intervals": [
            [
                135.412,
                138.767
            ],
            [
                666.436,
                754.692
            ],
            [
                886.051,
                927.543
            ]
        ]
    }
}