{
    "A": {
        "duration": 309.5400000000002,
        "intervals": [
            [
                0.042,
                17.194000000000003
            ],
            [
                18.331,
                31.273
            ],
            [
                131.396,
                171.385
            ],
            [
                173.283,
                177.773
            ],
            [
                257.148,
                259.31100000000004
            ],
            [
                280.14,
                283.99
            ],
            [
                291.192,
                293.67400000000004
            ],
            [
                297.083,
                324.051
            ],
            [
                326.768,
                337.286
            ],
            [
                498.207,
                499.604
            ],
            [
                505.769,
                515.182
            ],
            [
                528.721,
                532.954
            ],
            [
                538.475,
                539.707
            ],
            [
                543.22,
                547.609
            ],
            [
                559.022,
                560.787
            ],
            [
                578.804,
                586.914
            ],
            [
                813.66,
                819.36
            ],
            [
                823.014,
                842.25
            ],
            [
                845.255,
                846.33
            ],
            [
                848.311,
                851.1260000000001
            ],
            [
                855.544,
                861.199
            ],
            [
                867.564,
                871.452
            ],
            [
                872.08,
                877.702
            ],
            [
                880.998,
                883.2170000000001
            ],
            [
                886.189,
                888.425
            ],
            [
                894.41,
                899.49
            ],
            [
                915.546,
                916.0070000000001
            ],
            [
                920.255,
                921.418
            ],
            [
                1041.103,
                1056.048
            ],
            [
                1057.71,
                1067.327
            ],
            [
                1069.443,
                1073.662
            ],
            [
                1103.984,
                1119.99
            ],
            [
                1132.819,
                1134.792
            ],
            [
                1288.654,
                1310.131
            ],
            [
                1873.241,
                1875.879
            ],
            [
                1896.61,
                1904.126
            ],
            [
                1914.256,
                1925.665
            ],
            [
                1930.805,
                1941.661
            ],
            [
                1943.283,
                1945.924
            ]
        ]
    },
    "B": {
        "duration": 158.51200000000014,
        "intervals": [
            [
                112.558,
                115.48100000000001
            ],
            [
                182.258,
                255.909
            ],
            [
                259.917,
                279.654
            ],
            [
                590.898,
                591.392
            ],
            [
                597.593,
                609.503
            ],
            [
                612.147,
                640.401
            ],
            [
                916.631,
                916.648
            ],
            [
                1310.86,
                1322.693
            ],
            [
                1324.655,
                1328.407
            ],
            [
                1347.351,
                1350.9150000000002
            ],
            [
                1669.297,
                1670.316
            ],
            [
                1695.192,
                1696.55
            ]
        ]
    },
    "C": {
        "duration": 149.34199999999984,
        "intervals": [
            [
                55.492,
                65.99
            ],
            [
                79.361,
                81.381
            ],
            [
                100.025,
                100.14800000000001
            ],
            [
                342.725,
                393.651
            ],
            [
                522.894,
                523.211
            ],
            [
                937.708,
                942.185
            ],
            [
                958.46,
                964.0319999999999
            ],
            [
                1012.897,
                1018.461
            ],
            [
                1391.462,
                1397.604
            ],
            [
                1413.161,
                1420.461
            ],
            [
                1689.809,
                1695.192
            ],
            [
                1696.813,
                1704.288
            ],
            [
                1723.317,
                1730.009
            ],
            [
                1733.722,
                1736.064
            ],
            [
                1738.321,
                1740.781
            ],
            [
                1744.639,
                1746.7549999999999
            ],
            [
                1756.139,
                1758.4089999999999
            ],
            [
                1837.009,
                1864.674
            ]
        ]
    },
    "D": {
        "duration": 187.21299999999974,