{
    "A": {
        "duration": 380.37799999999964,
        "intervals": [
            [
                348.83,
                365.59299999999996
            ],
            [
                368.295,
                374.689
            ],
            [
                393.331,
                403.36199999999997
            ],
            [
                408.007,
                413.362
            ],
            [
                419.101,
                426.932
            ],
            [
                459.785,
                469.705
            ],
            [
                483.617,
                510.411
            ],
            [
                513.24,
                532.766
            ],
            [
                537.599,
                542.7660000000001
            ],
            [
                1109.847,
                1120.396
            ],
            [
                1122.903,
                1129.058
            ],
            [
                1484.981,
                1512.82
            ],
            [
                1516.523,
                1591.279
            ],
            [
                1592.224,
                1610.145
            ],
            [
                1619.414,
                1630.662
            ],
            [
                1632.194,
                1639.388
            ],
            [
                1649.26,
                1684.216
            ],
            [
                1688.234,
                1698.847
            ],
            [
                1713.688,
                1724.274
            ],
            [
                1726.93,
                1734.031
            ],
            [
                1737.34,
                1767.618
            ],
            [
                1771.011,
                1794.412
            ]
        ]
    },
    "B": {
        "duration": 680.1149999999998,
        "intervals": [
            [
                4.315,
                43.025
            ],
            [
                45.055,
                61.27
            ],
            [
                63.516,
                119.58200000000001
            ],
            [
                119.863,
                345.939
            ],
            [
                428.313,
                441.23900000000003
            ],
            [
                449.886,
                456.92100000000005
            ],
            [
                566.811,
                579.408
            ],
            [
                606.076,
                637.772
            ],
            [
                646.169,
                658.208
            ],
            [
                661.4,
                668.203
            ],
            [
                670.31,
                739.4209999999999
            ],
            [
                748.801,
                753.902
            ],
            [
                755.155,
                781.962
            ],
            [
                785.45,
                793.0
            ],
            [
                797.038,
                818.636
            ],
            [
                819.62,
                828.652
            ],
            [
                831.723,
                838.593
            ],
            [
                984.196,
                999.036
            ],
            [
                1002.051,
                1015.657
            ],
            [
                1099.204,
                1108.622
            ],
            [
                1134.074,
                1142.8049999999998
            ],
            [
                1149.748,
                1161.547
            ],
            [
                1233.093,
                1239.848
            ],
            [
                1240.118,
                1259.9930000000002
            ],
            [
                1445.177,
                1450.793
            ],
            [
                1458.611,
                1481.854
            ]
        ]
    },
    "C": {
        "duration": 159.19600000000025,
        "intervals": [
            [
                842.537,
                883.403
            ],
            [
                892.526,
                913.41
            ],
            [
                916.5,
                921.725
            ],
            [
                935.731,
                983.489
            ],
            [
                1129.057,
                1134.074
            ],
            [
                1164.821,
                1197.055
            ],
            [
                1200.992,
                1208.204
            ]
        ]
    },
    "D": {
        "duration": 78.3230000000002,
        "intervals": [
            [
                1017.286,
                1095.6090000000002
            ]
        ]
    },
    "E": {
        "duration": 190.68900000000008,
        "intervals": [
            [
                1215.547,
                1230.935
            ],
            [
                1262.756,
                1287.718
            ],
            [
                1290.163,
                1302.8500000000001
            ],
            [
                1305.59,
                1443.242
            ]
        ]
    }
}