{
    "A": {
        "duration": 219.67700000000022,
        "intervals": [
            [
                44.391,
                46.356
            ],
            [
                61.585,
                61.592
            ],
            [
                82.18,
                87.573
            ],
            [
                90.691,
                102.172
            ],
            [
                106.421,
                129.905
            ],
            [
                131.848,
                146.086
            ],
            [
                153.993,
                170.022
            ],
            [
                198.995,
                199.272
            ],
            [
                225.016,
                306.007
            ],
            [
                393.851,
                396.009
            ],
            [
                426.448,
                446.393
            ],
            [
                448.804,
                457.63599999999997
            ],
            [
                460.466,
                463.19100000000003
            ],
            [
                466.089,
                469.872
            ],
            [
                472.2,
                474.993
            ],
            [
                485.209,
                491.87
            ],
            [
                518.073,
                526.855
            ],
            [
                533.844,
                533.8610000000001
            ],
            [
                559.393,
                563.8090000000001
            ],
            [
                613.987,
                619.687
            ]
        ]
    },
    "B": {
        "duration": 117.5670000000001,
        "intervals": [
            [
                88.707,
                89.747
            ],
            [
                102.171,
                104.64200000000001
            ],
            [
                130.953,
                131.847
            ],
            [
                146.428,
                153.992
            ],
            [
                170.733,
                172.21
            ],
            [
                318.907,
                326.721
            ],
            [
                328.393,
                393.255
            ],
            [
                396.164,
                419.786
            ],
            [
                458.08,
                459.739
            ],
            [
                494.215,
                496.709
            ],
            [
                502.197,
                505.867
            ]
        ]
    },
    "C": {
        "duration": 170.46099999999996,
        "intervals": [
            [
                446.393,
                448.804
            ],
            [
                463.192,
                466.089
            ],
            [
                474.992,
                485.208
            ],
            [
                505.867,
                518.073
            ],
            [
                530.498,
                531.2
            ],
            [
                551.703,
                555.356
            ],
            [
                557.847,
                559.057
            ],
            [
                563.809,
                608.865
            ],
            [
                631.873,
                723.983
            ]
        ]
    },
    "D": {
        "duration": 232.2899999999999,
        "intervals": [
            [
                0.046,
                44.392
            ],
            [
                46.965,
                61.419999999999995
            ],
            [
                61.592,
                80.274
            ],
            [
                173.794,
                198.111
            ],
            [
                199.905,
                224.036
            ],
            [
                306.934,
                313.94
            ],
            [
                327.277,
                328.392
            ],
            [
                420.333,
                426.44800000000004
            ],
            [
                469.873,
                472.2
            ],
            [
                491.869,
                494.21500000000003
            ],
            [
                497.926,
                501.917
            ],
            [
                527.298,
                530.317
            ],
            [
                531.644,
                532.981
            ],
            [
                533.861,
                551.703
            ],
            [
                555.836,
                556.982
            ],
            [
                609.388,
                613.743
            ],
            [
                619.952,
                628.28
            ],
            [
                724.741,
                772.173
            ]
        ]
    }
}