{
    "A": {
        "duration": 94.27500000000003,
        "intervals": [
            [
                14.097,
                15.008
            ],
            [
                46.437,
                48.793
            ],
            [
                81.179,
                83.852
            ],
            [
                85.718,
                89.387
            ],
            [
                92.068,
                97.907
            ],
            [
                119.958,
                131.426
            ],
            [
                153.979,
                160.74099999999999
            ],
            [
                173.21,
                193.609
            ],
            [
                198.896,
                199.131
            ],
            [
                204.611,
                233.537
            ],
            [
                234.617,
                245.001
            ],
            [
                560.196,
                560.849
            ]
        ]
    },
    "B": {
        "duration": 361.1799999999995,
        "intervals": [
            [
                63.793,
                64.838
            ],
            [
                76.592,
                79.672
            ],
            [
                98.663,
                114.52300000000001
            ],
            [
                116.66,
                119.699
            ],
            [
                254.267,
                254.32399999999998
            ],
            [
                288.294,
                291.077
            ],
            [
                321.229,
                323.418
            ],
            [
                430.257,
                435.409
            ],
            [
                494.743,
                508.584
            ],
            [
                510.592,
                519.03
            ],
            [
                584.553,
                597.4140000000001
            ],
            [
                610.131,
                612.949
            ],
            [
                621.545,
                623.197
            ],
            [
                645.187,
                647.062
            ],
            [
                654.48,
                656.429
            ],
            [
                659.219,
                662.6089999999999
            ],
            [
                664.271,
                668.2009999999999
            ],
            [
                679.087,
                680.202
            ],
            [
                693.593,
                700.245
            ],
            [
                705.545,
                711.977
            ],
            [
                720.89,
                728.016
            ],
            [
                754.024,
                759.613
            ],
            [
                808.593,
                812.144
            ],
            [
                815.125,
                817.67
            ],
            [
                819.745,
                833.195
            ],
            [
                853.814,
                869.7080000000001
            ],
            [
                875.401,
                896.518
            ],
            [
                901.864,
                905.3330000000001
            ],
            [
                911.886,
                915.124
            ],
            [
                950.565,
                952.722
            ],
            [
                955.645,
                956.4789999999999
            ],
            [
                967.354,
                968.503
            ],
            [
                970.368,
                987.0269999999999
            ],
            [
                994.791,
                1007.589
            ],
            [
                1012.427,
                1031.911
            ],
            [
                1036.945,
                1041.437
            ],
            [
                1301.675,
                1304.502
            ],
            [
                1351.544,
                1364.683
            ],
            [
                1414.258,
                1417.996
            ],
            [
                1423.148,
                1427.426
            ],
            [
                1436.611,
                1441.402
            ],
            [
                1460.658,
                1468.0069999999998
            ],
            [
                1484.045,
                1486.409
            ],
            [
                1508.161,
                1510.729
            ],
            [
                1560.209,
                1568.393
            ],
            [
                1578.516,
                1581.5320000000002
            ],
            [
                1652.992,
                1658.863
            ],
            [
                1669.592,
                1674.7359999999999
            ],
            [
                1759.202,
                1769.414
            ],
            [
                1776.87,
                1796.9969999999998
            ],
            [
                1811.197,
                1814.6799999999998
            ],
            [
                1824.749,
                1827.204
            ],
            [
                1831.263,
                1838.7469999999998
            ],
            [
                1874.823,
                1882.489
            ],
            [
                1904.666,
                1908.0339999999999
            ],
            [
                1910.441,
                1913.355
            ],
            [
                1965.519,
                1970.364
            ],
            [
                1991.363,
                1995.01
            ]
        ]
    },
    "C": {
        "duration": 165.28499999999977,