{
    "A": {
        "duration": 431.194,
        "intervals": [
            [
                1.102,
                93.334
            ],
            [
                97.343,
                243.62599999999998
            ],
            [
                346.175,
                394.28
            ],
            [
                398.645,
                416.475
            ],
            [
                420.334,
                425.413
            ],
            [
                446.602,
                450.814
            ],
            [
                484.284,
                497.988
            ],
            [
                698.527,
                705.792
            ],
            [
                763.197,
                859.681
            ]
        ]
    },
    "B": {
        "duration": 99.869,
        "intervals": [
            [
                244.811,
                344.045
            ],
            [
                395.175,
                395.81
            ]
        ]
    },
    "C": {
        "duration": 59.87199999999994,
        "intervals": [
            [
                94.701,
                96.056
            ],
            [
                416.475,
                420.334
            ],
            [
                425.414,
                446.602
            ],
            [
                450.814,
                484.284
            ]
        ]
    },
    "D": {
        "duration": 355.70000000000005,
        "intervals": [
            [
                498.437,
                698.527
            ],
            [
                705.792,
                763.197
            ],
            [
                860.399,
                958.604
            ]
        ]
    }
}