{
    "A": {
        "duration": 256.0910000000001,
        "intervals": [
            [
                0.076,
                55.235
            ],
            [
                58.831,
                67.58099999999999
            ],
            [
                69.657,
                76.38300000000001
            ],
            [
                78.487,
                86.01
            ],
            [
                88.881,
                92.531
            ],
            [
                95.958,
                99.87599999999999
            ],
            [
                105.32,
                117.974
            ],
            [
                122.718,
                146.058
            ],
            [
                148.701,
                150.345
            ],
            [
                157.7,
                160.57899999999998
            ],
            [
                162.211,
                167.21300000000002
            ],
            [
                170.441,
                173.7
            ],
            [
                230.683,
                259.632
            ],
            [
                261.843,
                268.385
            ],
            [
                269.705,
                276.662
            ],
            [
                279.136,
                279.853
            ],
            [
                282.228,
                285.348
            ],
            [
                288.267,
                291.463
            ],
            [
                298.473,
                299.992
            ],
            [
                388.527,
                392.996
            ],
            [
                394.877,
                400.75600000000003
            ],
            [
                404.063,
                404.787
            ],
            [
                407.418,
                413.522
            ],
            [
                414.811,
                417.99199999999996
            ],
            [
                454.381,
                454.405
            ],
            [
                460.352,
                463.48900000000003
            ],
            [
                465.011,
                465.46000000000004
            ],
            [
                469.424,
                471.643
            ],
            [
                562.121,
                565.9
            ],
            [
                571.691,
                572.366
            ],
            [
                627.642,
                629.895
            ],
            [
                646.89,
                648.9340000000001
            ],
            [
                660.634,
                662.845
            ],
            [
                669.244,
                671.0600000000001
            ],
            [
                736.655,
                747.975
            ],
            [
                766.82,
                767.9910000000001
            ],
            [
                813.193,
                814.033
            ],
            [
                863.35,
                866.035
            ],
            [
                879.485,
                895.092
            ]
        ]
    },
    "B": {
        "duration": 79.32200000000014,
        "intervals": [
            [
                177.736,
                227.703
            ],
            [
                539.671,
                543.392
            ],
            [
                588.735,
                590.385
            ],
            [
                687.116,
                690.751
            ],
            [
                799.399,
                802.013
            ],
            [
                815.179,
                816.1379999999999
            ],
            [
                817.825,
                826.791
            ],
            [
                829.055,
                835.5930000000001
            ],
            [
                849.801,
                851.0730000000001
            ]
        ]
    },
    "C": {
        "duration": 120.47699999999992,
        "intervals": [
            [
                308.31,
                345.498
            ],
            [
                347.315,
                356.616
            ],
            [
                357.399,
                366.742
            ],
            [
                375.052,
                387.08
            ],
            [
                414.205,
                414.811
            ],
            [
                417.992,
                428.43399999999997
            ],
            [
                436.604,
                440.806
            ],
            [
                444.621,
                447.058
            ],
            [
                459.251,
                459.791
            ],
            [
                486.346,
                496.668
            ],
            [
                515.737,
                528.606
            ],
            [
                532.732,
                539.6709999999999
            ],
            [
                548.81,
                552.852
            ],
            [
                900.194,
                900.4119999999999
            ]
        ]
    },
    "D": {
        "duration": 380.5130000000001,