{
    "A": {
        "duration": 329.491,
        "intervals": [
            [
                245.793,
                250.81300000000002
            ],
            [
                253.522,
                341.103
            ],
            [
                373.719,
                390.407
            ],
            [
                399.929,
                421.674
            ],
            [
                433.225,
                489.68100000000004
            ],
            [
                513.694,
                514.2579999999999
            ],
            [
                685.201,
                690.863
            ],
            [
                700.434,
                702.216
            ],
            [
                734.101,
                735.802
            ],
            [
                1512.602,
                1520.653
            ],
            [
                1523.094,
                1533.308
            ],
            [
                1537.007,
                1538.838
            ],
            [
                1544.255,
                1638.9650000000001
            ],
            [
                1643.711,
                1659.182
            ],
            [
                1676.514,
                1678.529
            ]
        ]
    },
    "B": {
        "duration": 323.9900000000007,
        "intervals": [
            [
                1043.116,
                1045.423
            ],
            [
                1328.469,
                1330.691
            ],
            [
                1338.095,
                1339.011
            ],
            [
                1345.16,
                1346.556
            ],
            [
                1351.288,
                1357.683
            ],
            [
                1389.638,
                1394.179
            ],
            [
                1398.045,
                1401.952
            ],
            [
                1403.84,
                1407.625
            ],
            [
                1410.274,
                1411.8839999999998
            ],
            [
                1416.786,
                1509.7930000000001
            ],
            [
                1868.11,
                1871.792
            ],
            [
                1875.992,
                1878.667
            ],
            [
                1884.359,
                1884.393
            ],
            [
                1886.573,
                1889.891
            ],
            [
                1890.263,
                1893.127
            ],
            [
                1896.07,
                1907.402
            ],
            [
                1911.541,
                1951.398
            ],
            [
                1953.29,
                1961.835
            ],
            [
                1963.683,
                1977.978
            ],
            [
                1981.781,
                2033.353
            ],
            [
                2035.434,
                2058.976
            ],
            [
                2060.802,
                2064.4410000000003
            ],
            [
                2064.72,
                2078.921
            ],
            [
                2080.576,
                2104.924
            ]
        ]
    },
    "C": {
        "duration": 448.8240000000004,
        "intervals": [
            [
                192.502,
                193.132
            ],
            [
                964.654,
                965.052
            ],
            [
                978.159,
                1042.747
            ],
            [
                1045.816,
                1213.136
            ],
            [
                1244.72,
                1245.0520000000001
            ],
            [
                1535.853,
                1536.0620000000001
            ],
            [
                2159.899,
                2261.1420000000003
            ],
            [
                2263.915,
                2364.937
            ],
            [
                2368.103,
                2381.185
            ]
        ]
    },
    "D": {
        "duration": 813.981,
        "intervals": [
            [
                1.411,
                190.566
            ],
            [
                194.533,
                244.03300000000002
            ],
            [
                344.469,
                371.71999999999997
            ],
            [
                390.407,
                398.36199999999997
            ],
            [
                423.959,
                432.385
            ],
            [
                492.48,
                510.32
            ],
            [
                698.213,
                700.434
            ],
            [
                707.405,
                710.5319999999999
            ],
            [
                731.778,
                733.3290000000001
            ],
            [
                735.802,
                961.193
            ],
            [
                971.224,
                975.465
            ],
            [
                1216.816,
                1243.573
            ],
            [
                1509.793,
                1511.33
            ],
            [
                1540.404,
                1543.884
            ],
            [
                1663.517,
                1665.476
            ],
            [
                1805.797,
                1853.258
            ],
            [
                2108.744,
                2157.454
            ],
            [
                2261.491,
                2263.508
            ],
            [
                2365.316,
                2367.4809999999998
            ],
            [
                2381.543,
                2524.78
            ]
        ]
    },
    "E": {
        "duration": 347.9100000000001,
        "intervals": [
            [
                251.075,
                253.134
            ],
            [
                512.03,
                513.694
            ],
            [
                514.617,
                685.201
            ],
            [
                690.863,
                697.888
            ],
            [
                703.151,
                707.405
            ],
            [
                710.832,
                731.541
            ],
            [
                1520.924,
                1523.094
            ],
            [
                1639.114,
                1643.483
            ],
            [
                1661.345,
                1663.171
            ],
            [
                1665.811,
                1676.514
            ],
            [
                1679.873,
                1802.42
            ]
        ]
    },
    "F": {
        "duration": 178.97200000000066,