{
    "A": {
        "duration": 483.5750000000005,
        "intervals": [
            [
                11.456,
                11.503
            ],
            [
                16.127,
                19.985999999999997
            ],
            [
                22.262,
                23.61
            ],
            [
                32.528,
                34.106
            ],
            [
                39.027,
                42.875
            ],
            [
                48.814,
                48.828
            ],
            [
                63.025,
                68.644
            ],
            [
                89.127,
                91.592
            ],
            [
                133.329,
                133.334
            ],
            [
                232.065,
                235.464
            ],
            [
                317.345,
                321.73
            ],
            [
                368.253,
                376.82500000000005
            ],
            [
                458.992,
                479.53000000000003
            ],
            [
                488.352,
                490.02799999999996
            ],
            [
                568.013,
                571.494
            ],
            [
                573.082,
                574.2669999999999
            ],
            [
                650.42,
                664.176
            ],
            [
                666.576,
                679.006
            ],
            [
                761.884,
                774.253
            ],
            [
                862.918,
                870.947
            ],
            [
                947.714,
                956.507
            ],
            [
                958.454,
                969.288
            ],
            [
                970.861,
                973.088
            ],
            [
                975.925,
                981.053
            ],
            [
                989.493,
                989.719
            ],
            [
                1023.42,
                1035.2350000000001
            ],
            [
                1064.384,
                1064.619
            ],
            [
                1089.593,
                1092.6090000000002
            ],
            [
                1127.034,
                1142.0240000000001
            ],
            [
                1170.992,
                1178.6019999999999
            ],
            [
                1189.617,
                1209.146
            ],
            [
                1271.273,
                1272.134
            ],
            [
                1284.135,
                1284.216
            ],
            [
                1290.149,
                1291.072
            ],
            [
                1301.707,
                1308.511
            ],
            [
                1444.141,
                1467.268
            ],
            [
                1490.719,
                1491.011
            ],
            [
                1547.115,
                1551.025
            ],
            [
                1598.522,
                1604.392
            ],
            [
                1605.194,
                1608.193
            ],
            [
                1647.839,
                1654.82
            ],
            [
                1733.003,
                1747.144
            ],
            [
                1867.639,
                1896.5810000000001
            ],
            [
                1948.116,
                1957.738
            ],
            [
                1977.522,
                1984.682
            ],
            [
                2018.92,
                2025.184
            ],
            [
                2070.866,
                2070.9519999999998
            ],
            [
                2079.238,
                2095.4109999999996
            ],
            [
                2154.526,
                2164.597
            ],
            [
                2167.709,
                2168.261
            ],
            [
                2209.3,
                2225.5679999999998
            ],
            [
                2280.575,
                2281.864
            ],
            [
                2283.62,
                2287.4100000000003
            ],
            [
                2290.01,
                2297.7120000000004
            ],
            [
                2373.418,
                2374.933
            ],
            [
                2408.392,
                2412.499
            ],
            [
                2433.14,
                2435.629
            ],
            [
                2451.791,
                2455.338
            ],
            [
                2517.406,
                2522.9919999999997
            ],
            [
                2543.543,
                2546.9790000000003
            ],
            [
                2549.725,
                2554.482
            ],
            [
                2561.335,
                2566.2980000000002
            ],
            [
                2579.173,
                2579.392
            ],
            [
                2615.414,
                2638.786
            ],
            [
                2729.398,
                2753.058
            ],
            [
                2758.933,
                2760.259
            ],
            [
                2763.545,
                2765.283
            ],
            [
                2774.075,
                2776.424
            ],
            [
                2825.906,
                2827.958
            ],
            [
                2891.072,
                2897.238
            ],
            [
                2982.594,
                2983.885
            ],
            [
                3013.072,
                3037.16
            ]
        ]
    },
    "B": {
        "duration": 349.5169999999999,