{
    "A": {
        "duration": 306.83600000000024,
        "intervals": [
            [
                1475.248,
                1637.41
            ],
            [
                1638.52,
                1665.518
            ],
            [
                1726.75,
                1844.0990000000002
            ],
            [
                1969.226,
                1969.553
            ]
        ]
    },
    "B": {
        "duration": 548.163,
        "intervals": [
            [
                346.748,
                506.298
            ],
            [
                508.957,
                621.1179999999999
            ],
            [
                623.135,
                633.891
            ],
            [
                663.601,
                672.432
            ],
            [
                673.826,
                704.1030000000001
            ],
            [
                705.888,
                712.863
            ],
            [
                724.532,
                761.201
            ],
            [
                1171.184,
                1173.6979999999999
            ],
            [
                2046.99,
                2185.636
            ],
            [
                2281.591,
                2323.375
            ]
        ]
    },
    "C": {
        "duration": 341.0249999999997,
        "intervals": [
            [
                8.669,
                13.595
            ],
            [
                30.593,
                32.173
            ],
            [
                36.043,
                41.177
            ],
            [
                45.21,
                48.855000000000004
            ],
            [
                50.898,
                53.605000000000004
            ],
            [
                58.485,
                70.51400000000001
            ],
            [
                74.534,
                74.944
            ],
            [
                77.768,
                82.50200000000001
            ],
            [
                88.72,
                92.723
            ],
            [
                97.374,
                103.87899999999999
            ],
            [
                108.42,
                108.474
            ],
            [
                115.516,
                122.72500000000001
            ],
            [
                129.919,
                132.705
            ],
            [
                135.305,
                148.409
            ],
            [
                150.523,
                155.39
            ],
            [
                157.953,
                163.291
            ],
            [
                163.998,
                174.408
            ],
            [
                178.154,
                182.542
            ],
            [
                189.626,
                193.306
            ],
            [
                194.469,
                197.61599999999999
            ],
            [
                201.305,
                213.125
            ],
            [
                218.126,
                221.077
            ],
            [
                226.091,
                250.304
            ],
            [
                252.332,
                261.006
            ],
            [
                263.588,
                263.593
            ],
            [
                271.087,
                271.794
            ],
            [
                274.798,
                274.81
            ],
            [
                278.183,
                279.84
            ],
            [
                282.563,
                285.08299999999997
            ],
            [
                287.923,
                290.314
            ],
            [
                293.858,
                298.021
            ],
            [
                304.575,
                305.40999999999997
            ],
            [
                309.454,
                315.682
            ],
            [
                318.315,
                319.802
            ],
            [
                323.652,
                326.05199999999996
            ],
            [
                330.596,
                344.817
            ],
            [
                506.942,
                508.636
            ],
            [
                673.064,
                673.574
            ],
            [
                765.46,
                767.414
            ],
            [
                779.075,
                781.1080000000001
            ],
            [
                934.352,
                937.643
            ],
            [
                1006.734,
                1009.282
            ],
            [
                1013.31,
                1018.7610000000001
            ],
            [
                1036.571,
                1037.369
            ],
            [
                1045.879,
                1048.571
            ],
            [
                1055.113,
                1055.98
            ],
            [
                1229.2,
                1231.0800000000002
            ],
            [
                1232.361,
                1238.412
            ],
            [
                1239.214,
                1246.0269999999998
            ],
            [
                1427.946,
                1428.002
            ],
            [
                1431.179,
                1431.614
            ],
            [
                1440.053,
                1445.471
            ],
            [
                1455.842,
                1459.008
            ],
            [
                1465.943,
                1468.209
            ],
            [
                1665.519,
                1667.554
            ],
            [
                1682.709,
                1684.621
            ],
            [
                1689.719,
                1690.335
            ],
            [
                1716.27,
                1723.5529999999999
            ],
            [
                1917.722,
                1921.802
            ],
            [
                1922.996,
                1924.5700000000002
            ],
            [
                1980.88,
                1983.275
            ],
            [
                1991.432,
                1993.366
            ],
            [
                1999.394,
                2003.674
            ],
            [
                2020.537,
                2022.549
            ],
            [
                2023.898,
                2026.0649999999998
            ],
            [
                2030.422,
                2032.285
            ],
            [
                2195.215,
                2197.21
            ],
            [
                2204.628,
                2209.306
            ],
            [
                2221.639,
                2222.0
            ],
            [
                2227.373,
                2231.167
            ],
            [
                2234.434,
                2235.425
            ],
            [
                2338.232,
                2339.646
            ],
            [
                2350.102,
                2350.5049999999997
            ],
            [
                2362.664,
                2363.184
            ],
            [
                2502.392,
                2504.2889999999998
            ],
            [
                2521.738,
                2523.591
            ],
            [
                2525.565,
                2529.594
            ],
            [
                2534.527,
                2543.201
            ],
            [
                2545.828,
                2555.1240000000003
            ],
            [
                2555.921,
                2572.498
            ],
            [
                2575.911,
                2580.6910000000003
            ],
            [
