{
    "A": {
        "duration": 228.87799999999996,
        "intervals": [
            [
                83.638,
                145.64
            ],
            [
                215.271,
                225.45899999999997
            ],
            [
                227.504,
                254.191
            ],
            [
                257.192,
                268.992
            ],
            [
                278.718,
                285.055
            ],
            [
                290.177,
                298.88800000000003
            ],
            [
                372.161,
                412.194
            ],
            [
                425.79,
                426.20000000000005
            ],
            [
                539.222,
                541.36
            ],
            [
                565.89,
                584.5619999999999
            ],
            [
                899.662,
                937.99
            ],
            [
                951.191,
                953.859
            ],
            [
                1043.064,
                1043.7910000000002
            ],
            [
                1059.551,
                1059.7279999999998
            ]
        ]
    },
    "B": {
        "duration": 304.3729999999998,
        "intervals": [
            [
                4.352,
                5.155
            ],
            [
                7.703,
                11.809
            ],
            [
                13.049,
                16.357
            ],
            [
                17.786,
                18.824
            ],
            [
                24.503,
                25.21
            ],
            [
                28.571,
                29.999000000000002
            ],
            [
                45.927,
                51.471999999999994
            ],
            [
                55.85,
                58.791000000000004
            ],
            [
                64.118,
                66.133
            ],
            [
                71.054,
                79.67999999999999
            ],
            [
                145.824,
                149.98000000000002
            ],
            [
                152.962,
                171.091
            ],
            [
                174.913,
                182.34400000000002
            ],
            [
                193.791,
                197.05599999999998
            ],
            [
                198.045,
                201.66099999999997
            ],
            [
                203.57,
                207.823
            ],
            [
                254.192,
                257.192
            ],
            [
                268.993,
                274.682
            ],
            [
                285.054,
                289.89
            ],
            [
                298.888,
                314.972
            ],
            [
                317.38,
                325.31
            ],
            [
                329.025,
                367.69
            ],
            [
                412.194,
                419.827
            ],
            [
                461.236,
                462.5
            ],
            [
                465.193,
                466.779
            ],
            [
                544.35,
                546.8159999999999
            ],
            [
                551.499,
                554.53
            ],
            [
                584.842,
                586.592
            ],
            [
                624.979,
                628.255
            ],
            [
                639.47,
                649.409
            ],
            [
                653.635,
                656.143
            ],
            [
                660.347,
                667.977
            ],
            [
                671.893,
                672.003
            ],
            [
                677.103,
                682.813
            ],
            [
                687.553,
                728.624
            ],
            [
                730.223,
                730.761
            ],
            [
                733.227,
                747.382
            ],
            [
                749.81,
                750.3889999999999
            ],
            [
                752.909,
                759.636
            ],
            [
                793.095,
                800.101
            ],
            [
                802.521,
                805.8280000000001
            ],
            [
                865.694,
                866.3589999999999
            ],
            [
                938.161,
                939.7199999999999
            ],
            [
                942.216,
                951.191
            ],
            [
                969.896,
                972.723
            ],
            [
                980.735,
                989.851
            ],
            [
                1023.948,
                1031.167
            ],
            [
                1043.791,
                1049.089
            ],
            [
                1051.363,
                1052.22
            ]
        ]
    },
    "C": {
        "duration": 56.208000000000084,
        "intervals": [
            [
                809.015,
                865.2230000000001
            ]
        ]
    },
    "D": {
        "duration": 57.51700000000011,
        "intervals": [
            [
                426.2,
                461.236
            ],
            [
                462.662,
                465.193
            ],
            [
                467.081,
                468.718
            ],
            [
                939.72,
                942.216
            ],
            [
                954.079,
                969.8960000000001
            ]
        ]
    },
    "E": {
        "duration": 105.74400000000003,
        "intervals": [
            [
                210.057,
                215.27100000000002
            ],
            [
                225.847,
                227.15800000000002
            ],
            [
                470.132,
                539.2220000000001
            ],
            [
                980.291,
                980.735
            ],
            [
                994.263,
                1023.948
            ]
        ]
    },
    "F": {
        "duration": 234.3490000000001,