{
    "A": {
        "duration": 83.28500000000005,
        "intervals": [
            [
                107.03,
                149.833
            ],
            [
                199.69,
                234.809
            ],
            [
                589.629,
                594.9920000000001
            ]
        ]
    },
    "B": {
        "duration": 217.01999999999995,
        "intervals": [
            [
                14.592,
                42.061
            ],
            [
                45.537,
                58.995000000000005
            ],
            [
                61.04,
                63.494
            ],
            [
                66.449,
                69.753
            ],
            [
                76.213,
                80.79799999999999
            ],
            [
                85.214,
                98.593
            ],
            [
                100.307,
                107.02900000000001
            ],
            [
                149.833,
                154.35
            ],
            [
                155.223,
                198.07500000000002
            ],
            [
                235.043,
                238.00300000000001
            ],
            [
                247.234,
                248.47400000000002
            ],
            [
                256.129,
                259.15000000000003
            ],
            [
                264.087,
                266.411
            ],
            [
                271.834,
                280.933
            ],
            [
                282.592,
                290.53999999999996
            ],
            [
                311.097,
                312.666
            ],
            [
                315.637,
                317.818
            ],
            [
                319.796,
                321.438
            ],
            [
                331.547,
                332.23
            ],
            [
                350.435,
                353.388
            ],
            [
                361.868,
                365.007
            ],
            [
                377.988,
                377.991
            ],
            [
                385.649,
                386.611
            ],
            [
                392.934,
                393.78000000000003
            ],
            [
                395.749,
                396.76300000000003
            ],
            [
                399.992,
                404.817
            ],
            [
                416.2,
                421.867
            ],
            [
                423.993,
                426.484
            ],
            [
                431.47,
                431.762
            ],
            [
                432.297,
                435.677
            ],
            [
                443.392,
                445.822
            ],
            [
                527.001,
                528.992
            ],
            [
                542.811,
                547.104
            ],
            [
                571.05,
                577.409
            ],
            [
                600.1,
                603.1949999999999
            ],
            [
                609.209,
                612.203
            ],
            [
                631.004,
                632.097
            ],
            [
                720.908,
                721.797
            ],
            [
                727.5,
                732.11
            ],
            [
                742.895,
                744.547
            ],
            [
                745.971,
                754.556
            ],
            [
                759.81,
                761.8599999999999
            ]
        ]
    },
    "C": {
        "duration": 270.47199999999964,
        "intervals": [
            [
                42.061,
                45.056
            ],
            [
                59.336,
                61.04
            ],
            [
                64.614,
                66.31
            ],
            [
                70.308,
                75.742
            ],
            [
                81.371,
                84.869
            ],
            [
                98.825,
                100.001
            ],
            [
                154.94,
                155.224
            ],
            [
                199.225,
                199.691
            ],
            [
                238.248,
                247.234
            ],
            [
                248.729,
                256.12899999999996
            ],
            [
                259.463,
                262.868
            ],
            [
                266.581,
                271.663
            ],
            [
                281.165,
                282.593
            ],
            [
                291.431,
                311.09700000000004
            ],
            [
                312.903,
                315.481
            ],
            [
                318.29,
                319.63100000000003
            ],
            [
                321.438,
                331.238
            ],
            [
                332.23,
                350.072
            ],
            [
                353.388,
                361.351
            ],
            [
                365.006,
                368.072
            ],
            [
                370.632,
                377.529
            ],
            [
                377.992,
                384.399
            ],
            [
                387.146,
                392.935
            ],
            [
                394.067,
                395.279
            ],
            [
                397.023,
                399.99100000000004
            ],
            [
                405.192,
                416.2
            ],
            [
                422.189,
                423.993
            ],
            [
                426.83,
                430.9
            ],
            [
                432.29,
                432.297
            ],
            [
                435.677,
                443.392
            ],
            [
                446.42,
                452.66400000000004
            ],
            [
                524.701,
                526.77
            ],
            [
                528.992,
                542.646
            ],
            [
                547.304,
                571.05
            ],
            [
                577.409,
                589.6289999999999
            ],
            [
                594.992,
                600.0999999999999
            ],
            [
                603.195,
                609.209
            ],
            [
                612.203,
                631.004
            ],
            [
                633.165,
                633.838
            ],
            [
                713.521,
                720.579
            ],
            [
                721.798,
                727.234
            ],
            [
                732.777,
                742.712
            ],
            [
                744.716,
                745.793
            ],
            [
                754.556,
                759.306
            ]
        ]
    },
    "D": {
        "duration": 71.86899999999994,
        "intervals": [
            [
                8.81,
                9.888
            ],
            [
                453.151,
                499.00199999999995
            ],
            [
                500.843,
                524.701
            ],
            [
                774.411,
                775.4929999999999
            ]
        ]
    },
    "E": {
        "duration": 81.78000000000003,