{
    "A": {
        "duration": 67.88900000000002,
        "intervals": [
            [
                30.635,
                49.389
            ],
            [
                70.455,
                89.409
            ],
            [
                113.422,
                125.697
            ],
            [
                145.392,
                163.298
            ]
        ]
    },
    "B": {
        "duration": 478.57000000000016,
        "intervals": [
            [
                0.191,
                27.28
            ],
            [
                164.241,
                211.621
            ],
            [
                213.339,
                217.321
            ],
            [
                220.723,
                223.30300000000003
            ],
            [
                227.932,
                231.314
            ],
            [
                234.186,
                239.07299999999998
            ],
            [
                329.503,
                349.932
            ],
            [
                359.061,
                362.733
            ],
            [
                366.194,
                368.702
            ],
            [
                371.061,
                373.21
            ],
            [
                374.768,
                376.39099999999996
            ],
            [
                403.216,
                411.596
            ],
            [
                413.594,
                424.391
            ],
            [
                433.191,
                437.832
            ],
            [
                439.747,
                442.481
            ],
            [
                445.831,
                447.19800000000004
            ],
            [
                461.109,
                462.508
            ],
            [
                464.071,
                465.875
            ],
            [
                467.876,
                471.952
            ],
            [
                478.243,
                482.176
            ],
            [
                484.112,
                488.538
            ],
            [
                493.253,
                522.764
            ],
            [
                614.753,
                621.977
            ],
            [
                628.241,
                632.856
            ],
            [
                646.675,
                648.0129999999999
            ],
            [
                771.876,
                774.63
            ],
            [
                792.168,
                815.6519999999999
            ],
            [
                841.065,
                847.895
            ],
            [
                908.371,
                915.497
            ],
            [
                923.587,
                928.359
            ],
            [
                932.05,
                939.592
            ],
            [
                939.927,
                951.605
            ],
            [
                953.546,
                958.252
            ],
            [
                959.612,
                960.309
            ],
            [
                963.244,
                964.898
            ],
            [
                969.481,
                970.603
            ],
            [
                1061.864,
                1086.421
            ],
            [
                1090.122,
                1091.7910000000002
            ],
            [
                1092.509,
                1094.991
            ],
            [
                1100.96,
                1104.3129999999999
            ],
            [
                1112.803,
                1117.2600000000002
            ],
            [
                1124.309,
                1126.945
            ],
            [
                1130.612,
                1132.7700000000002
            ],
            [
                1144.417,
                1160.386
            ],
            [
                1256.016,
                1260.208
            ],
            [
                1266.992,
                1269.6109999999999
            ],
            [
                1272.8,
                1274.212
            ],
            [
                1276.199,
                1283.583
            ],
            [
                1292.277,
                1295.726
            ],
            [
                1394.013,
                1397.471
            ],
            [
                1410.348,
                1421.251
            ],
            [
                1428.634,
                1430.342
            ],
            [
                1458.658,
                1460.4989999999998
            ],
            [
                1531.146,
                1536.636
            ],
            [
                1545.08,
                1547.4759999999999
            ],
            [
                1549.437,
                1559.8429999999998
            ],
            [
                1607.44,
                1611.492
            ],
            [
                1615.766,
                1621.63
            ],
            [
                1621.971,
                1623.517
            ],
            [
                1633.109,
                1637.491
            ],
            [
                1653.591,
                1655.837
            ],
            [
                1657.554,
                1663.489
            ],
            [
                1697.993,
                1701.962
            ],
            [
                1728.127,
                1728.628
            ],
            [
                1729.031,
                1732.244
            ],
            [
                1735.984,
                1739.474
            ],
            [
                1754.602,
                1759.509
            ],
            [
                1766.512,
                1770.623
            ],
            [
                1793.004,
                1799.072
            ],
            [
                1802.593,
                1802.895
            ],
            [
                1809.791,
                1817.952
            ],
            [
                1879.792,
                1886.683
            ],
            [
                1945.936,
                1968.038
            ]
        ]
    },
    "C": {
        "duration": 177.5170000000004,
        "intervals": [
            [
                529.841,
                592.218
            ],
            [
                601.439,
                603.578
            ],
            [
                609.128,
                610.522
            ],
            [
                1297.522,
                1382.579
            ],
            [
                1822.821,
                1848.8310000000001
            ],
            [
                1972.337,
                1972.698
            ],
            [
                1975.858,
                1976.037
            ]
        ]
    },
    "D": {
        "duration": 373.43199999999933,