{
    "A": {
        "duration": 188.86200000000025,
        "intervals": [
            [
                5.191,
                5.3919999999999995
            ],
            [
                25.648,
                32.704
            ],
            [
                33.023,
                35.2
            ],
            [
                41.99,
                46.393
            ],
            [
                50.674,
                53.862
            ],
            [
                59.348,
                80.069
            ],
            [
                81.307,
                93.304
            ],
            [
                95.18,
                110.992
            ],
            [
                111.302,
                131.84799999999998
            ],
            [
                136.694,
                172.749
            ],
            [
                176.987,
                181.832
            ],
            [
                184.867,
                210.474
            ],
            [
                217.256,
                224.328
            ],
            [
                224.618,
                227.482
            ],
            [
                229.411,
                232.614
            ],
            [
                236.091,
                246.55
            ],
            [
                451.761,
                451.874
            ],
            [
                572.754,
                573.611
            ],
            [
                610.257,
                613.221
            ],
            [
                618.406,
                619.786
            ],
            [
                1006.055,
                1009.212
            ],
            [
                1086.458,
                1087.1750000000002
            ],
            [
                1180.123,
                1183.5910000000001
            ]
        ]
    },
    "B": {
        "duration": 120.15,
        "intervals": [
            [
                13.611,
                14.004000000000001
            ],
            [
                256.049,
                284.93399999999997
            ],
            [
                285.392,
                347.91700000000003
            ],
            [
                727.34,
                728.275
            ],
            [
                1009.501,
                1012.088
            ],
            [
                1432.171,
                1438.933
            ],
            [
                1444.961,
                1445.6870000000001
            ],
            [
                1447.968,
                1449.672
            ],
            [
                1450.133,
                1455.02
            ],
            [
                1461.127,
                1462.519
            ],
            [
                1476.139,
                1477.4769999999999
            ],
            [
                1479.016,
                1481.962
            ],
            [
                1484.018,
                1486.612
            ],
            [
                1488.193,
                1490.669
            ]
        ]
    },
    "C": {
        "duration": 126.44699999999983,
        "intervals": [
            [
                2.091,
                4.793
            ],
            [
                357.08,
                362.332
            ],
            [
                364.294,
                371.722
            ],
            [
                374.91,
                386.206
            ],
            [
                401.343,
                437.226
            ],
            [
                440.338,
                444.57300000000004
            ],
            [
                1017.804,
                1022.1129999999999
            ],
            [
                1367.192,
                1422.09
            ],
            [
                1475.385,
                1475.829
            ]
        ]
    },
    "D": {
        "duration": 146.34899999999965,
        "intervals": [
            [
                363.374,
                363.523
            ],
            [
                454.192,
                478.96000000000004
            ],
            [
                483.339,
                503.963
            ],
            [
                508.71,
                510.495
            ],
            [
                512.87,
                516.193
            ],
            [
                521.613,
                530.113
            ],
            [
                533.044,
                545.9939999999999
            ],
            [
                547.244,
                548.6650000000001
            ],
            [
                550.392,
                563.063
            ],
            [
                566.332,
                567.518
            ],
            [
                579.97,
                582.01
            ],
            [
                585.811,
                593.068
            ],
            [
                593.647,
                595.4050000000001
            ],
            [
                750.335,
                757.8090000000001
            ],
            [
                766.392,
                780.015
            ],
            [
                789.195,
                801.881
            ],
            [
                1298.045,
                1304.33
            ],
            [
                1311.096,
                1313.209
            ],
            [
                1318.01,
                1323.7459999999999
            ]
        ]
    },
    "E": {
        "duration": 286.56699999999955,
        "intervals": [
            [
                7.022,
                9.754000000000001
            ],
            [
                132.454,
                134.53
            ],
            [
                626.559,
                690.283
            ],
            [
                699.551,
                705.935
            ],
            [
                707.338,
                711.957
            ],
            [
                712.557,
                727.116
            ],
            [
                728.274,
                741.342
            ],
            [
                742.205,
                744.551
            ],
            [
                934.909,
                994.076
            ],
            [
                1024.448,
                1032.331
            ],
            [
                1039.237,
                1042.515
            ],
            [
                1047.492,
                1049.566
            ],
            [
                1056.151,
                1086.21
            ],
            [
                1187.46,
                1204.849
            ],
            [
                1223.691,
                1226.683
            ],
            [
                1229.604,
                1233.6019999999999
            ],
            [
                1236.013,
                1279.5490000000002
            ],
            [
                1326.593,
                1329.009
            ],
            [
                1439.888,
                1440.874
            ],
            [
                1450.119,
                1450.1329999999998
            ],
            [
                1458.746,
                1459.443
            ],
            [
                1469.543,
                1471.0939999999998
            ],
            [
                1473.623,
                1474.642
            ]
        ]
    },
    "F": {
        "duration": 241.16699999999992,