{
    "A": {
        "duration": 75.44199999999996,
        "intervals": [
            [
                23.944,
                96.01499999999999
            ],
            [
                273.346,
                273.736
            ],
            [
                374.822,
                375.521
            ],
            [
                439.334,
                441.317
            ],
            [
                508.341,
                508.64
            ]
        ]
    },
    "B": {
        "duration": 174.4279999999998,
        "intervals": [
            [
                0.386,
                22.936
            ],
            [
                97.278,
                146.75699999999998
            ],
            [
                220.852,
                234.084
            ],
            [
                236.496,
                267.599
            ],
            [
                368.132,
                368.375
            ],
            [
                376.723,
                379.99199999999996
            ],
            [
                392.813,
                393.589
            ],
            [
                416.603,
                419.04999999999995
            ],
            [
                433.736,
                437.592
            ],
            [
                442.145,
                444.604
            ],
            [
                502.35,
                504.83700000000005
            ],
            [
                506.618,
                507.60699999999997
            ],
            [
                508.876,
                511.402
            ],
            [
                523.525,
                528.507
            ],
            [
                536.149,
                539.816
            ],
            [
                544.492,
                545.1329999999999
            ],
            [
                564.464,
                567.4100000000001
            ],
            [
                636.67,
                637.9689999999999
            ],
            [
                649.426,
                650.725
            ],
            [
                656.11,
                659.134
            ],
            [
                661.434,
                672.606
            ],
            [
                675.948,
                685.93
            ]
        ]
    },
    "C": {
        "duration": 236.29000000000016,
        "intervals": [
            [
                219.129,
                220.36599999999999
            ],
            [
                234.907,
                236.078
            ],
            [
                268.702,
                272.24
            ],
            [
                274.381,
                346.86400000000003
            ],
            [
                350.769,
                367.908
            ],
            [
                369.448,
                372.878
            ],
            [
                381.77,
                392.462
            ],
            [
                393.787,
                415.491
            ],
            [
                419.05,
                433.736
            ],
            [
                437.592,
                439.099
            ],
            [
                444.832,
                448.217
            ],
            [
                495.237,
                502.098
            ],
            [
                504.838,
                505.99100000000004
            ],
            [
                511.64,
                523.525
            ],
            [
                528.989,
                535.679
            ],
            [
                539.816,
                542.44
            ],
            [
                559.312,
                562.593
            ],
            [
                567.41,
                573.451
            ],
            [
                578.991,
                584.779
            ],
            [
                598.992,
                605.221
            ],
            [
                609.836,
                610.368
            ],
            [
                614.193,
                619.959
            ],
            [
                627.654,
                636.67
            ],
            [
                639.637,
                649.426
            ],
            [
                651.146,
                656.111
            ],
            [
                659.134,
                661.144
            ],
            [
                673.049,
                675.737
            ]
        ]
    },
    "D": {
        "duration": 169.29700000000014,
        "intervals": [
            [
                150.496,
                219.12800000000001
            ],
            [
                346.864,
                350.592
            ],
            [
                448.217,
                495.23699999999997
            ],
            [
                546.394,
                559.1560000000001
            ],
            [
                562.592,
                564.069
            ],
            [
                573.451,
                578.9920000000001
            ],
            [
                584.78,
                598.992
            ],
            [
                605.22,
                609.624
            ],
            [
                610.367,
                614.193
            ],
            [
                619.959,
                627.654
            ]
        ]
    }
}