{
    "A": {
        "duration": 246.01600000000036,
        "intervals": [
            [
                476.709,
                506.034
            ],
            [
                628.25,
                637.487
            ],
            [
                885.043,
                902.11
            ],
            [
                1119.391,
                1129.857
            ],
            [
                1139.962,
                1146.5529999999999
            ],
            [
                1188.943,
                1197.23
            ],
            [
                1279.009,
                1293.393
            ],
            [
                1411.528,
                1419.609
            ],
            [
                1526.858,
                1534.791
            ],
            [
                1619.992,
                1636.657
            ],
            [
                1747.81,
                1780.576
            ],
            [
                2019.249,
                2026.711
            ],
            [
                2035.255,
                2042.497
            ],
            [
                2214.392,
                2249.667
            ],
            [
                2264.836,
                2292.063
            ],
            [
                2393.005,
                2401.0130000000004
            ]
        ]
    },
    "B": {
        "duration": 322.15999999999974,
        "intervals": [
            [
                11.968,
                40.009
            ],
            [
                43.553,
                188.81099999999998
            ],
            [
                191.999,
                210.525
            ],
            [
                213.592,
                220.15
            ],
            [
                223.349,
                246.392
            ],
            [
                253.954,
                260.64300000000003
            ],
            [
                263.616,
                280.052
            ],
            [
                282.646,
                296.792
            ],
            [
                334.598,
                343.11600000000004
            ],
            [
                2377.608,
                2388.765
            ],
            [
                2405.688,
                2422.61
            ],
            [
                2429.897,
                2436.92
            ],
            [
                2447.876,
                2459.445
            ],
            [
                2461.706,
                2469.98
            ]
        ]
    },
    "C": {
        "duration": 142.50899999999956,
        "intervals": [
            [
                375.447,
                449.192
            ],
            [
                823.065,
                828.097
            ],
            [
                911.92,
                919.875
            ],
            [
                1515.417,
                1522.734
            ],
            [
                2107.883,
                2122.7459999999996
            ],
            [
                2130.909,
                2156.141
            ],
            [
                2256.471,
                2264.836
            ]
        ]
    },
    "D": {
        "duration": 329.53599999999983,
        "intervals": [
            [
                516.809,
                523.091
            ],
            [
                528.874,
                546.326
            ],
            [
                550.908,
                568.875
            ],
            [
                576.209,
                582.9
            ],
            [
                587.115,
                606.3
            ],
            [
                637.487,
                668.196
            ],
            [
                675.849,
                693.1320000000001
            ],
            [
                708.809,
                719.816
            ],
            [
                722.667,
                771.961
            ],
            [
                928.429,
                939.015
            ],
            [
                1265.137,
                1279.008
            ],
            [
                1324.92,
                1339.9910000000002
            ],
            [
                1350.16,
                1389.394
            ],
            [
                1394.18,
                1408.713
            ],
            [
                1825.198,
                1832.313
            ],
            [
                1890.847,
                1902.472
            ],
            [
                1980.263,
                1994.86
            ],
            [
                2170.15,
                2183.993
            ],
            [
                2187.209,
                2200.3999999999996
            ]
        ]
    },
    "E": {
        "duration": 128.63800000000003,
        "intervals": [
            [
                971.234,
                1086.796
            ],
            [
                1564.361,
                1577.4370000000001
            ]
        ]
    },
    "F": {
        "duration": 355.7039999999997,
        "intervals": [
            [
                6.804,
                11.968
            ],
            [
                246.392,
                253.954
            ],
            [
                300.166,
                321.736
            ],
            [
                358.379,
                364.374
            ],
            [
                452.012,
                476.70799999999997
            ],
            [
                614.932,
                627.8090000000001
            ],
            [
                779.497,
                795.918
            ],
            [
                805.481,
                819.944
            ],
            [
                850.346,
                875.729
            ],
            [
                877.993,
                885.043
            ],
            [
                904.303,
                911.3000000000001
            ],
            [
                1146.553,
                1158.139
            ],
            [
                1163.528,
                1171.7069999999999
            ],
            [
                1181.792,
                1188.943
            ],
            [
                1305.217,
                1310.4750000000001
            ],
            [
                1419.609,
                1457.264
            ],
            [
                1458.44,
                1466.652
            ],
            [
                1468.829,
                1477.148
            ],
            [
                1478.864,
                1492.057
            ],
            [
                1499.661,
                1511.447
            ],
            [
                1943.865,
                1950.71
            ],
            [
                2027.258,
                2035.255
            ],
            [
                2042.756,
                2068.1349999999998
            ],
            [
                2071.192,
                2098.5130000000004
            ],
            [
                2100.799,
                2106.2419999999997
            ],
            [
                2346.776,
                2356.4249999999997
            ],
            [
                2363.133,
                2376.686
            ]
        ]
    },
    "G": {
        "duration": 187.0369999999998,