{
    "A": {
        "duration": 253.68500000000043,
        "intervals": [
            [
                12.089,
                12.292
            ],
            [
                201.192,
                201.77100000000002
            ],
            [
                311.227,
                314.569
            ],
            [
                483.369,
                484.036
            ],
            [
                490.884,
                502.592
            ],
            [
                508.791,
                523.464
            ],
            [
                525.894,
                532.4839999999999
            ],
            [
                610.772,
                612.0600000000001
            ],
            [
                616.427,
                622.591
            ],
            [
                665.81,
                696.013
            ],
            [
                699.003,
                702.464
            ],
            [
                717.105,
                732.923
            ],
            [
                763.439,
                768.005
            ],
            [
                769.141,
                793.4150000000001
            ],
            [
                796.065,
                802.245
            ],
            [
                805.098,
                811.3459999999999
            ],
            [
                819.005,
                828.9639999999999
            ],
            [
                904.876,
                905.792
            ],
            [
                943.699,
                944.251
            ],
            [
                1230.625,
                1236.783
            ],
            [
                1240.809,
                1251.4389999999999
            ],
            [
                1254.879,
                1279.959
            ],
            [
                1282.667,
                1285.1899999999998
            ],
            [
                1299.012,
                1300.875
            ],
            [
                1314.212,
                1315.336
            ],
            [
                1333.721,
                1339.443
            ],
            [
                1347.33,
                1366.471
            ],
            [
                1402.817,
                1404.121
            ],
            [
                1404.92,
                1406.7340000000002
            ],
            [
                1413.467,
                1419.6470000000002
            ],
            [
                1436.918,
                1444.6329999999998
            ],
            [
                1447.519,
                1457.207
            ],
            [
                1478.967,
                1483.6870000000001
            ],
            [
                1488.672,
                1491.304
            ]
        ]
    },
    "B": {
        "duration": 218.51199999999972,
        "intervals": [
            [
                2.411,
                3.1590000000000003
            ],
            [
                358.309,
                426.274
            ],
            [
                434.504,
                436.399
            ],
            [
                454.69,
                462.402
            ],
            [
                532.992,
                557.9920000000001
            ],
            [
                560.8,
                610.362
            ],
            [
                622.591,
                627.993
            ],
            [
                633.045,
                649.3919999999999
            ],
            [
                1457.207,
                1469.894
            ],
            [
                1472.811,
                1475.3349999999998
            ],
            [
                1483.687,
                1488.6719999999998
            ],
            [
                1491.305,
                1514.99
            ]
        ]
    },
    "C": {
        "duration": 214.54399999999956,
        "intervals": [
            [
                3.159,
                4.148
            ],
            [
                107.575,
                107.729
            ],
            [
                247.577,
                310.716
            ],
            [
                314.962,
                342.203
            ],
            [
                346.147,
                349.895
            ],
            [
                430.9,
                434.09999999999997
            ],
            [
                436.399,
                454.69
            ],
            [
                462.402,
                483.069
            ],
            [
                484.356,
                490.562
            ],
            [
                523.464,
                525.894
            ],
            [
                656.193,
                665.81
            ],
            [
                768.005,
                768.813
            ],
            [
                940.629,
                941.284
            ],
            [
                1251.786,
                1254.717
            ],
            [
                1317.148,
                1320.999
            ],
            [
                1340.268,
                1347.116
            ],
            [
                1366.472,
                1371.194
            ],
            [
                1376.214,
                1402.5369999999998
            ],
            [
                1404.543,
                1404.6779999999999
            ],
            [
                1406.911,
                1413.1
            ],
            [
                1444.633,
                1447.519
            ],
            [
                1471.601,
                1472.332
            ],
            [
                1475.633,
                1478.416
            ]
        ]
    },
    "D": {
        "duration": 150.10800000000003,
        "intervals": [
            [
                116.584,
                123.827
            ],
            [
                125.857,
                162.373
            ],
            [
                627.993,
                633.0450000000001
            ],
            [
                649.392,
                656.1930000000001
            ],
            [
                702.699,
                704.3929999999999
            ],
            [
                837.992,
                896.821
            ],
            [
                905.793,
                939.766
            ]
        ]
    },
    "E": {
        "duration": 121.119,
        "intervals": [
            [
                6.78,
                11.274000000000001
            ],
            [
                794.097,
                795.751
            ],
            [
                951.585,
                1058.802
            ],
            [
                1237.255,
                1240.8090000000002
            ],
            [
                1285.394,
                1289.594
            ]
        ]
    },
    "F": {
        "duration": 293.8740000000002,