{
    "A": {
        "duration": 99.95800000000006,
        "intervals": [
            [
                42.174,
                83.177
            ],
            [
                102.507,
                110.398
            ],
            [
                124.684,
                130.246
            ],
            [
                139.811,
                153.28400000000002
            ],
            [
                160.356,
                192.38500000000002
            ]
        ]
    },
    "B": {
        "duration": 231.52399999999935,
        "intervals": [
            [
                131.286,
                131.308
            ],
            [
                159.084,
                159.73
            ],
            [
                499.974,
                501.908
            ],
            [
                687.391,
                691.829
            ],
            [
                717.601,
                732.717
            ],
            [
                751.385,
                764.2349999999999
            ],
            [
                764.589,
                857.861
            ],
            [
                866.13,
                869.7
            ],
            [
                890.703,
                895.1949999999999
            ],
            [
                1119.04,
                1124.089
            ],
            [
                1183.881,
                1184.353
            ],
            [
                1208.792,
                1211.418
            ],
            [
                1235.609,
                1238.326
            ],
            [
                1254.741,
                1255.408
            ],
            [
                1257.709,
                1263.759
            ],
            [
                1575.17,
                1575.592
            ],
            [
                1636.269,
                1669.636
            ],
            [
                1680.353,
                1685.758
            ],
            [
                1697.649,
                1712.5189999999998
            ],
            [
                1717.053,
                1740.5919999999999
            ]
        ]
    },
    "C": {
        "duration": 261.83599999999956,
        "intervals": [
            [
                19.616,
                41.635
            ],
            [
                197.331,
                219.642
            ],
            [
                222.515,
                240.56
            ],
            [
                319.052,
                333.37100000000004
            ],
            [
                668.21,
                675.792
            ],
            [
                678.392,
                687.3910000000001
            ],
            [
                692.645,
                709.391
            ],
            [
                715.033,
                717.601
            ],
            [
                858.168,
                866.13
            ],
            [
                872.036,
                888.2439999999999
            ],
            [
                1150.946,
                1177.542
            ],
            [
                1179.893,
                1183.881
            ],
            [
                1184.745,
                1200.8509999999999
            ],
            [
                1221.286,
                1224.636
            ],
            [
                1227.542,
                1235.61
            ],
            [
                1348.993,
                1356.4579999999999
            ],
            [
                1395.05,
                1426.542
            ],
            [
                1669.636,
                1672.206
            ],
            [
                1675.785,
                1680.353
            ],
            [
                1694.51,
                1697.649
            ],
            [
                1745.683,
                1763.418
            ]
        ]
    },
    "D": {
        "duration": 109.03400000000028,
        "intervals": [
            [
                310.643,
                310.67199999999997
            ],
            [
                336.569,
                377.57500000000005
            ],
            [
                528.007,
                530.481
            ],
            [
                637.966,
                659.9989999999999
            ],
            [
                712.451,
                715.033
            ],
            [
                1057.462,
                1060.499
            ],
            [
                1177.543,
                1179.894
            ],
            [
                1333.209,
                1340.204
            ],
            [
                1356.458,
                1365.4640000000002
            ],
            [
                1386.288,
                1389.476
            ],
            [
                1426.542,
                1434.659
            ],
            [
                1439.238,
                1443.067
            ],
            [
                1690.122,
                1694.509
            ]
        ]
    },
    "E": {
        "duration": 235.87900000000013,
        "intervals": [
            [
                0.01,
                19.008000000000003
            ],
            [
                83.774,
                89.476
            ],
            [
                90.472,
                91.967
            ],
            [
                95.862,
                101.667
            ],
            [
                379.672,
                422.865
            ],
            [
                541.595,
                546.89
            ],
            [
                565.645,
                580.011
            ],
            [
                617.853,
                620.668
            ],
            [
                736.979,
                747.255
            ],
            [
                975.225,
                977.311
            ],
            [
                980.162,
                980.2040000000001
            ],
            [
                985.951,
                986.472
            ],
            [
                1015.995,
                1016.014
            ],
            [
                1023.484,
                1040.431
            ],
            [
                1043.01,
                1053.4080000000001
            ],
            [
                1215.667,
                1221.2859999999998
            ],
            [
                1256.086,
                1257.566
            ],
            [
                1279.193,
                1300.7930000000001
            ],
            [
                1308.791,
                1313.254
            ],
            [
                1443.067,
                1493.844
            ],
            [
                1557.993,
                1565.4569999999999
            ],
            [
                1569.139,
                1571.2299999999998
            ],
            [
                1631.192,
                1633.794
            ],
            [
                1635.937,
                1636.269
            ],
            [
                1763.866,
                1765.359
            ]
        ]
    },
    "F": {
        "duration": 111.7609999999996,