{
    "A": {
        "duration": 255.249,
        "intervals": [
            [
                11.382,
                75.094
            ],
            [
                190.068,
                233.221
            ],
            [
                234.757,
                238.545
            ],
            [
                239.887,
                244.006
            ],
            [
                292.383,
                298.382
            ],
            [
                304.05,
                308.735
            ],
            [
                349.792,
                353.241
            ],
            [
                374.978,
                390.521
            ],
            [
                393.749,
                406.96799999999996
            ],
            [
                428.676,
                431.932
            ],
            [
                469.133,
                478.69
            ],
            [
                537.854,
                540.399
            ],
            [
                553.892,
                554.692
            ],
            [
                556.237,
                570.798
            ],
            [
                573.191,
                578.046
            ],
            [
                634.357,
                636.802
            ],
            [
                647.946,
                666.413
            ],
            [
                669.102,
                710.198
            ]
        ]
    },
    "B": {
        "duration": 296.987,
        "intervals": [
            [
                75.641,
                189.518
            ],
            [
                252.015,
                255.25699999999998
            ],
            [
                264.166,
                264.817
            ],
            [
                286.647,
                288.955
            ],
            [
                298.777,
                303.36699999999996
            ],
            [
                312.549,
                349.79200000000003
            ],
            [
                357.411,
                359.907
            ],
            [
                362.772,
                366.59299999999996
            ],
            [
                391.751,
                393.44199999999995
            ],
            [
                407.606,
                428.675
            ],
            [
                432.763,
                468.845
            ],
            [
                528.682,
                532.855
            ],
            [
                533.274,
                537.369
            ],
            [
                585.21,
                634.139
            ],
            [
                636.991,
                647.946
            ],
            [
                666.777,
                668.542
            ]
        ]
    },
    "C": {
        "duration": 124.691,
        "intervals": [
            [
                0.23,
                0.331
            ],
            [
                234.183,
                234.757
            ],
            [
                239.353,
                239.886
            ],
            [
                244.279,
                251.686
            ],
            [
                255.256,
                264.167
            ],
            [
                265.113,
                286.30199999999996
            ],
            [
                288.956,
                292.14000000000004
            ],
            [
                357.117,
                357.411
            ],
            [
                360.215,
                362.772
            ],
            [
                366.918,
                374.65
            ],
            [
                479.302,
                528.059
            ],
            [
                532.855,
                532.971
            ],
            [
                537.816,
                537.8530000000001
            ],
            [
                541.021,
                553.716
            ],
            [
                555.179,
                555.986
            ],
            [
                571.101,
                573.192
            ],
            [
                578.046,
                585.21
            ],
            [
                711.249,
                711.791
            ]
        ]
    }
}