{
    "A": {
        "duration": 160.61000000000013,
        "intervals": [
            [
                19.85,
                24.641000000000002
            ],
            [
                31.85,
                38.752
            ],
            [
                52.235,
                55.743
            ],
            [
                66.39,
                68.573
            ],
            [
                73.671,
                77.933
            ],
            [
                81.386,
                82.392
            ],
            [
                91.916,
                92.675
            ],
            [
                102.546,
                104.519
            ],
            [
                111.319,
                113.238
            ],
            [
                122.192,
                128.166
            ],
            [
                131.936,
                138.615
            ],
            [
                144.138,
                144.799
            ],
            [
                146.75,
                149.057
            ],
            [
                152.234,
                154.333
            ],
            [
                157.975,
                160.883
            ],
            [
                162.969,
                171.476
            ],
            [
                173.674,
                176.514
            ],
            [
                179.997,
                189.193
            ],
            [
                195.742,
                199.706
            ],
            [
                202.665,
                206.822
            ],
            [
                208.729,
                215.04500000000002
            ],
            [
                218.654,
                220.92499999999998
            ],
            [
                226.405,
                227.833
            ],
            [
                235.01,
                254.644
            ],
            [
                258.842,
                266.968
            ],
            [
                276.91,
                277.249
            ],
            [
                278.009,
                282.442
            ],
            [
                325.385,
                327.15
            ],
            [
                379.271,
                379.313
            ],
            [
                460.1,
                460.54900000000004
            ],
            [
                694.897,
                697.0110000000001
            ],
            [
                699.376,
                701.87
            ],
            [
                706.492,
                717.9269999999999
            ],
            [
                733.001,
                734.192
            ],
            [
                852.566,
                854.051
            ],
            [
                861.349,
                861.695
            ],
            [
                866.697,
                867.353
            ],
            [
                880.192,
                881.594
            ],
            [
                998.661,
                1002.1679999999999
            ],
            [
                1009.849,
                1009.908
            ],
            [
                1022.114,
                1024.009
            ],
            [
                1027.974,
                1029.597
            ],
            [
                1029.937,
                1036.261
            ],
            [
                1041.188,
                1043.159
            ],
            [
                1055.138,
                1055.413
            ],
            [
                1106.627,
                1109.062
            ]
        ]
    },
    "B": {
        "duration": 150.4050000000003,
        "intervals": [
            [
                463.01,
                489.094
            ],
            [
                499.012,
                512.59
            ],
            [
                514.995,
                532.271
            ],
            [
                538.382,
                556.6419999999999
            ],
            [
                576.217,
                576.241
            ],
            [
                579.245,
                593.947
            ],
            [
                602.718,
                607.184
            ],
            [
                609.778,
                610.8480000000001
            ],
            [
                624.446,
                625.5260000000001
            ],
            [
                1212.163,
                1243.393
            ],
            [
                1471.21,
                1474.8890000000001
            ],
            [
                1553.41,
                1558.1960000000001
            ],
            [
                1568.432,
                1573.403
            ],
            [
                1579.694,
                1588.893
            ]
        ]
    },
    "C": {
        "duration": 129.63699999999983,
        "intervals": [
            [
                734.515,
                836.8539999999999
            ],
            [
                838.797,
                846.992
            ],
            [
                964.104,
                964.61
            ],
            [
                968.196,
                986.793
            ]
        ]
    },
    "D": {
        "duration": 123.01300000000003,
        "intervals": [
            [
                386.002,
                389.396
            ],
            [
                882.168,
                956.136
            ],
            [
                1059.639,
                1090.3980000000001
            ],
            [
                1306.172,
                1306.192
            ],
            [
                1324.392,
                1329.24
            ],
            [
                1339.9,
                1343.511
            ],
            [
                1354.006,
                1358.0210000000002
            ],
            [
                1361.811,
                1364.2089999999998
            ]
        ]
    },
    "E": {
        "duration": 177.89999999999986,
        "intervals": [
            [
                9.887,
                12.992
            ],
            [
                327.579,
                364.74
            ],
            [
                389.396,
                428.2
            ],
            [
                432.111,
                453.713
            ],
            [
                607.331,
                609.553
            ],
            [
                1116.943,
                1141.0729999999999
            ],
            [
                1159.814,
                1198.7169999999999
            ],
            [
                1199.936,
                1205.425
            ],
            [
                1343.939,
                1344.3290000000002
            ],
            [
                1573.403,
                1579.497
            ]
        ]
    },
    "F": {
        "duration": 436.24700000000036,