{
    "A": {
        "duration": 312.44899999999984,
        "intervals": [
            [
                2.629,
                3.355
            ],
            [
                8.733,
                58.455999999999996
            ],
            [
                59.921,
                95.049
            ],
            [
                123.925,
                157.479
            ],
            [
                199.241,
                216.55200000000002
            ],
            [
                223.312,
                233.594
            ],
            [
                247.269,
                253.703
            ],
            [
                256.878,
                258.13300000000004
            ],
            [
                263.169,
                332.593
            ],
            [
                387.396,
                394.582
            ],
            [
                395.315,
                405.53999999999996
            ],
            [
                556.88,
                562.833
            ],
            [
                671.282,
                675.2760000000001
            ],
            [
                678.976,
                682.992
            ],
            [
                707.14,
                712.4929999999999
            ],
            [
                836.737,
                845.642
            ],
            [
                954.421,
                969.31
            ],
            [
                1044.267,
                1050.84
            ],
            [
                1053.991,
                1057.0990000000002
            ],
            [
                1063.081,
                1063.5369999999998
            ],
            [
                1097.353,
                1103.392
            ],
            [
                1105.942,
                1113.134
            ],
            [
                1119.862,
                1122.278
            ],
            [
                1188.392,
                1190.699
            ]
        ]
    },
    "B": {
        "duration": 172.31900000000016,
        "intervals": [
            [
                100.589,
                101.9
            ],
            [
                108.71,
                109.04599999999999
            ],
            [
                111.618,
                114.009
            ],
            [
                118.665,
                123.289
            ],
            [
                195.18,
                198.514
            ],
            [
                336.913,
                387.396
            ],
            [
                444.192,
                494.88
            ],
            [
                528.036,
                542.0590000000001
            ],
            [
                543.503,
                546.095
            ],
            [
                550.889,
                556.88
            ],
            [
                846.251,
                882.797
            ]
        ]
    },
    "C": {
        "duration": 140.93100000000024,
        "intervals": [
            [
                182.527,
                193.519
            ],
            [
                219.819,
                220.47199999999998
            ],
            [
                244.855,
                246.259
            ],
            [
                258.552,
                262.37600000000003
            ],
            [
                405.967,
                444.192
            ],
            [
                497.71,
                505.04699999999997
            ],
            [
                506.885,
                524.8130000000001
            ],
            [
                626.16,
                669.149
            ],
            [
                682.992,
                691.4449999999999
            ],
            [
                695.368,
                697.7460000000001
            ],
            [
                700.392,
                707.1400000000001
            ]
        ]
    },
    "D": {
        "duration": 98.72300000000007,
        "intervals": [
            [
                96.166,
                98.969
            ],
            [
                102.583,
                108.179
            ],
            [
                109.046,
                111.61800000000001
            ],
            [
                114.009,
                116.867
            ],
            [
                172.709,
                174.889
            ],
            [
                332.593,
                336.39300000000003
            ],
            [
                395.305,
                395.315
            ],
            [
                405.95,
                405.967
            ],
            [
                542.059,
                542.545
            ],
            [
                546.095,
                550.889
            ],
            [
                562.834,
                625.872
            ],
            [
                882.797,
                888.609
            ],
            [
                1148.837,
                1153.594
            ]
        ]
    },
    "E": {
        "duration": 170.79499999999976,
        "intervals": [
            [
                164.82,
                171.22899999999998
            ],
            [
                175.711,
                182.527
            ],
            [
                243.957,
                244.855
            ],
            [
                713.316,
                715.271
            ],
            [
                721.111,
                741.594
            ],
            [
                744.346,
                805.8199999999999
            ],
            [
                810.866,
                819.53
            ],
            [
                820.636,
                836.4499999999999
            ],
            [
                888.609,
                914.03
            ],
            [
                919.591,
                942.452
            ]
        ]
    },
    "F": {
        "duration": 139.43999999999994,
        "intervals": [
            [
                0.211,
                1.2790000000000001
            ],
            [
                3.5,
                5.145
            ],
            [
                158.043,
                164.355
            ],
            [
                972.623,
                1043.975
            ],
            [
                1057.75,
                1060.005
            ],
            [
                1064.441,
                1088.355
            ],
            [
                1124.791,
                1128.628
            ],
            [
                1133.899,
                1135.802
            ],
            [
                1158.806,
                1166.346
            ],
            [
                1175.339,
                1181.193
            ],
            [
                1183.349,
                1184.821
            ],
            [
                1203.944,
                1216.232
            ]
        ]
    },
    "G": {
        "duration": 135.3469999999998,