{
    "A": {
        "duration": 113.69500000000005,
        "intervals": [
            [
                64.434,
                174.90400000000002
            ],
            [
                368.425,
                370.82300000000004
            ],
            [
                724.366,
                725.193
            ]
        ]
    },
    "B": {
        "duration": 207.65099999999984,
        "intervals": [
            [
                52.863,
                53.366
            ],
            [
                223.914,
                324.683
            ],
            [
                362.897,
                368.008
            ],
            [
                371.503,
                401.191
            ],
            [
                411.461,
                420.565
            ],
            [
                423.394,
                427.851
            ],
            [
                433.085,
                436.296
            ],
            [
                438.045,
                469.49199999999996
            ],
            [
                492.504,
                495.803
            ],
            [
                499.33,
                500.899
            ],
            [
                568.681,
                571.435
            ],
            [
                586.334,
                588.939
            ],
            [
                645.983,
                646.3539999999999
            ],
            [
                651.935,
                652.406
            ],
            [
                690.989,
                695.873
            ],
            [
                753.054,
                759.245
            ],
            [
                786.611,
                787.828
            ]
        ]
    },
    "C": {
        "duration": 297.85499999999985,
        "intervals": [
            [
                0.057,
                52.42100000000001
            ],
            [
                53.825,
                64.434
            ],
            [
                174.904,
                219.856
            ],
            [
                324.683,
                361.555
            ],
            [
                401.191,
                408.91299999999995
            ],
            [
                420.812,
                423.394
            ],
            [
                427.85,
                433.085
            ],
            [
                436.296,
                437.715
            ],
            [
                469.491,
                492.503
            ],
            [
                495.803,
                499.33
            ],
            [
                507.6,
                518.035
            ],
            [
                571.435,
                585.593
            ],
            [
                589.273,
                589.956
            ],
            [
                638.791,
                645.369
            ],
            [
                646.608,
                651.39
            ],
            [
                652.406,
                658.5939999999999
            ],
            [
                705.25,
                723.597
            ],
            [
                759.245,
                786.394
            ],
            [
                788.847,
                810.088
            ]
        ]
    },
    "D": {
        "duration": 103.45800000000003,
        "intervals": [
            [
                501.093,
                507.6
            ],
            [
                518.036,
                566.701
            ],
            [
                590.369,
                638.655
            ]
        ]
    },
    "E": {
        "duration": 69.37499999999991,
        "intervals": [
            [
                221.164,
                221.689
            ],
            [
                408.913,
                411.461
            ],
            [
                661.443,
                690.674
            ],
            [
                695.873,
                705.25
            ],
            [
                723.9,
                724.064
            ],
            [
                725.524,
                753.054
            ]
        ]
    }
}