{
    "A": {
        "duration": 440.96600000000024,
        "intervals": [
            [
                0.44,
                9.519
            ],
            [
                11.683,
                25.653
            ],
            [
                27.817,
                31.527
            ],
            [
                34.42,
                66.38900000000001
            ],
            [
                98.137,
                129.537
            ],
            [
                133.716,
                167.666
            ],
            [
                218.023,
                222.836
            ],
            [
                224.92,
                300.237
            ],
            [
                379.971,
                407.81100000000004
            ],
            [
                409.786,
                417.33599999999996
            ],
            [
                419.821,
                433.62
            ],
            [
                525.882,
                529.529
            ],
            [
                551.195,
                561.715
            ],
            [
                570.822,
                574.464
            ],
            [
                576.911,
                582.407
            ],
            [
                587.311,
                589.2280000000001
            ],
            [
                651.324,
                662.059
            ],
            [
                663.827,
                664.926
            ],
            [
                719.744,
                725.809
            ],
            [
                781.498,
                797.067
            ],
            [
                804.728,
                811.6740000000001
            ],
            [
                857.792,
                870.699
            ],
            [
                872.345,
                882.629
            ],
            [
                1028.7,
                1034.9940000000001
            ],
            [
                1041.501,
                1042.4089999999999
            ],
            [
                1055.702,
                1066.4189999999999
            ],
            [
                1067.749,
                1079.221
            ],
            [
                1081.76,
                1086.546
            ],
            [
                1088.638,
                1089.656
            ],
            [
                1091.708,
                1093.76
            ],
            [
                1121.192,
                1135.648
            ],
            [
                1138.293,
                1185.332
            ]
        ]
    },
    "B": {
        "duration": 135.26999999999987,
        "intervals": [
            [
                71.643,
                96.503
            ],
            [
                171.249,
                180.904
            ],
            [
                183.75,
                194.649
            ],
            [
                203.128,
                206.618
            ],
            [
                306.423,
                378.71799999999996
            ],
            [
                728.215,
                729.994
            ],
            [
                732.471,
                735.082
            ],
            [
                936.605,
                937.558
            ],
            [
                953.719,
                956.6370000000001
            ],
            [
                960.684,
                966.086
            ],
            [
                1094.043,
                1094.4509999999998
            ]
        ]
    },
    "C": {
        "duration": 260.46500000000026,
        "intervals": [
            [
                9.963,
                11.029
            ],
            [
                32.591,
                34.42
            ],
            [
                129.914,
                132.775
            ],
            [
                169.887,
                170.97
            ],
            [
                182.007,
                183.293
            ],
            [
                194.65,
                202.864
            ],
            [
                207.468,
                217.084
            ],
            [
                223.211,
                224.191
            ],
            [
                407.811,
                408.07399999999996
            ],
            [
                417.641,
                419.57300000000004
            ],
            [
                433.62,
                487.55400000000003
            ],
            [
                511.356,
                516.272
            ],
            [
                533.534,
                548.193
            ],
            [
                562.398,
                567.044
            ],
            [
                574.754,
                576.128
            ],
            [
                589.228,
                607.9490000000001
            ],
            [
                617.159,
                619.005
            ],
            [
                621.319,
                623.9939999999999
            ],
            [
                662.059,
                663.2719999999999
            ],
            [
                664.926,
                664.97
            ],
            [
                667.313,
                672.271
            ],
            [
                678.27,
                695.2090000000001
            ],
            [
                717.508,
                718.892
            ],
            [
                769.821,
                776.306
            ],
            [
                812.919,
                834.19
            ],
            [
                835.417,
                857.792
            ],
            [
                871.265,
                871.893
            ],
            [
                885.716,
                908.342
            ],
            [
                937.875,
                946.406
            ],
            [
                983.473,
                987.5229999999999
            ],
            [
                990.228,
                993.655
            ],
            [
                998.322,
                1001.921
            ],
            [
                1009.063,
                1009.915
            ],
            [
                1035.411,
                1038.064
            ],
            [
                1042.63,
                1044.1200000000001
            ],
            [
                1066.419,
                1066.9540000000002
            ],
            [
                1094.761,
                1096.7079999999999
            ],
            [
                1098.104,
                1100.853
            ],
            [
                1137.034,
                1137.842
            ]
        ]
    },
    "D": {
        "duration": 281.6709999999998,