{
    "A": {
        "duration": 109.93599999999984,
        "intervals": [
            [
                4.352,
                15.41
            ],
            [
                19.141,
                20.246
            ],
            [
                57.632,
                60.443000000000005
            ],
            [
                82.129,
                124.173
            ],
            [
                162.243,
                162.85
            ],
            [
                169.597,
                184.257
            ],
            [
                194.29,
                194.911
            ],
            [
                204.815,
                212.202
            ],
            [
                215.136,
                217.753
            ],
            [
                223.781,
                244.214
            ],
            [
                1717.912,
                1721.251
            ],
            [
                1789.933,
                1789.935
            ],
            [
                1851.501,
                1854.753
            ]
        ]
    },
    "B": {
        "duration": 53.315999999999995,
        "intervals": [
            [
                37.788,
                53.391
            ],
            [
                60.834,
                61.367000000000004
            ],
            [
                125.611,
                152.392
            ],
            [
                158.855,
                160.993
            ],
            [
                187.304,
                194.291
            ],
            [
                221.935,
                223.209
            ]
        ]
    },
    "C": {
        "duration": 122.15100000000004,
        "intervals": [
            [
                36.904,
                37.501000000000005
            ],
            [
                341.059,
                344.46900000000005
            ],
            [
                372.242,
                375.821
            ],
            [
                383.727,
                398.14
            ],
            [
                407.501,
                413.362
            ],
            [
                424.529,
                483.892
            ],
            [
                489.809,
                498.206
            ],
            [
                1927.101,
                1933.4170000000001
            ],
            [
                1937.593,
                1957.808
            ]
        ]
    },
    "D": {
        "duration": 458.7909999999991,
        "intervals": [
            [
                79.746,
                80.553
            ],
            [
                245.454,
                275.57899999999995
            ],
            [
                292.982,
                310.529
            ],
            [
                356.039,
                361.034
            ],
            [
                369.112,
                371.856
            ],
            [
                509.244,
                519.058
            ],
            [
                528.593,
                630.12
            ],
            [
                756.899,
                765.909
            ],
            [
                771.437,
                776.702
            ],
            [
                778.363,
                793.266
            ],
            [
                804.716,
                805.816
            ],
            [
                809.858,
                813.7729999999999
            ],
            [
                1084.99,
                1085.36
            ],
            [
                1136.454,
                1144.866
            ],
            [
                1145.431,
                1156.192
            ],
            [
                1161.392,
                1162.054
            ],
            [
                1254.606,
                1276.914
            ],
            [
                1285.895,
                1294.821
            ],
            [
                1296.442,
                1297.019
            ],
            [
                1300.703,
                1327.009
            ],
            [
                1328.856,
                1372.394
            ],
            [
                1378.121,
                1379.238
            ],
            [
                1432.898,
                1436.5179999999998
            ],
            [
                1553.415,
                1556.193
            ],
            [
                1559.871,
                1586.8919999999998
            ],
            [
                1620.299,
                1660.4089999999999
            ],
            [
                1662.667,
                1666.192
            ],
            [
                1669.719,
                1674.157
            ],
            [
                1699.653,
                1717.912
            ],
            [
                1787.272,
                1788.2369999999999
            ],
            [
                1791.018,
                1818.4089999999999
            ],
            [
                1913.504,
                1916.192
            ],
            [
                1989.004,
                1989.713
            ],
            [
                1997.835,
                2000.393
            ]
        ]
    },
    "E": {
        "duration": 227.17499999999995,
        "intervals": [
            [
                154.629,
                158.85399999999998
            ],
            [
                162.851,
                169.248
            ],
            [
                195.667,
                204.815
            ],
            [
                218.607,
                221.547
            ],
            [
                316.857,
                325.22
            ],
            [
                351.209,
                352.572
            ],
            [
                378.683,
                383.727
            ],
            [
                483.892,
                489.808
            ],
            [
                642.997,
                643.54
            ],
            [
                750.997,
                753.992
            ],
            [
                766.454,
                767.17
            ],
            [
                800.268,
                800.818
            ],
            [
                835.755,
                837.994
            ],
            [
                844.751,
                847.507
            ],
            [
                880.232,
                882.593
            ],
            [
                961.624,
                989.9209999999999
            ],
            [
                994.899,
                1004.7059999999999
            ],
            [
                1007.208,
                1067.275
            ],
            [
                1109.077,
                1117.604
            ],
            [
                1127.628,
                1133.222
            ],
            [
                1164.416,
                1171.001
            ],
            [
                1178.408,
                1183.918
            ],
            [
                1193.3,
                1209.23
            ],
            [
                1214.497,
                1221.549
            ],
            [
                1228.222,
                1231.393
            ],
            [
                1283.786,
                1284.979
            ],
            [
                1373.077,
                1376.529
            ],
            [
                1442.072,
                1447.129
            ],
            [
                1586.891,
                1590.409
            ],
            [
                1722.239,
                1723.01
            ],
            [
                1743.994,
                1747.013
            ],
            [
                1916.192,
                1920.261
            ]
        ]
    },