{
    "A": {
        "duration": 100.52799999999999,
        "intervals": [
            [
                170.498,
                238.391
            ],
            [
                297.233,
                329.868
            ]
        ]
    },
    "B": {
        "duration": 812.8919999999996,
        "intervals": [
            [
                0.056,
                168.737
            ],
            [
                238.391,
                295.40799999999996
            ],
            [
                329.867,
                662.968
            ],
            [
                664.904,
                672.582
            ],
            [
                735.34,
                762.664
            ],
            [
                774.61,
                783.623
            ],
            [
                787.998,
                794.2139999999999
            ],
            [
                811.895,
                818.048
            ],
            [
                819.845,
                824.703
            ],
            [
                826.87,
                913.2429999999999
            ],
            [
                946.205,
                946.774
            ],
            [
                986.68,
                1012.2840000000001
            ],
            [
                1068.883,
                1081.543
            ],
            [
                1105.768,
                1173.413
            ]
        ]
    },
    "C": {
        "duration": 78.03899999999987,
        "intervals": [
            [
                677.383,
                735.3399999999999
            ],
            [
                762.664,
                774.61
            ],
            [
                783.623,
                787.999
            ],
            [
                915.509,
                916.3870000000001
            ],
            [
                929.941,
                932.823
            ]
        ]
    },
    "D": {
        "duration": 81.19500000000016,
        "intervals": [
            [
                663.697,
                664.559
            ],
            [
                794.463,
                811.663
            ],
            [
                819.087,
                819.5
            ],
            [
                825.009,
                826.619
            ],
            [
                917.784,
                929.941
            ],
            [
                933.397,
                945.341
            ],
            [
                947.59,
                984.5740000000001
            ],
            [
                1103.689,
                1103.7140000000002
            ]
        ]
    },
    "E": {
        "duration": 79.024,
        "intervals": [
            [
                1013.253,
                1068.883
            ],
            [
                1081.542,
                1103.2269999999999
            ],
            [
                1103.714,
                1105.423
            ]
        ]
    }
}