{
    "A": {
        "duration": 349.0469999999998,
        "intervals": [
            [
                601.808,
                605.752
            ],
            [
                613.663,
                615.891
            ],
            [
                939.619,
                1071.809
            ],
            [
                1106.968,
                1137.3210000000001
            ],
            [
                1139.756,
                1152.922
            ],
            [
                1570.745,
                1580.6070000000002
            ],
            [
                1583.884,
                1649.6879999999999
            ],
            [
                1654.049,
                1654.889
            ],
            [
                1662.366,
                1748.201
            ],
            [
                2007.612,
                2010.69
            ],
            [
                2584.663,
                2586.41
            ]
        ]
    },
    "B": {
        "duration": 279.5500000000002,
        "intervals": [
            [
                246.626,
                250.533
            ],
            [
                254.453,
                360.704
            ],
            [
                699.133,
                702.081
            ],
            [
                1533.927,
                1535.792
            ],
            [
                1580.607,
                1583.483
            ],
            [
                1797.81,
                1959.5130000000001
            ]
        ]
    },
    "C": {
        "duration": 472.1079999999999,
        "intervals": [
            [
                391.706,
                396.159
            ],
            [
                399.43,
                530.106
            ],
            [
                747.829,
                748.161
            ],
            [
                2016.703,
                2061.025
            ],
            [
                2062.592,
                2272.803
            ],
            [
                2275.158,
                2284.781
            ],
            [
                2325.063,
                2397.554
            ]
        ]
    },
    "D": {
        "duration": 326.49100000000004,
        "intervals": [
            [
                396.659,
                399.43
            ],
            [
                618.546,
                699.133
            ],
            [
                702.081,
                746.557
            ],
            [
                799.808,
                864.757
            ],
            [
                1435.079,
                1533.564
            ],
            [
                1535.792,
                1562.215
            ],
            [
                1649.688,
                1654.048
            ],
            [
                1657.552,
                1661.992
            ]
        ]
    },
    "E": {
        "duration": 796.3360000000004,
        "intervals": [
            [
                0.062,
                234.91
            ],
            [
                251.76,
                254.011
            ],
            [
                364.919,
                390.123
            ],
            [
                533.986,
                601.808
            ],
            [
                605.752,
                613.3100000000001
            ],
            [
                616.105,
                617.32
            ],
            [
                748.621,
                798.552
            ],
            [
                864.758,
                937.618
            ],
            [
                1071.809,
                1106.222
            ],
            [
                1138.389,
                1138.792
            ],
            [
                1152.922,
                1190.306
            ],
            [
                1362.396,
                1373.385
            ],
            [
                1428.266,
                1434.8890000000001
            ],
            [
                1565.782,
                1570.1999999999998
            ],
            [
                1752.503,
                1796.711
            ],
            [
                1959.513,
                2007.337
            ],
            [
                2010.69,
                2015.4219999999998
            ],
            [
                2272.803,
                2275.159
            ],
            [
                2284.781,
                2324.7980000000002
            ],
            [
                2403.434,
                2409.0060000000003
            ],
            [
                2501.96,
                2583.792
            ],
            [
                2586.867,
                2600.743
            ]
        ]
    },
    "F": {
        "duration": 316.1080000000002,
        "intervals": [
            [
                239.114,
                245.43
            ],
            [
                1191.655,
                1357.869
            ],
            [
                1374.406,
                1423.7540000000001
            ],
            [
                1655.306,
                1657.5520000000001
            ],
            [
                2061.573,
                2062.29
            ],
            [
                2410.165,
                2501.432
            ]
        ]
    }
}