{
    "A": {
        "duration": 146.31499999999994,
        "intervals": [
            [
                106.925,
                111.228
            ],
            [
                112.794,
                115.39099999999999
            ],
            [
                118.721,
                119.22
            ],
            [
                121.173,
                124.873
            ],
            [
                148.311,
                202.198
            ],
            [
                214.596,
                234.297
            ],
            [
                236.1,
                257.312
            ],
            [
                257.892,
                270.409
            ],
            [
                275.505,
                288.447
            ],
            [
                291.359,
                294.618
            ],
            [
                297.532,
                298.88399999999996
            ],
            [
                303.708,
                305.608
            ],
            [
                357.473,
                362.35699999999997
            ],
            [
                372.392,
                375.954
            ]
        ]
    },
    "B": {
        "duration": 135.63600000000002,
        "intervals": [
            [
                92.789,
                104.012
            ],
            [
                111.8,
                112.794
            ],
            [
                119.909,
                121.173
            ],
            [
                234.792,
                236.1
            ],
            [
                257.872,
                257.892
            ],
            [
                270.744,
                275.504
            ],
            [
                288.87,
                290.569
            ],
            [
                294.909,
                297.282
            ],
            [
                299.297,
                303.439
            ],
            [
                306.526,
                357.13500000000005
            ],
            [
                362.91,
                372.39300000000003
            ],
            [
                376.232,
                418.39200000000005
            ],
            [
                445.546,
                451.147
            ]
        ]
    },
    "C": {
        "duration": 216.88799999999995,
        "intervals": [
            [
                0.01,
                91.041
            ],
            [
                115.621,
                118.31599999999999
            ],
            [
                127.776,
                143.45600000000002
            ],
            [
                202.38,
                213.53
            ],
            [
                418.638,
                445.23699999999997
            ],
            [
                451.146,
                485.536
            ],
            [
                582.908,
                586.499
            ],
            [
                594.437,
                626.189
            ]
        ]
    },
    "D": {
        "duration": 103.68299999999992,
        "intervals": [
            [
                104.012,
                106.925
            ],
            [
                489.734,
                582.908
            ],
            [
                586.499,
                594.0949999999999
            ]
        ]
    }
}