{
    "A": {
        "duration": 95.11700000000002,
        "intervals": [
            [
                154.158,
                196.133
            ],
            [
                200.985,
                254.127
            ]
        ]
    },
    "B": {
        "duration": 383.54499999999996,
        "intervals": [
            [
                318.259,
                443.865
            ],
            [
                459.201,
                490.312
            ],
            [
                865.812,
                908.95
            ],
            [
                913.081,
                930.323
            ],
            [
                963.593,
                993.2570000000001
            ],
            [
                996.499,
                1029.4009999999998
            ],
            [
                1040.592,
                1071.154
            ],
            [
                1185.676,
                1193.482
            ],
            [
                1199.865,
                1259.5990000000002
            ],
            [
                1328.549,
                1334.329
            ]
        ]
    },
    "C": {
        "duration": 130.79799999999977,
        "intervals": [
            [
                527.779,
                560.468
            ],
            [
                563.024,
                570.144
            ],
            [
                621.344,
                655.2090000000001
            ],
            [
                1071.154,
                1079.079
            ],
            [
                1080.218,
                1087.3909999999998
            ],
            [
                1320.815,
                1327.518
            ],
            [
                1334.752,
                1370.075
            ]
        ]
    },
    "D": {
        "duration": 424.1709999999998,
        "intervals": [
            [
                0.01,
                79.447
            ],
            [
                82.431,
                98.697
            ],
            [
                136.401,
                151.416
            ],
            [
                255.266,
                315.189
            ],
            [
                444.268,
                451.592
            ],
            [
                453.629,
                459.2
            ],
            [
                499.628,
                515.5450000000001
            ],
            [
                570.144,
                619.065
            ],
            [
                655.209,
                693.077
            ],
            [
                931.087,
                960.808
            ],
            [
                1100.409,
                1107.167
            ],
            [
                1259.771,
                1314.5819999999999
            ],
            [
                1382.996,
                1429.635
            ]
        ]
    },
    "E": {
        "duration": 263.20300000000003,
        "intervals": [
            [
                100.616,
                135.758
            ],
            [
                698.811,
                794.696
            ],
            [
                796.114,
                829.081
            ],
            [
                831.63,
                860.3670000000001
            ],
            [
                1108.885,
                1179.357
            ]
        ]
    }
}