{
    "A": {
        "duration": 277.311,
        "intervals": [
            [
                0.419,
                9.958
            ],
            [
                13.245,
                29.39
            ],
            [
                31.72,
                115.072
            ],
            [
                238.847,
                239.475
            ],
            [
                247.74,
                253.26799999999997
            ],
            [
                256.276,
                266.92999999999995
            ],
            [
                269.371,
                274.30199999999996
            ],
            [
                275.248,
                276.529
            ],
            [
                278.328,
                279.811
            ],
            [
                328.678,
                335.75
            ],
            [
                339.996,
                357.147
            ],
            [
                359.517,
                365.892
            ],
            [
                367.608,
                368.875
            ],
            [
                380.756,
                384.077
            ],
            [
                402.319,
                404.297
            ],
            [
                406.191,
                408.99199999999996
            ],
            [
                519.748,
                527.127
            ],
            [
                529.86,
                540.925
            ],
            [
                560.221,
                562.533
            ],
            [
                611.295,
                612.24
            ],
            [
                619.262,
                623.791
            ],
            [
                641.301,
                641.3180000000001
            ],
            [
                706.75,
                727.398
            ],
            [
                779.809,
                789.0179999999999
            ],
            [
                826.269,
                873.97
            ]
        ]
    },
    "B": {
        "duration": 390.9180000000001,
        "intervals": [
            [
                118.034,
                238.416
            ],
            [
                239.475,
                247.74
            ],
            [
                408.993,
                515.393
            ],
            [
                518.392,
                519.2310000000001
            ],
            [
                624.211,
                634.544
            ],
            [
                641.318,
                704.25
            ],
            [
                731.805,
                779.206
            ],
            [
                789.748,
                790.921
            ],
            [
                792.565,
                825.758
            ]
        ]
    },
    "C": {
        "duration": 170.57400000000007,
        "intervals": [
            [
                11.485,
                11.963999999999999
            ],
            [
                30.421,
                30.848
            ],
            [
                253.268,
                255.843
            ],
            [
                267.865,
                268.704
            ],
            [
                275.235,
                275.249
            ],
            [
                278.316,
                278.328
            ],
            [
                280.989,
                328.39099999999996
            ],
            [
                335.75,
                339.807
            ],
            [
                357.959,
                358.971
            ],
            [
                366.608,
                366.983
            ],
            [
                369.718,
                380.756
            ],
            [
                384.296,
                401.993
            ],
            [
                404.791,
                406.192
            ],
            [
                515.393,
                518.392
            ],
            [
                527.891,
                528.848
            ],
            [
                544.833,
                559.8770000000001
            ],
            [
                562.943,
                611.0120000000001
            ],
            [
                612.24,
                619.262
            ],
            [
                634.544,
                640.7049999999999
            ],
            [
                704.54,
                706.751
            ],
            [
                779.343,
                779.809
            ],
            [
                789.018,
                789.2950000000001
            ],
            [
                792.524,
                792.564
            ]
        ]
    }
}