{
    "A": {
        "duration": 215.95799999999997,
        "intervals": [
            [
                84.306,
                292.859
            ],
            [
                295.1,
                300.658
            ],
            [
                529.735,
                530.592
            ],
            [
                550.28,
                550.943
            ],
            [
                632.652,
                632.979
            ]
        ]
    },
    "B": {
        "duration": 104.12799999999999,
        "intervals": [
            [
                318.327,
                411.61699999999996
            ],
            [
                412.558,
                416.301
            ],
            [
                669.624,
                671.365
            ],
            [
                699.884,
                705.238
            ]
        ]
    },
    "C": {
        "duration": 90.65700000000004,
        "intervals": [
            [
                422.375,
                506.76
            ],
            [
                509.475,
                515.7470000000001
            ]
        ]
    },
    "D": {
        "duration": 190.67100000000022,
        "intervals": [
            [
                0.01,
                79.28
            ],
            [
                293.159,
                294.52299999999997
            ],
            [
                300.929,
                313.375
            ],
            [
                411.617,
                412.27500000000003
            ],
            [
                416.301,
                420.091
            ],
            [
                506.76,
                509.47499999999997
            ],
            [
                515.747,
                527.109
            ],
            [
                601.609,
                611.592
            ],
            [
                616.012,
                631.2840000000001
            ],
            [
                705.618,
                708.686
            ],
            [
                711.607,
                762.35
            ]
        ]
    },
    "E": {
        "duration": 73.82900000000006,
        "intervals": [
            [
                530.592,
                549.548
            ],
            [
                550.943,
                601.609
            ],
            [
                611.592,
                615.799
            ]
        ]
    },
    "F": {
        "duration": 63.12900000000002,
        "intervals": [
            [
                636.398,
                669.264
            ],
            [
                671.868,
                699.5360000000001
            ],
            [
                709.012,
                711.607
            ]
        ]
    }
}