{
    "A": {
        "duration": 102.35099999999994,
        "intervals": [
            [
                55.075,
                56.526
            ],
            [
                74.017,
                75.249
            ],
            [
                120.898,
                143.82999999999998
            ],
            [
                145.716,
                156.002
            ],
            [
                159.754,
                162.27
            ],
            [
                167.974,
                181.501
            ],
            [
                183.295,
                189.934
            ],
            [
                196.385,
                203.486
            ],
            [
                593.485,
                594.4
            ],
            [
                975.775,
                977.076
            ],
            [
                984.148,
                985.2090000000001
            ],
            [
                1036.599,
                1040.3909999999998
            ],
            [
                1307.512,
                1319.3419999999999
            ],
            [
                1340.832,
                1343.603
            ],
            [
                1352.476,
                1353.21
            ],
            [
                1378.64,
                1381.5310000000002
            ],
            [
                1725.838,
                1726.4099999999999
            ],
            [
                1729.591,
                1740.391
            ]
        ]
    },
    "B": {
        "duration": 371.9080000000004,
        "intervals": [
            [
                76.515,
                77.743
            ],
            [
                203.486,
                217.242
            ],
            [
                222.792,
                239.542
            ],
            [
                242.507,
                283.22200000000004
            ],
            [
                287.423,
                336.243
            ],
            [
                338.818,
                347.591
            ],
            [
                380.15,
                390.957
            ],
            [
                403.731,
                427.14500000000004
            ],
            [
                441.462,
                461.632
            ],
            [
                501.957,
                502.391
            ],
            [
                515.229,
                534.1270000000001
            ],
            [
                537.842,
                540.23
            ],
            [
                546.013,
                550.907
            ],
            [
                648.083,
                650.562
            ],
            [
                955.43,
                957.236
            ],
            [
                977.778,
                977.792
            ],
            [
                981.858,
                983.721
            ],
            [
                991.236,
                996.474
            ],
            [
                1023.192,
                1026.481
            ],
            [
                1049.855,
                1055.6680000000001
            ],
            [
                1229.129,
                1233.279
            ],
            [
                1274.503,
                1274.523
            ],
            [
                1280.009,
                1286.859
            ],
            [
                1303.494,
                1307.11
            ],
            [
                1361.669,
                1365.925
            ],
            [
                1369.069,
                1378.382
            ],
            [
                1381.772,
                1405.61
            ],
            [
                1410.191,
                1460.115
            ],
            [
                1479.885,
                1483.645
            ],
            [
                1497.651,
                1503.328
            ],
            [
                1535.191,
                1542.5
            ],
            [
                1626.654,
                1630.333
            ],
            [
                1643.623,
                1654.769
            ],
            [
                1711.893,
                1716.805
            ],
            [
                1750.606,
                1752.515
            ]
        ]
    },
    "C": {
        "duration": 89.29699999999983,
        "intervals": [
            [
                0.01,
                0.665
            ],
            [
                569.447,
                572.62
            ],
            [
                601.803,
                622.793
            ],
            [
                658.736,
                667.592
            ],
            [
                1044.775,
                1044.8880000000001
            ],
            [
                1106.482,
                1112.81
            ],
            [
                1114.211,
                1115.821
            ],
            [
                1126.536,
                1134.592
            ],
            [
                1143.696,
                1150.021
            ],
            [
                1178.621,
                1180.227
            ],
            [
                1218.593,
                1224.756
            ],
            [
                1462.742,
                1468.697
            ],
            [
                1475.989,
                1479.885
            ],
            [
                1493.385,
                1493.598
            ],
            [
                1515.945,
                1523.009
            ],
            [
                1553.823,
                1557.081
            ],
            [
                1563.41,
                1566.026
            ],
            [
                1727.171,
                1729.5910000000001
            ]
        ]
    },
    "D": {
        "duration": 455.35100000000057,