{
    "A": {
        "duration": 166.14800000000002,
        "intervals": [
            [
                241.923,
                408.071
            ]
        ]
    },
    "B": {
        "duration": 564.1049999999999,
        "intervals": [
            [
                0.062,
                238.271
            ],
            [
                408.923,
                596.573
            ],
            [
                644.34,
                711.495
            ],
            [
                844.877,
                860.8259999999999
            ],
            [
                966.222,
                1021.364
            ]
        ]
    },
    "C": {
        "duration": 76.23500000000013,
        "intervals": [
            [
                624.13,
                632.7280000000001
            ],
            [
                634.984,
                642.173
            ],
            [
                711.496,
                771.9440000000001
            ]
        ]
    },
    "D": {
        "duration": 82.91399999999987,
        "intervals": [
            [
                602.692,
                622.7969999999999
            ],
            [
                779.058,
                789.279
            ],
            [
                791.859,
                844.447
            ]
        ]
    },
    "E": {
        "duration": 102.81600000000003,
        "intervals": [
            [
                862.593,
                965.409
            ]
        ]
    }
}