{
    "A": {
        "duration": 269.62300000000033,
        "intervals": [
            [
                137.496,
                171.4
            ],
            [
                172.667,
                202.75199999999998
            ],
            [
                206.753,
                243.165
            ],
            [
                246.761,
                259.967
            ],
            [
                263.193,
                265.81399999999996
            ],
            [
                268.071,
                281.54999999999995
            ],
            [
                285.992,
                296.607
            ],
            [
                298.716,
                304.68
            ],
            [
                318.803,
                331.005
            ],
            [
                518.424,
                518.552
            ],
            [
                524.59,
                533.0809999999999
            ],
            [
                556.409,
                566.0590000000001
            ],
            [
                570.809,
                578.652
            ],
            [
                581.428,
                582.204
            ],
            [
                840.454,
                882.902
            ],
            [
                890.418,
                891.215
            ],
            [
                894.461,
                898.616
            ],
            [
                902.428,
                903.368
            ],
            [
                912.209,
                923.746
            ],
            [
                937.307,
                942.644
            ],
            [
                976.458,
                976.485
            ],
            [
                979.42,
                984.843
            ],
            [
                989.24,
                993.958
            ],
            [
                1249.781,
                1257.198
            ],
            [
                1266.771,
                1268.219
            ]
        ]
    },
    "B": {
        "duration": 483.3099999999999,
        "intervals": [
            [
                0.361,
                137.078
            ],
            [
                172.078,
                172.346
            ],
            [
                202.751,
                206.752
            ],
            [
                243.567,
                246.761
            ],
            [
                265.813,
                268.07099999999997
            ],
            [
                281.872,
                285.993
            ],
            [
                296.607,
                298.338
            ],
            [
                305.454,
                318.802
            ],
            [
                331.32,
                338.992
            ],
            [
                352.743,
                362.80899999999997
            ],
            [
                440.33,
                459.592
            ],
            [
                464.284,
                467.645
            ],
            [
                469.572,
                495.837
            ],
            [
                510.395,
                513.9929999999999
            ],
            [
                518.753,
                524.214
            ],
            [
                533.081,
                535.862
            ],
            [
                542.406,
                550.197
            ],
            [
                662.81,
                676.011
            ],
            [
                709.216,
                760.7030000000001
            ],
            [
                809.393,
                840.455
            ],
            [
                891.611,
                894.461
            ],
            [
                899.652,
                902.428
            ],
            [
                903.607,
                912.208
            ],
            [
                925.979,
                937.307
            ],
            [
                952.01,
                971.993
            ],
            [
                976.485,
                979.42
            ],
            [
                994.265,
                997.012
            ],
            [
                1063.999,
                1066.53
            ],
            [
                1143.065,
                1146.2659999999998
            ],
            [
                1224.848,
                1249.575
            ],
            [
                1278.604,
                1332.5900000000001
            ]
        ]
    },
    "C": {
        "duration": 110.64700000000005,
        "intervals": [
            [
                676.011,
                709.216
            ],
            [
                803.21,
                805.0360000000001
            ],
            [
                1066.956,
                1142.572
            ]
        ]
    },
    "D": {
        "duration": 154.69100000000014,
        "intervals": [
            [
                582.204,
                649.7919999999999
            ],
            [
                652.933,
                662.5010000000001
            ],
            [
                942.644,
                952.01
            ],
            [
                997.012,
                1063.657
            ],
            [
                1181.198,
                1182.246
            ],
            [
                1382.292,
                1382.768
            ]
        ]
    },
    "E": {
        "duration": 253.06099999999975,
        "intervals": [
            [
                260.494,
                263.192
            ],
            [
                338.992,
                352.409
            ],
            [
                363.061,
                440.33
            ],
            [
                459.592,
                464.28299999999996
            ],
            [
                467.645,
                469.17699999999996
            ],
            [
                496.508,
                510.39500000000004
            ],
            [
                514.19,
                518.4240000000001
            ],
            [
                535.862,
                542.406
            ],
            [
                550.198,
                556.41
            ],
            [
                566.219,
                570.8090000000001
            ],
            [
                578.98,
                581.056
            ],
            [
                649.792,
                652.779
            ],
            [
                883.415,
                890.418
            ],
            [
                923.746,
                925.619
            ],
            [
                971.993,
                976.109
            ],
            [
                984.844,
                988.8870000000001
            ],
            [
                1146.44,
                1180.658
            ],
            [
                1182.826,
                1224.849
            ],
            [
                1257.198,
                1266.461
            ],
            [
                1268.219,
                1278.604
            ]
        ]
    },
    "F": {
        "duration": 97.14900000000011,
        "intervals": [
            [
                760.703,
                802.858
            ],
            [
                805.381,
                809.3919999999999
            ],
            [
                1143.045,
                1143.065
            ],
            [
                1333.096,
                1382.2920000000001
            ],
            [
                1383.75,
                1385.517
            ]
        ]
    }
}