{
    "A": {
        "duration": 360.6839999999992,
        "intervals": [
            [
                120.582,
                123.23599999999999
            ],
            [
                125.155,
                133.378
            ],
            [
                212.888,
                224.615
            ],
            [
                227.193,
                286.973
            ],
            [
                289.808,
                313.28200000000004
            ],
            [
                578.558,
                579.101
            ],
            [
                774.811,
                845.9090000000001
            ],
            [
                848.816,
                861.1899999999999
            ],
            [
                921.004,
                922.229
            ],
            [
                1020.045,
                1022.3349999999999
            ],
            [
                1431.662,
                1433.08
            ],
            [
                1468.547,
                1506.2150000000001
            ],
            [
                1508.677,
                1510.503
            ],
            [
                1514.521,
                1524.808
            ],
            [
                1587.333,
                1591.839
            ],
            [
                1595.541,
                1596.4569999999999
            ],
            [
                1777.236,
                1783.4099999999999
            ],
            [
                1785.193,
                1825.884
            ],
            [
                2070.605,
                2073.393
            ],
            [
                2095.335,
                2096.14
            ],
            [
                2125.577,
                2185.794
            ]
        ]
    },
    "B": {
        "duration": 379.11499999999955,
        "intervals": [
            [
                11.612,
                11.948
            ],
            [
                19.597,
                34.792
            ],
            [
                40.465,
                44.478
            ],
            [
                48.144,
                51.192
            ],
            [
                55.615,
                65.529
            ],
            [
                68.764,
                74.0
            ],
            [
                75.907,
                79.991
            ],
            [
                82.102,
                114.875
            ],
            [
                141.63,
                142.124
            ],
            [
                150.095,
                159.044
            ],
            [
                164.592,
                170.93200000000002
            ],
            [
                176.543,
                179.305
            ],
            [
                185.277,
                185.32799999999997
            ],
            [
                195.792,
                198.328
            ],
            [
                200.926,
                202.48499999999999
            ],
            [
                204.809,
                210.907
            ],
            [
                324.43,
                326.67900000000003
            ],
            [
                327.004,
                332.59999999999997
            ],
            [
                468.215,
                468.423
            ],
            [
                492.708,
                496.913
            ],
            [
                505.165,
                510.38300000000004
            ],
            [
                628.41,
                631.7919999999999
            ],
            [
                636.361,
                641.812
            ],
            [
                871.874,
                874.6800000000001
            ],
            [
                884.815,
                892.022
            ],
            [
                894.385,
                897.179
            ],
            [
                904.498,
                907.75
            ],
            [
                912.128,
                918.7900000000001
            ],
            [
                923.77,
                925.112
            ],
            [
                930.641,
                930.663
            ],
            [
                936.633,
                939.4060000000001
            ],
            [
                940.65,
                940.692
            ],
            [
                957.224,
                963.497
            ],
            [
                965.4,
                966.991
            ],
            [
                1078.517,
                1079.035
            ],
            [
                1085.408,
                1096.9470000000001
            ],
            [
                1099.597,
                1103.802
            ],
            [
                1109.023,
                1113.456
            ],
            [
                1118.192,
                1123.0819999999999
            ],
            [
                1131.035,
                1134.4050000000002
            ],
            [
                1292.358,
                1294.974
            ],
            [
                1321.603,
                1324.583
            ],
            [
                1327.023,
                1333.309
            ],
            [
                1337.951,
                1337.991
            ],
            [
                1341.951,
                1343.593
            ],
            [
                1349.725,
                1351.139
            ],
            [
                1357.169,
                1357.4270000000001
            ],
            [
                1361.693,
                1363.591
            ],
            [
                1366.463,
                1367.7069999999999
            ],
            [
                1449.392,
                1467.505
            ],
            [
                1540.409,
                1545.2320000000002
            ],
            [
                1549.405,
                1550.841
            ],
            [
                1555.262,
                1559.7559999999999
            ],
            [
                1565.909,
                1567.151
            ],
            [
                1579.213,
                1581.135
            ],
            [
                1584.433,
                1587.334
            ],
            [
                1618.456,
                1619.2679999999998
            ],
            [
                1758.529,
                1762.3890000000001
            ],
            [
                1773.416,
                1776.1779999999999
            ],
            [
                1877.491,
                1880.836
            ],
            [
                1890.635,
                1897.063
            ],
            [
                1898.225,
                1903.461
            ],
            [
                1904.393,
                1916.88
            ],
            [
                1920.971,
                1929.85
            ],
            [
                1932.08,
                1932.731
            ],
            [
                1937.029,
                1939.896
            ],
            [
                1941.924,
                1943.335
            ],
            [
                1944.861,
                1951.25
            ],
            [
                1953.659,
                1956.286
            ],
            [
                1960.895,
                1967.011
            ],
            [
                1973.87,
                1973.992
            ],
            [
                1978.778,
                1981.664
            ],
            [
                2076.195,
                2088.3990000000003
            ],
            [
                2104.341,
                2107.593
            ],
            [
                2115.615,
