{
    "A": {
        "duration": 77.33499999999998,
        "intervals": [
            [
                43.764,
                44.729000000000006
            ],
            [
                47.412,
                48.089
            ],
            [
                64.454,
                66.07199999999999
            ],
            [
                70.389,
                71.562
            ],
            [
                111.421,
                123.36200000000001
            ],
            [
                126.166,
                183.956
            ],
            [
                189.408,
                191.51899999999998
            ],
            [
                227.681,
                228.27700000000002
            ],
            [
                489.8,
                490.264
            ]
        ]
    },
    "B": {
        "duration": 99.87700000000012,
        "intervals": [
            [
                46.123,
                47.412
            ],
            [
                110.307,
                110.776
            ],
            [
                123.361,
                125.072
            ],
            [
                184.297,
                189.069
            ],
            [
                192.041,
                227.681
            ],
            [
                229.117,
                256.10200000000003
            ],
            [
                303.954,
                310.38
            ],
            [
                507.477,
                509.185
            ],
            [
                559.671,
                563.115
            ],
            [
                632.485,
                634.9
            ],
            [
                638.537,
                640.397
            ],
            [
                644.208,
                646.228
            ],
            [
                699.632,
                708.527
            ],
            [
                709.749,
                711.9920000000001
            ]
        ]
    },
    "C": {
        "duration": 258.3269999999999,
        "intervals": [
            [
                302.879,
                303.954
            ],
            [
                310.38,
                384.718
            ],
            [
                388.108,
                389.635
            ],
            [
                399.575,
                405.135
            ],
            [
                421.99,
                461.493
            ],
            [
                463.703,
                466.07399999999996
            ],
            [
                489.211,
                489.23
            ],
            [
                493.19,
                507.19
            ],
            [
                509.431,
                535.577
            ],
            [
                557.027,
                559.671
            ],
            [
                563.115,
                583.045
            ],
            [
                587.135,
                600.0649999999999
            ],
            [
                602.792,
                604.5300000000001
            ],
            [
                631.722,
                631.805
            ],
            [
                635.28,
                637.4459999999999
            ],
            [
                640.396,
                644.208
            ],
            [
                646.495,
                668.677
            ],
            [
                673.169,
                676.591
            ],
            [
                681.009,
                695.692
            ],
            [
                708.819,
                709.5749999999999
            ],
            [
                711.992,
                721.434
            ]
        ]
    },
    "D": {
        "duration": 282.81899999999996,
        "intervals": [
            [
                0.049,
                42.993
            ],
            [
                48.592,
                61.879
            ],
            [
                66.698,
                69.952
            ],
            [
                73.995,
                110.306
            ],
            [
                256.608,
                298.726
            ],
            [
                384.718,
                388.108
            ],
            [
                390.032,
                398.956
            ],
            [
                405.452,
                417.582
            ],
            [
                461.833,
                463.70300000000003
            ],
            [
                466.246,
                488.862
            ],
            [
                535.577,
                552.3969999999999
            ],
            [
                583.045,
                586.8689999999999
            ],
            [
                600.065,
                602.5250000000001
            ],
            [
                604.53,
                628.18
            ],
            [
                668.677,
                673.004
            ],
            [
                676.591,
                681.009
            ],
            [
                695.692,
                699.6320000000001
            ],
            [
                721.433,
                757.9689999999999
            ]
        ]
    }
}