{
    "A": {
        "duration": 111.09399999999995,
        "intervals": [
            [
                76.262,
                111.11
            ],
            [
                175.429,
                214.969
            ],
            [
                243.062,
                267.592
            ],
            [
                494.173,
                497.281
            ],
            [
                643.41,
                649.834
            ],
            [
                673.34,
                675.984
            ]
        ]
    },
    "B": {
        "duration": 187.0950000000002,
        "intervals": [
            [
                214.969,
                223.911
            ],
            [
                276.21,
                282.716
            ],
            [
                291.085,
                291.21299999999997
            ],
            [
                302.797,
                307.814
            ],
            [
                316.675,
                343.94500000000005
            ],
            [
                346.958,
                351.48600000000005
            ],
            [
                372.755,
                381.87600000000003
            ],
            [
                385.889,
                392.612
            ],
            [
                397.948,
                398.623
            ],
            [
                428.88,
                431.81
            ],
            [
                436.813,
                437.36
            ],
            [
                489.206,
                493.628
            ],
            [
                497.769,
                530.032
            ],
            [
                547.776,
                561.198
            ],
            [
                632.097,
                635.956
            ],
            [
                641.598,
                642.978
            ],
            [
                650.401,
                673.3389999999999
            ],
            [
                676.358,
                683.2589999999999
            ],
            [
                685.393,
                710.58
            ],
            [
                783.748,
                784.028
            ],
            [
                813.535,
                814.785
            ],
            [
                830.068,
                832.874
            ]
        ]
    },
    "C": {
        "duration": 530.2260000000001,
        "intervals": [
            [
                0.255,
                74.689
            ],
            [
                112.323,
                173.036
            ],
            [
                223.911,
                243.06300000000002
            ],
            [
                267.908,
                276.211
            ],
            [
                282.715,
                290.763
            ],
            [
                291.214,
                302.797
            ],
            [
                307.814,
                316.50600000000003
            ],
            [
                344.129,
                346.40200000000004
            ],
            [
                351.486,
                372.755
            ],
            [
                381.876,
                385.88899999999995
            ],
            [
                392.612,
                397.75899999999996
            ],
            [
                398.623,
                428.88
            ],
            [
                433.149,
                436.81300000000005
            ],
            [
                438.413,
                486.42
            ],
            [
                530.174,
                547.5029999999999
            ],
            [
                561.198,
                627.6220000000001
            ],
            [
                636.464,
                641.1840000000001
            ],
            [
                683.481,
                685.393
            ],
            [
                710.579,
                783.418
            ],
            [
                784.028,
                813.096
            ],
            [
                815.118,
                829.793
            ],
            [
                833.181,
                850.885
            ]
        ]
    }
}