{
    "A": {
        "duration": 28.195000000000007,
        "intervals": [
            [
                40.223,
                40.274
            ],
            [
                257.28,
                269.943
            ],
            [
                324.785,
                324.79
            ],
            [
                331.469,
                334.314
            ],
            [
                467.397,
                480.02799999999996
            ]
        ]
    },
    "B": {
        "duration": 88.7419999999999,
        "intervals": [
            [
                0.491,
                3.194
            ],
            [
                10.036,
                12.073
            ],
            [
                229.065,
                233.523
            ],
            [
                235.592,
                239.61700000000002
            ],
            [
                609.447,
                631.748
            ],
            [
                1420.551,
                1469.745
            ],
            [
                1471.993,
                1475.84
            ],
            [
                1660.021,
                1660.1979999999999
            ]
        ]
    },
    "C": {
        "duration": 125.01200000000006,
        "intervals": [
            [
                12.989,
                13.239
            ],
            [
                327.059,
                327.658
            ],
            [
                358.849,
                379.009
            ],
            [
                386.011,
                396.541
            ],
            [
                415.019,
                465.677
            ],
            [
                503.054,
                545.869
            ]
        ]
    },
    "D": {
        "duration": 80.672,
        "intervals": [
            [
                13.748,
                15.225
            ],
            [
                300.297,
                307.79
            ],
            [
                754.886,
                757.399
            ],
            [
                760.394,
                794.725
            ],
            [
                926.459,
                926.535
            ],
            [
                1364.41,
                1399.192
            ]
        ]
    },
    "E": {
        "duration": 296.687,
        "intervals": [
            [
                159.859,
                162.27700000000002
            ],
            [
                178.63,
                180.10999999999999
            ],
            [
                187.799,
                203.599
            ],
            [
                206.137,
                209.677
            ],
            [
                210.413,
                223.084
            ],
            [
                241.665,
                246.1
            ],
            [
                254.799,
                254.85500000000002
            ],
            [
                308.818,
                309.78499999999997
            ],
            [
                313.526,
                314.822
            ],
            [
                334.314,
                337.79200000000003
            ],
            [
                344.181,
                355.594
            ],
            [
                549.111,
                572.593
            ],
            [
                574.99,
                577.039
            ],
            [
                603.668,
                604.866
            ],
            [
                638.047,
                638.967
            ],
            [
                640.312,
                646.505
            ],
            [
                650.16,
                654.524
            ],
            [
                658.112,
                659.563
            ],
            [
                664.1,
                666.316
            ],
            [
                679.88,
                683.004
            ],
            [
                748.425,
                754.0409999999999
            ],
            [
                758.732,
                759.021
            ],
            [
                799.392,
                807.139
            ],
            [
                809.522,
                812.1560000000001
            ],
            [
                813.026,
                833.207
            ],
            [
                835.488,
                839.575
            ],
            [
                840.962,
                842.854
            ],
            [
                844.973,
                849.449
            ],
            [
                856.74,
                859.073
            ],
            [
                874.193,
                886.476
            ],
            [
                891.667,
                892.585
            ],
            [
                916.701,
                925.378
            ],
            [
                927.474,
                931.686
            ],
            [
                1010.257,
                1027.855
            ],
            [
                1030.192,
                1043.661
            ],
            [
                1044.763,
                1053.174
            ],
            [
                1056.395,
                1059.811
            ],
            [
                1080.417,
                1080.922
            ],
            [
                1084.202,
                1090.3999999999999
            ],
            [
                1142.291,
                1144.767
            ],
            [
                1147.697,
                1152.981
            ],
            [
                1177.762,
                1188.321
            ],
            [
                1189.838,
                1194.2949999999998
            ],
            [
                1195.592,
                1198.0780000000002
            ],
            [
                1218.39,
                1219.286
            ],
            [
                1346.409,
                1350.244
            ],
            [
                1358.618,
                1359.921
            ],
            [
                1486.453,
                1486.892
            ],
            [
                1493.704,
                1497.5069999999998
            ],
            [
                1507.842,
                1509.784
            ],
            [
                1515.159,
                1521.232
            ],
            [
                1593.695,
                1611.433
            ],
            [
                1614.841,
                1616.966
            ],
            [
                1619.153,
                1621.676
            ],
            [
                1645.201,
                1647.401
            ],
            [
                1660.422,
                1661.477
            ]
        ]
    },
    "F": {
        "duration": 72.22400000000012,
        "intervals": [
            [
                3.194,
                10.036
            ],
            [
                383.608,
                385.773
            ],
            [
                886.985,
                891.192
            ],
            [
                892.748,
                916.7009999999999
            ],
            [
                1621.676,
                1645.201
            ],
            [
                1648.033,
                1659.565
            ]
        ]
    },
    "G": {
        "duration": 143.42200000000003,