{
    "A": {
        "duration": 105.36600000000021,
        "intervals": [
            [
                611.29,
                619.1809999999999
            ],
            [
                655.261,
                655.852
            ],
            [
                1400.858,
                1401.396
            ],
            [
                1569.147,
                1575.41
            ],
            [
                1660.009,
                1660.044
            ],
            [
                1809.456,
                1825.038
            ],
            [
                1827.601,
                1833.8509999999999
            ],
            [
                1837.487,
                1896.5330000000001
            ],
            [
                2016.453,
                2022.175
            ],
            [
                2035.171,
                2038.6190000000001
            ]
        ]
    },
    "B": {
        "duration": 506.16199999999964,
        "intervals": [
            [
                44.31,
                55.712
            ],
            [
                56.241,
                74.688
            ],
            [
                77.649,
                112.075
            ],
            [
                119.004,
                120.89200000000001
            ],
            [
                140.319,
                141.154
            ],
            [
                144.725,
                173.215
            ],
            [
                176.918,
                179.604
            ],
            [
                221.807,
                226.011
            ],
            [
                231.029,
                252.618
            ],
            [
                268.593,
                276.202
            ],
            [
                285.425,
                292.289
            ],
            [
                296.35,
                301.254
            ],
            [
                308.504,
                319.121
            ],
            [
                320.822,
                324.641
            ],
            [
                352.991,
                353.62899999999996
            ],
            [
                650.778,
                653.183
            ],
            [
                656.9,
                659.408
            ],
            [
                662.317,
                683.546
            ],
            [
                686.917,
                687.44
            ],
            [
                690.017,
                705.844
            ],
            [
                713.301,
                714.779
            ],
            [
                715.64,
                718.87
            ],
            [
                723.347,
                731.609
            ],
            [
                734.947,
                743.6080000000001
            ],
            [
                751.172,
                753.97
            ],
            [
                758.886,
                760.9449999999999
            ],
            [
                764.821,
                770.8249999999999
            ],
            [
                901.236,
                901.7189999999999
            ],
            [
                935.56,
                939.0409999999999
            ],
            [
                952.892,
                958.5970000000001
            ],
            [
                971.276,
                981.3199999999999
            ],
            [
                987.155,
                989.587
            ],
            [
                992.982,
                995.506
            ],
            [
                1002.12,
                1007.5600000000001
            ],
            [
                1018.158,
                1021.889
            ],
            [
                1037.671,
                1041.6100000000001
            ],
            [
                1072.724,
                1073.696
            ],
            [
                1084.295,
                1095.095
            ],
            [
                1098.012,
                1104.4679999999998
            ],
            [
                1127.265,
                1130.5910000000001
            ],
            [
                1374.708,
                1383.529
            ],
            [
                1387.225,
                1391.339
            ],
            [
                1402.086,
                1403.105
            ],
            [
                1407.682,
                1411.209
            ],
            [
                1416.177,
                1428.9879999999998
            ],
            [
                1433.106,
                1438.7930000000001
            ],
            [
                1440.514,
                1446.669
            ],
            [
                1456.134,
                1461.721
            ],
            [
                1463.803,
                1465.391
            ],
            [
                1470.695,
                1472.992
            ],
            [
                1477.772,
                1479.203
            ],
            [
                1481.23,
                1485.307
            ],
            [
                1492.005,
                1497.1979999999999
            ],
            [
                1506.536,
                1507.808
            ],
            [
                1513.075,
                1516.8500000000001
            ],
            [
                1520.112,
                1524.757
            ],
            [
                1527.608,
                1531.0449999999998
            ],
            [
                1535.198,
                1538.381
            ],
            [
                1540.861,
                1544.785
            ],
            [
                1548.307,
                1552.6
            ],
            [
                1555.306,
                1563.3709999999999
            ],
            [
                1575.41,
                1583.6200000000001
            ],
            [
                1588.645,
                1590.646
            ],
            [
                1643.011,
                1644.545
            ],
            [
                1704.868,
                1708.5919999999999
            ],
            [
                1724.222,
                1777.577
            ],
            [
                1780.107,
                1781.344
            ],
            [
                1795.738,
                1801.729
            ],
            [
                1825.038,
                1827.412
            ],
            [
                1896.532,
                1904.311
            ],
            [
                1908.394,
                1916.41
            ],
            [
                1919.062,
                1923.1339999999998
            ],
            [
                1929.736,
                1933.1650000000002
            ],
            [
                1957.2,
                1974.004
            ]
        ]
    },
    "C": {
        "duration": 88.97600000000008,
        "intervals": [
            [
                2.573,
                4.595
            ],
            [
                16.6,
                16.662000000000003
            ],
            [
                116.809,
                117.416
            ],
            [
                278.019,
                284.864
            ],
            [
                399.155,
                400.238
            ],
            [
                407.211,
                408.458
            ],
            [
                413.687,
                486.992
            ],
            [
                2004.931,
                2008.736
            ]
        ]
    },
    "D": {
        "duration": 138.78599999999963,