{
    "A": {
        "duration": 79.30200000000004,
        "intervals": [
            [
                0.211,
                2.6479999999999997
            ],
            [
                220.369,
                259.42600000000004
            ],
            [
                466.212,
                468.563
            ],
            [
                873.048,
                875.4649999999999
            ],
            [
                877.382,
                879.744
            ],
            [
                883.526,
                903.481
            ],
            [
                912.252,
                914.952
            ],
            [
                915.793,
                923.8159999999999
            ]
        ]
    },
    "B": {
        "duration": 297.9159999999999,
        "intervals": [
            [
                3.275,
                3.29
            ],
            [
                146.009,
                165.624
            ],
            [
                260.729,
                301.991
            ],
            [
                305.206,
                337.43100000000004
            ],
            [
                356.009,
                357.362
            ],
            [
                363.945,
                374.254
            ],
            [
                384.055,
                387.47
            ],
            [
                389.917,
                392.101
            ],
            [
                450.811,
                452.993
            ],
            [
                468.563,
                472.01099999999997
            ],
            [
                605.205,
                607.7080000000001
            ],
            [
                650.742,
                654.509
            ],
            [
                768.992,
                772.539
            ],
            [
                813.628,
                819.1099999999999
            ],
            [
                823.907,
                824.077
            ],
            [
                824.545,
                833.7900000000001
            ],
            [
                839.975,
                849.9250000000001
            ],
            [
                945.25,
                1006.1819999999999
            ],
            [
                1011.791,
                1029.09
            ],
            [
                1033.71,
                1040.221
            ],
            [
                1113.325,
                1144.489
            ],
            [
                1186.313,
                1193.028
            ],
            [
                1284.221,
                1288.796
            ],
            [
                1394.943,
                1414.991
            ]
        ]
    },
    "C": {
        "duration": 53.16099999999989,
        "intervals": [
            [
                102.452,
                103.02199999999999
            ],
            [
                396.23,
                430.029
            ],
            [
                435.944,
                450.10699999999997
            ],
            [
                453.333,
                457.105
            ],
            [
                876.128,
                876.985
            ]
        ]
    },
    "D": {
        "duration": 56.92899999999993,
        "intervals": [
            [
                3.81,
                6.753
            ],
            [
                472.011,
                523.491
            ],
            [
                812.234,
                813.277
            ],
            [
                822.13,
                823.593
            ]
        ]
    },
    "E": {
        "duration": 401.4060000000002,
        "intervals": [
            [
                9.458,
                102.188
            ],
            [
                103.386,
                133.12099999999998
            ],
            [
                142.992,
                146.01
            ],
            [
                165.623,
                168.91199999999998
            ],
            [
                200.244,
                209.341
            ],
            [
                218.174,
                220.369
            ],
            [
                259.602,
                260.469
            ],
            [
                301.992,
                305.207
            ],
            [
                337.63,
                337.67
            ],
            [
                360.106,
                363.945
            ],
            [
                378.479,
                381.132
            ],
            [
                392.415,
                395.98900000000003
            ],
            [
                430.029,
                435.659
            ],
            [
                457.105,
                466.213
            ],
            [
                523.491,
                528.343
            ],
            [
                530.535,
                601.561
            ],
            [
                640.42,
                644.5509999999999
            ],
            [
                646.026,
                647.168
            ],
            [
                670.79,
                688.363
            ],
            [
                705.701,
                712.508
            ],
            [
                772.539,
                776.425
            ],
            [
                805.91,
                809.876
            ],
            [
                849.925,
                871.015
            ],
            [
                872.137,
                873.0479999999999
            ],
            [
                882.871,
                883.31
            ],
            [
                903.481,
                911.957
            ],
            [
                923.974,
                945.25
            ],
            [
                1029.09,
                1033.7099999999998
            ],
            [
                1040.221,
                1051.391
            ],
            [
                1092.791,
                1108.2169999999999
            ],
            [
                1165.097,
                1186.3120000000001
            ],
            [
                1224.258,
                1230.32
            ],
            [
                1289.027,
                1293.3220000000001
            ],
            [
                1357.901,
                1361.9540000000002
            ]
        ]
    },
    "F": {
        "duration": 234.4579999999995,