{
    "A": {
        "duration": 129.01199999999994,
        "intervals": [
            [
                1511.04,
                1545.598
            ],
            [
                1552.233,
                1636.567
            ],
            [
                1637.753,
                1647.8729999999998
            ]
        ]
    },
    "B": {
        "duration": 418.41300000000024,
        "intervals": [
            [
                13.849,
                29.305
            ],
            [
                32.145,
                49.098
            ],
            [
                67.259,
                77.716
            ],
            [
                126.821,
                132.709
            ],
            [
                155.837,
                174.38400000000001
            ],
            [
                176.342,
                189.468
            ],
            [
                202.485,
                211.61700000000002
            ],
            [
                221.446,
                227.17499999999998
            ],
            [
                292.562,
                304.52500000000003
            ],
            [
                306.19,
                311.344
            ],
            [
                339.844,
                356.92499999999995
            ],
            [
                399.926,
                408.673
            ],
            [
                416.485,
                422.72900000000004
            ],
            [
                433.763,
                443.104
            ],
            [
                579.02,
                592.543
            ],
            [
                597.858,
                604.4
            ],
            [
                706.566,
                748.84
            ],
            [
                753.268,
                758.871
            ],
            [
                873.965,
                886.3939999999999
            ],
            [
                893.408,
                900.141
            ],
            [
                1029.991,
                1039.396
            ],
            [
                1132.694,
                1140.392
            ],
            [
                1145.564,
                1163.5459999999998
            ],
            [
                1192.816,
                1218.164
            ],
            [
                1369.46,
                1377.462
            ],
            [
                1456.456,
                1467.6519999999998
            ],
            [
                1470.138,
                1475.59
            ],
            [
                1480.672,
                1492.0420000000001
            ],
            [
                1660.264,
                1671.523
            ],
            [
                1674.208,
                1680.114
            ],
            [
                1867.735,
                1896.431
            ],
            [
                1912.623,
                1919.2189999999998
            ],
            [
                1926.614,
                1932.4140000000002
            ],
            [
                2033.897,
                2039.427
            ],
            [
                2068.752,
                2079.5930000000003
            ],
            [
                2266.999,
                2273.409
            ]
        ]
    },
    "C": {
        "duration": 314.9840000000004,
        "intervals": [
            [
                3.036,
                13.464
            ],
            [
                49.098,
                54.748999999999995
            ],
            [
                61.501,
                66.827
            ],
            [
                78.172,
                90.857
            ],
            [
                114.617,
                126.821
            ],
            [
                140.997,
                148.993
            ],
            [
                215.971,
                221.125
            ],
            [
                227.878,
                240.855
            ],
            [
                243.412,
                257.89000000000004
            ],
            [
                260.471,
                277.059
            ],
            [
                280.135,
                285.63100000000003
            ],
            [
                311.344,
                317.383
            ],
            [
                320.681,
                325.744
            ],
            [
                333.816,
                339.844
            ],
            [
                356.925,
                363.63100000000003
            ],
            [
                368.891,
                375.89099999999996
            ],
            [
                900.388,
                910.422
            ],
            [
                1040.182,
                1051.8080000000002
            ],
            [
                1086.332,
                1093.433
            ],
            [
                1097.192,
                1104.531
            ],
            [
                1168.084,
                1178.891
            ],
            [
                1349.136,
                1367.597
            ],
            [
                1423.261,
                1446.192
            ],
            [
                1497.791,
                1507.134
            ],
            [
                1862.05,
                1867.283
            ],
            [
                1921.604,
                1926.614
            ],
            [
                1944.727,
                1950.146
            ],
            [
                2079.592,
                2084.7470000000003
            ],
            [
                2115.83,
                2129.2
            ],
            [
                2244.483,
                2266.9990000000003
            ],
            [
                2302.212,
                2323.032
            ]
        ]
    },
    "D": {
        "duration": 129.71900000000005,
        "intervals": [
            [
                449.159,
                578.878
            ]
        ]
    },
    "E": {
        "duration": 232.06999999999994,
        "intervals": [
            [
                612.811,
                704.793
            ],
            [
                1721.962,
                1862.05
            ]
        ]
    },
    "F": {
        "duration": 135.4989999999999,
        "intervals": [
            [
                763.552,
                872.6859999999999
            ],
            [
                969.005,
                978.409
            ],
            [
                985.917,
                997.832
            ],
            [
                1123.748,
                1128.794
            ]
        ]
    },
    "G": {
        "duration": 256.6379999999997,