{
    "A": {
        "duration": 160.08300000000008,
        "intervals": [
            [
                661.515,
                669.272
            ],
            [
                671.497,
                672.742
            ],
            [
                699.666,
                699.6980000000001
            ],
            [
                701.654,
                713.423
            ],
            [
                721.523,
                722.628
            ],
            [
                814.624,
                861.931
            ],
            [
                874.019,
                880.5260000000001
            ],
            [
                888.882,
                889.209
            ],
            [
                1629.777,
                1640.708
            ],
            [
                1641.487,
                1658.256
            ],
            [
                1659.292,
                1660.4869999999999
            ],
            [
                1662.242,
                1692.9660000000001
            ],
            [
                1696.191,
                1699.25
            ],
            [
                1701.653,
                1706.825
            ],
            [
                1709.063,
                1709.13
            ],
            [
                1712.502,
                1713.995
            ],
            [
                1719.235,
                1722.7479999999998
            ],
            [
                1730.916,
                1734.51
            ],
            [
                1750.262,
                1750.331
            ],
            [
                1761.23,
                1763.299
            ],
            [
                1797.952,
                1800.935
            ],
            [
                1818.199,
                1820.595
            ]
        ]
    },
    "B": {
        "duration": 349.4179999999998,
        "intervals": [
            [
                3.611,
                4.46
            ],
            [
                365.339,
                457.304
            ],
            [
                1959.873,
                2215.4429999999998
            ],
            [
                2504.555,
                2505.589
            ]
        ]
    },
    "C": {
        "duration": 345.7110000000008,
        "intervals": [
            [
                10.827,
                19.656
            ],
            [
                22.856,
                24.565
            ],
            [
                31.543,
                38.677
            ],
            [
                41.597,
                46.224000000000004
            ],
            [
                52.665,
                53.929
            ],
            [
                61.904,
                65.86500000000001
            ],
            [
                69.566,
                73.83999999999999
            ],
            [
                75.473,
                75.578
            ],
            [
                79.282,
                81.91499999999999
            ],
            [
                85.696,
                86.425
            ],
            [
                92.902,
                93.761
            ],
            [
                97.117,
                98.59700000000001
            ],
            [
                102.975,
                105.62599999999999
            ],
            [
                112.104,
                113.501
            ],
            [
                116.593,
                121.488
            ],
            [
                123.771,
                127.838
            ],
            [
                134.561,
                139.592
            ],
            [
                142.93,
                152.118
            ],
            [
                155.883,
                159.656
            ],
            [
                166.3,
                169.242
            ],
            [
                175.476,
                178.804
            ],
            [
                219.9,
                220.39600000000002
            ],
            [
                222.251,
                229.132
            ],
            [
                235.956,
                241.12699999999998
            ],
            [
                343.508,
                358.441
            ],
            [
                458.813,
                459.729
            ],
            [
                472.996,
                484.792
            ],
            [
                639.411,
                650.985
            ],
            [
                651.991,
                659.6980000000001
            ],
            [
                807.038,
                808.496
            ],
            [
                897.669,
                900.693
            ],
            [
                904.925,
                905.2289999999999
            ],
            [
                1121.401,
                1129.27
            ],
            [
                1133.803,
                1136.614
            ],
            [
                1213.372,
                1222.896
            ],
            [
                1228.681,
                1230.8310000000001
            ],
            [
                1231.907,
                1235.74
            ],
            [
                1319.772,
                1319.7939999999999
            ],
            [
                1349.32,
                1351.205
            ],
            [
                1357.111,
                1359.843
            ],
            [
                1477.46,
                1480.631
            ],
            [
                1531.918,
                1534.802
            ],
            [
                1554.544,
                1558.5349999999999
            ],
            [
                1561.024,
                1565.6599999999999
            ],
            [
                1595.29,
                1610.922
            ],
            [
                1613.616,
                1618.441
            ],
            [
                1620.439,
                1626.613
            ],
            [
                1843.793,
                1845.811
            ],
            [
                1849.171,
                1850.9650000000001
            ],
            [
                1854.206,
                1860.096
            ],
            [
                1870.071,
                1876.193
            ],
            [
                1879.72,
                1881.818
            ],
            [
                1885.613,
                1891.908
            ],
            [
                1895.348,
                1897.709
            ],
            [
                1905.073,
                1910.8000000000002
            ],
            [
                1914.396,
                1918.158
            ],
            [
                1922.344,
                1928.578
            ],
            [
                1933.288,
                1933.813
            ],
            [
                1937.844,
                1938.99
            ],
            [
                1943.76,
                1945.659
            ],
            [
                1949.27,
                1949.648
            ],
            [
                1953.197,
                1955.338
            ],
            [
                2226.93,
                2234.043
            ],
            [
                2238.867,
                2240.4730000000004
            ],
            [
                2247.203,
                2250.853
            ],
            [
                2253.503,
                2257.453
            ],
            [
                2388.023,
                2390.5660000000003
            ],
            [
                2393.572,
                2409.421
            ],
            [
                2412.506,
                2416.902
            ],
            [
