{
    "A": {
        "duration": 331.95699999999954,
        "intervals": [
            [
                2.327,
                3.368
            ],
            [
                131.792,
                132.832
            ],
            [
                388.199,
                415.331
            ],
            [
                419.81,
                489.017
            ],
            [
                492.379,
                492.831
            ],
            [
                495.61,
                496.15000000000003
            ],
            [
                499.546,
                507.89799999999997
            ],
            [
                534.139,
                538.1270000000001
            ],
            [
                546.056,
                564.641
            ],
            [
                645.592,
                677.236
            ],
            [
                688.041,
                693.196
            ],
            [
                847.78,
                854.42
            ],
            [
                1069.99,
                1071.8410000000001
            ],
            [
                1076.806,
                1120.5169999999998
            ],
            [
                1126.124,
                1149.155
            ],
            [
                1161.602,
                1205.849
            ],
            [
                1210.775,
                1256.116
            ]
        ]
    },
    "B": {
        "duration": 285.17100000000005,
        "intervals": [
            [
                4.728,
                5.789
            ],
            [
                10.139,
                19.152
            ],
            [
                24.288,
                82.613
            ],
            [
                83.725,
                95.261
            ],
            [
                97.549,
                103.123
            ],
            [
                104.504,
                109.995
            ],
            [
                113.105,
                122.69800000000001
            ],
            [
                126.478,
                126.814
            ],
            [
                130.278,
                131.792
            ],
            [
                133.162,
                136.5
            ],
            [
                141.19,
                143.812
            ],
            [
                147.486,
                153.613
            ],
            [
                158.043,
                167.606
            ],
            [
                170.265,
                176.893
            ],
            [
                179.484,
                180.86100000000002
            ],
            [
                186.049,
                187.556
            ],
            [
                189.591,
                196.501
            ],
            [
                201.401,
                202.39800000000002
            ],
            [
                255.569,
                258.063
            ],
            [
                261.48,
                274.32
            ],
            [
                275.019,
                283.651
            ],
            [
                286.669,
                288.04200000000003
            ],
            [
                289.781,
                292.512
            ],
            [
                334.49,
                343.03
            ],
            [
                367.597,
                372.145
            ],
            [
                372.608,
                380.59999999999997
            ],
            [
                497.905,
                499.54499999999996
            ],
            [
                507.899,
                512.167
            ],
            [
                515.859,
                521.356
            ],
            [
                524.271,
                527.0029999999999
            ],
            [
                571.83,
                572.832
            ],
            [
                580.814,
                585.539
            ],
            [
                590.855,
                592.811
            ],
            [
                629.114,
                633.8100000000001
            ],
            [
                677.236,
                688.041
            ],
            [
                699.192,
                699.7810000000001
            ],
            [
                703.304,
                705.6949999999999
            ],
            [
                708.416,
                708.436
            ],
            [
                711.447,
                713.484
            ],
            [
                718.352,
                718.512
            ],
            [
                724.53,
                726.169
            ],
            [
                735.429,
                736.447
            ],
            [
                767.374,
                767.784
            ],
            [
                812.307,
                812.57
            ],
            [
                818.233,
                821.845
            ],
            [
                823.564,
                828.068
            ],
            [
                831.009,
                832.408
            ],
            [
                834.013,
                834.231
            ],
            [
                842.942,
                846.396
            ],
            [
                904.787,
                904.806
            ],
            [
                930.155,
                932.404
            ],
            [
                942.13,
                943.858
            ],
            [
                946.919,
                950.361
            ],
            [
                959.2,
                961.681
            ],
            [
                972.793,
                979.003
            ],
            [
                982.349,
                992.831
            ],
            [
                993.727,
                998.233
            ],
            [
                1071.841,
                1074.897
            ],
            [
                1160.087,
                1161.388
            ]
        ]
    },
    "C": {
        "duration": 144.33399999999972,
        "intervals": [
            [
                5.79,
                10.139000000000001
            ],
            [
                189.116,
                189.59
            ],
            [
                489.017,
                492.378
            ],
            [
                633.81,
                635.8939999999999
            ],
            [
                713.725,
                717.8489999999999
            ],
            [
                718.9,
                718.9979999999999
            ],
            [
                736.746,
                761.7979999999999
            ],
            [
                768.285,
                811.952
            ],
            [
                835.977,
                841.5559999999999
            ],
            [
                854.42,
                889.643
            ],
            [
                933.714,
                936.809
            ],
            [
                939.843,
                941.562
            ],
            [
                944.371,
                946.919
            ],
            [
                950.361,
                958.961
            ],
            [
                962.265,
                966.612
            ],
            [
                972.78,
                972.794
            ]
        ]
    },
    "D": {
        "duration": 279.6909999999993,