{
    "A": {
        "duration": 173.9419999999999,
        "intervals": [
            [
                141.175,
                149.089
            ],
            [
                195.325,
                283.447
            ],
            [
                301.443,
                305.09
            ],
            [
                351.037,
                352.34499999999997
            ],
            [
                774.671,
                811.393
            ],
            [
                843.841,
                845.593
            ],
            [
                849.27,
                851.125
            ],
            [
                882.112,
                906.09
            ],
            [
                908.828,
                914.4019999999999
            ],
            [
                1050.352,
                1053.422
            ]
        ]
    },
    "B": {
        "duration": 357.3510000000002,
        "intervals": [
            [
                0.356,
                31.067
            ],
            [
                90.835,
                124.629
            ],
            [
                168.514,
                190.866
            ],
            [
                283.584,
                300.714
            ],
            [
                305.449,
                313.817
            ],
            [
                318.765,
                322.299
            ],
            [
                335.143,
                336.375
            ],
            [
                340.5,
                346.405
            ],
            [
                348.519,
                349.427
            ],
            [
                383.751,
                419.342
            ],
            [
                433.119,
                444.623
            ],
            [
                472.809,
                474.40500000000003
            ],
            [
                477.782,
                483.48100000000005
            ],
            [
                505.469,
                507.324
            ],
            [
                596.676,
                599.864
            ],
            [
                610.998,
                625.671
            ],
            [
                696.068,
                701.76
            ],
            [
                708.195,
                755.0820000000001
            ],
            [
                756.159,
                772.791
            ],
            [
                816.237,
                820.083
            ],
            [
                822.476,
                834.216
            ],
            [
                855.665,
                869.649
            ],
            [
                872.993,
                879.0010000000001
            ],
            [
                906.09,
                907.945
            ],
            [
                978.839,
                982.0770000000001
            ],
            [
                985.718,
                987.8539999999999
            ],
            [
                1065.972,
                1070.481
            ],
            [
                1071.721,
                1080.148
            ],
            [
                1084.357,
                1088.319
            ],
            [
                1108.817,
                1109.426
            ],
            [
                1120.119,
                1135.681
            ],
            [
                1137.903,
                1152.127
            ]
        ]
    },
    "C": {
        "duration": 162.25100000000012,
        "intervals": [
            [
                58.006,
                61.826
            ],
            [
                138.626,
                140.921
            ],
            [
                151.262,
                151.311
            ],
            [
                167.356,
                167.722
            ],
            [
                350.067,
                350.379
            ],
            [
                423.146,
                427.19300000000004
            ],
            [
                486.812,
                505.469
            ],
            [
                507.728,
                576.139
            ],
            [
                594.704,
                596.0659999999999
            ],
            [
                599.864,
                605.454
            ],
            [
                851.668,
                851.693
            ],
            [
                968.633,
                972.4100000000001
            ],
            [
                990.328,
                1031.088
            ],
            [
                1039.876,
                1043.028
            ],
            [
                1070.481,
                1071.284
            ],
            [
                1080.575,
                1081.01
            ],
            [
                1094.003,
                1099.803
            ],
            [
                1101.673,
                1104.263
            ]
        ]
    },
    "D": {
        "duration": 134.7969999999999,
        "intervals": [
            [
                62.216,
                68.558
            ],
            [
                126.544,
                127.51299999999999
            ],
            [
                132.55,
                134.03
            ],
            [
                358.371,
                358.835
            ],
            [
                626.397,
                696.0690000000001
            ],
            [
                701.76,
                708.1949999999999
            ],
            [
                914.402,
                955.695
            ],
            [
                960.193,
                968.3349999999999
            ]
        ]
    },
    "E": {
        "duration": 269.63399999999996,