{
    "A": {
        "duration": 167.93600000000055,
        "intervals": [
            [
                5.812,
                5.883
            ],
            [
                9.61,
                9.617999999999999
            ],
            [
                81.908,
                93.69500000000001
            ],
            [
                239.946,
                240.221
            ],
            [
                317.542,
                317.67699999999996
            ],
            [
                682.131,
                682.192
            ],
            [
                719.246,
                720.917
            ],
            [
                787.614,
                788.4530000000001
            ],
            [
                1335.202,
                1338.358
            ],
            [
                1418.016,
                1523.227
            ],
            [
                1534.526,
                1569.5510000000002
            ],
            [
                1623.549,
                1627.41
            ],
            [
                1633.071,
                1635.243
            ],
            [
                1644.504,
                1647.8449999999998
            ],
            [
                2276.066,
                2276.389
            ]
        ]
    },
    "B": {
        "duration": 261.6380000000002,
        "intervals": [
            [
                94.596,
                94.604
            ],
            [
                471.219,
                473.07
            ],
            [
                507.619,
                510.39200000000005
            ],
            [
                516.039,
                520.111
            ],
            [
                533.868,
                535.7180000000001
            ],
            [
                556.357,
                560.2869999999999
            ],
            [
                570.61,
                574.0
            ],
            [
                595.625,
                604.007
            ],
            [
                810.955,
                813.724
            ],
            [
                1071.995,
                1189.6009999999999
            ],
            [
                1232.771,
                1235.059
            ],
            [
                1598.673,
                1602.613
            ],
            [
                1605.476,
                1608.2050000000002
            ],
            [
                1610.675,
                1623.549
            ],
            [
                1627.617,
                1632.8799999999999
            ],
            [
                1635.243,
                1640.992
            ],
            [
                1643.677,
                1644.504
            ],
            [
                1651.403,
                1656.81
            ],
            [
                1664.079,
                1671.307
            ],
            [
                1925.358,
                1926.325
            ],
            [
                2128.589,
                2194.601
            ],
            [
                2216.332,
                2218.055
            ]
        ]
    },
    "C": {
        "duration": 297.79899999999975,
        "intervals": [
            [
                160.718,
                162.47799999999998
            ],
            [
                315.574,
                316.752
            ],
            [
                319.663,
                420.005
            ],
            [
                1640.993,
                1643.3519999999999
            ],
            [
                1671.307,
                1676.032
            ],
            [
                1741.714,
                1924.954
            ],
            [
                1926.325,
                1929.2040000000002
            ],
            [
                2226.086,
                2227.4019999999996
            ]
        ]
    },
    "D": {
        "duration": 98.00500000000025,
        "intervals": [
            [
                139.534,
                140.09799999999998
            ],
            [
                269.811,
                270.506
            ],
            [
                440.336,
                470.583
            ],
            [
                473.07,
                477.64500000000004
            ],
            [
                478.879,
                492.53700000000003
            ],
            [
                520.553,
                530.519
            ],
            [
                535.974,
                556.042
            ],
            [
                1580.097,
                1598.3290000000002
            ]
        ]
    },
    "E": {
        "duration": 70.48000000000002,
        "intervals": [
            [
                9.811,
                42.589000000000006
            ],
            [
                61.806,
                70.068
            ],
            [
                94.605,
                121.769
            ],
            [
                259.249,
                260.761
            ],
            [
                872.706,
                873.47
            ]
        ]
    },
    "F": {
        "duration": 383.89999999999895,