{
    "A": {
        "duration": 424.79200000000003,
        "intervals": [
            [
                110.948,
                122.36099999999999
            ],
            [
                126.357,
                137.34099999999998
            ],
            [
                139.556,
                157.19
            ],
            [
                289.394,
                464.14700000000005
            ],
            [
                673.593,
                681.0799999999999
            ],
            [
                683.326,
                710.209
            ],
            [
                780.867,
                911.792
            ],
            [
                925.206,
                969.9190000000001
            ]
        ]
    },
    "B": {
        "duration": 66.57699999999994,
        "intervals": [
            [
                506.285,
                554.0319999999999
            ],
            [
                648.726,
                667.556
            ]
        ]
    },
    "C": {
        "duration": 62.178999999999974,
        "intervals": [
            [
                710.21,
                772.389
            ]
        ]
    },
    "D": {
        "duration": 396.1390000000002,
        "intervals": [
            [
                0.265,
                109.17099999999999
            ],
            [
                158.957,
                287.584
            ],
            [
                464.554,
                492.657
            ],
            [
                555.41,
                619.557
            ],
            [
                622.954,
                629.726
            ],
            [
                635.594,
                645.167
            ],
            [
                667.556,
                673.5930000000001
            ],
            [
                773.432,
                780.461
            ],
            [
                911.981,
                924.181
            ],
            [
                977.441,
                1002.186
            ]
        ]
    }
}