{
    "A": {
        "duration": 91.07100000000003,
        "intervals": [
            [
                366.525,
                437.794
            ],
            [
                477.843,
                497.64500000000004
            ]
        ]
    },
    "B": {
        "duration": 124.4970000000001,
        "intervals": [
            [
                239.853,
                240.37300000000002
            ],
            [
                366.41,
                366.52500000000003
            ],
            [
                514.568,
                611.263
            ],
            [
                618.793,
                619.235
            ],
            [
                696.495,
                722.869
            ],
            [
                809.374,
                809.725
            ]
        ]
    },
    "C": {
        "duration": 100.60299999999997,
        "intervals": [
            [
                126.628,
                148.311
            ],
            [
                514.011,
                514.568
            ],
            [
                620.749,
                696.495
            ],
            [
                722.869,
                724.965
            ],
            [
                777.327,
                777.848
            ]
        ]
    },
    "D": {
        "duration": 474.36599999999993,
        "intervals": [
            [
                0.611,
                124.63799999999999
            ],
            [
                150.733,
                239.289
            ],
            [
                241.559,
                365.06
            ],
            [
                438.453,
                477.843
            ],
            [
                497.645,
                513.25
            ],
            [
                611.263,
                617.04
            ],
            [
                725.482,
                776.161
            ],
            [
                778.346,
                805.177
            ]
        ]
    }
}