{
    "A": {
        "duration": 75.78800000000001,
        "intervals": [
            [
                35.817,
                53.370000000000005
            ],
            [
                67.176,
                86.79599999999999
            ],
            [
                92.566,
                99.50500000000001
            ],
            [
                101.211,
                132.887
            ]
        ]
    },
    "B": {
        "duration": 298.49800000000016,
        "intervals": [
            [
                0.164,
                2.7070000000000003
            ],
            [
                166.59,
                168.87099999999998
            ],
            [
                184.391,
                185.392
            ],
            [
                187.989,
                188.872
            ],
            [
                197.74,
                199.874
            ],
            [
                201.835,
                202.991
            ],
            [
                205.224,
                208.79299999999998
            ],
            [
                309.437,
                314.512
            ],
            [
                328.264,
                332.009
            ],
            [
                343.877,
                372.853
            ],
            [
                374.92,
                376.52000000000004
            ],
            [
                387.502,
                398.191
            ],
            [
                405.574,
                410.33
            ],
            [
                431.04,
                433.90900000000005
            ],
            [
                439.405,
                471.199
            ],
            [
                480.117,
                497.794
            ],
            [
                506.503,
                507.613
            ],
            [
                511.604,
                513.281
            ],
            [
                515.773,
                520.653
            ],
            [
                527.529,
                534.824
            ],
            [
                551.473,
                552.6959999999999
            ],
            [
                561.234,
                561.241
            ],
            [
                565.621,
                566.164
            ],
            [
                589.965,
                591.609
            ],
            [
                603.992,
                607.091
            ],
            [
                636.009,
                643.458
            ],
            [
                732.593,
                738.3439999999999
            ],
            [
                743.912,
                745.741
            ],
            [
                794.161,
                795.933
            ],
            [
                808.704,
                809.717
            ],
            [
                815.201,
                818.517
            ],
            [
                842.908,
                843.87
            ],
            [
                847.579,
                848.7109999999999
            ],
            [
                867.718,
                872.0029999999999
            ],
            [
                887.401,
                895.2779999999999
            ],
            [
                904.046,
                905.663
            ],
            [
                912.605,
                916.0980000000001
            ],
            [
                920.3,
                923.4369999999999
            ],
            [
                1007.606,
                1012.6129999999999
            ],
            [
                1118.473,
                1123.792
            ],
            [
                1144.942,
                1147.7450000000001
            ],
            [
                1152.809,
                1156.0
            ],
            [
                1179.208,
                1182.425
            ],
            [
                1225.895,
                1229.972
            ],
            [
                1240.937,
                1242.655
            ],
            [
                1249.217,
                1250.113
            ],
            [
                1257.493,
                1258.192
            ],
            [
                1267.547,
                1273.146
            ],
            [
                1291.739,
                1298.155
            ],
            [
                1322.009,
                1324.314
            ],
            [
                1350.319,
                1358.4009999999998
            ],
            [
                1368.674,
                1372.928
            ],
            [
                1373.191,
                1375.685
            ],
            [
                1377.56,
                1381.313
            ],
            [
                1389.828,
                1391.266
            ],
            [
                1403.529,
                1425.08
            ],
            [
                1428.408,
                1437.364
            ],
            [
                1440.413,
                1453.226
            ],
            [
                1460.768,
                1460.834
            ],
            [
                1512.395,
                1513.121
            ],
            [
                1514.894,
                1516.644
            ],
            [
                1521.259,
                1524.015
            ],
            [
                1533.797,
                1536.55
            ]
        ]
    },
    "C": {
        "duration": 201.67199999999985,
        "intervals": [
            [
                24.781,
                32.67
            ],
            [
                54.638,
                58.992
            ],
            [
                64.231,
                66.389
            ],
            [
                564.477,
                565.145
            ],
            [
                593.992,
                603.6479999999999
            ],
            [
                611.375,
                614.274
            ],
            [
                620.953,
                625.658
            ],
            [
                632.084,
                635.683
            ],
            [
                649.154,
                653.103
            ],
            [
                707.709,
                711.312
            ],
            [
                721.948,
                723.696
            ],
            [
                729.405,
                731.832
            ],
            [
                923.437,
                925.582
            ],
            [
                927.766,
                1007.607
            ],
            [
                1012.613,
                1017.166
            ],
            [
                1019.523,
                1034.619
            ],
            [
                1034.795,
                1070.1090000000002
            ],
            [
                1077.287,
                1092.8819999999998
            ],
            [
                1488.254,
                1488.9019999999998
            ],
            [
                1493.596,
                1494.421
            ]
        ]
    },
    "D": {
        "duration": 554.8909999999998,