{
    "A": {
        "duration": 145.66699999999997,
        "intervals": [
            [
                7.894,
                7.901
            ],
            [
                12.626,
                19.209
            ],
            [
                125.471,
                126.99300000000001
            ],
            [
                132.293,
                135.091
            ],
            [
                139.609,
                154.358
            ],
            [
                229.211,
                229.911
            ],
            [
                1644.872,
                1705.9089999999999
            ],
            [
                1739.689,
                1742.9070000000002
            ],
            [
                1781.502,
                1817.059
            ],
            [
                1827.09,
                1838.577
            ],
            [
                1847.468,
                1850.991
            ],
            [
                1851.927,
                1853.559
            ],
            [
                1857.075,
                1859.929
            ]
        ]
    },
    "B": {
        "duration": 351.18200000000047,
        "intervals": [
            [
                231.334,
                238.456
            ],
            [
                270.626,
                272.21099999999996
            ],
            [
                305.112,
                305.898
            ],
            [
                329.427,
                336.098
            ],
            [
                346.349,
                351.477
            ],
            [
                357.656,
                362.79400000000004
            ],
            [
                380.781,
                380.81
            ],
            [
                383.273,
                391.26
            ],
            [
                398.056,
                402.933
            ],
            [
                403.993,
                408.009
            ],
            [
                594.403,
                597.91
            ],
            [
                604.41,
                607.2919999999999
            ],
            [
                612.775,
                617.809
            ],
            [
                621.154,
                623.209
            ],
            [
                626.495,
                669.663
            ],
            [
                829.113,
                830.5150000000001
            ],
            [
                842.258,
                845.879
            ],
            [
                850.984,
                852.047
            ],
            [
                866.687,
                866.927
            ],
            [
                868.276,
                869.636
            ],
            [
                872.843,
                873.245
            ],
            [
                879.257,
                879.2869999999999
            ],
            [
                884.609,
                907.398
            ],
            [
                945.442,
                948.547
            ],
            [
                1047.938,
                1050.844
            ],
            [
                1110.232,
                1118.992
            ],
            [
                1128.053,
                1128.929
            ],
            [
                1135.642,
                1138.679
            ],
            [
                1191.314,
                1193.7830000000001
            ],
            [
                1197.634,
                1198.096
            ],
            [
                1215.319,
                1215.694
            ],
            [
                1222.952,
                1224.393
            ],
            [
                1231.698,
                1242.557
            ],
            [
                1245.893,
                1250.296
            ],
            [
                1253.178,
                1266.6370000000002
            ],
            [
                1274.358,
                1275.315
            ],
            [
                1278.107,
                1283.6960000000001
            ],
            [
                1288.745,
                1292.916
            ],
            [
                1293.658,
                1297.858
            ],
            [
                1303.39,
                1315.3990000000001
            ],
            [
                1317.446,
                1318.869
            ],
            [
                1344.821,
                1348.923
            ],
            [
                1368.794,
                1369.855
            ],
            [
                1372.739,
                1377.066
            ],
            [
                1510.331,
                1513.971
            ],
            [
                1525.954,
                1525.993
            ],
            [
                1527.834,
                1532.9930000000002
            ],
            [
                1557.019,
                1558.548
            ],
            [
                1572.102,
                1574.593
            ],
            [
                1589.556,
                1620.413
            ],
            [
                1726.199,
                1728.291
            ],
            [
                1745.089,
                1760.878
            ],
            [
                1763.378,
                1766.802
            ],
            [
                1774.482,
                1775.599
            ],
            [
                1817.06,
                1825.759
            ],
            [
                1845.222,
                1846.79
            ],
            [
                1862.899,
                1866.8899999999999
            ],
            [
                1875.391,
                1876.938
            ],
            [
                1878.896,
                1882.9379999999999
            ],
            [
                1890.56,
                1895.118
            ],
            [
                1902.013,
                1902.8129999999999
            ],
            [
                1905.523,
                1910.6039999999998
            ],
            [
                1918.342,
                1922.19
            ],
            [
                1924.459,
                1925.2450000000001
            ],
            [
                1928.195,
                1937.6840000000002
            ],
            [
                1941.26,
                1942.642
            ],
            [
                1945.991,
                1955.018
            ],
            [
                1970.062,
                1977.0549999999998
            ],
            [
                1980.727,
                1983.0780000000002
            ]
        ]
    },
    "C": {
        "duration": 90.76900000000003,
        "intervals": [
            [
                5.012,
                7.537999999999999
            ],
            [
                97.89,
                121.91
            ],
            [
                135.759,
                139.087
            ],
            [
                154.847,
                196.837
            ],
            [
                211.034,
                219.583
            ],
            [
                228.574,
                228.74900000000002
            ],
            [
                969.351,
                972.085
            ],
            [
                973.029,
                977.199
            ],
            [
                978.332,
                981.609
            ]
        ]
    },
    "D": {
        "duration": 229.35999999999984,