{
    "A": {
        "duration": 454.403,
        "intervals": [
            [
                24.881,
                73.408
            ],
            [
                82.929,
                96.179
            ],
            [
                120.287,
                169.411
            ],
            [
                180.343,
                286.136
            ],
            [
                294.837,
                342.606
            ],
            [
                355.698,
                381.886
            ],
            [
                396.294,
                421.68800000000005
            ],
            [
                441.322,
                478.791
            ],
            [
                517.494,
                578.2829999999999
            ],
            [
                589.093,
                629.193
            ]
        ]
    },
    "B": {
        "duration": 158.39100000000002,
        "intervals": [
            [
                0.353,
                22.142
            ],
            [
                74.488,
                81.112
            ],
            [
                97.958,
                117.931
            ],
            [
                170.903,
                178.92700000000002
            ],
            [
                286.409,
                292.93199999999996
            ],
            [
                342.968,
                354.228
            ],
            [
                383.535,
                394.606
            ],
            [
                423.591,
                439.67600000000004
            ],
            [
                479.837,
                516.0210000000001
            ],
            [
                578.283,
                586.859
            ],
            [
                630.782,
                643.064
            ]
        ]
    }
}