{
    "414": {
        "duration": 0.0,
        "intervals": []
    },
    "A": {
        "duration": 92.13599999999997,
        "intervals": [
            [
                1637.066,
                1729.202
            ]
        ]
    },
    "B": {
        "duration": 155.50299999999993,
        "intervals": [
            [
                269.028,
                378.421
            ],
            [
                397.119,
                432.42199999999997
            ],
            [
                433.266,
                438.646
            ],
            [
                585.799,
                591.226
            ]
        ]
    },
    "C": {
        "duration": 84.48799999999983,
        "intervals": [
            [
                538.167,
                544.132
            ],
            [
                605.681,
                614.498
            ],
            [
                1009.78,
                1041.096
            ],
            [
                1044.721,
                1052.392
            ],
            [
                1055.329,
                1062.2559999999999
            ],
            [
                1065.251,
                1074.8220000000001
            ],
            [
                1081.144,
                1089.531
            ],
            [
                1107.518,
                1113.3519999999999
            ]
        ]
    },
    "D": {
        "duration": 70.0569999999999,
        "intervals": [
            [
                655.192,
                662.253
            ],
            [
                1241.597,
                1304.5929999999998
            ]
        ]
    },
    "E": {
        "duration": 186.9919999999994,
        "intervals": [
            [
                662.459,
                668.0459999999999
            ],
            [
                676.018,
                686.9920000000001
            ],
            [
                690.601,
                696.492
            ],
            [
                701.593,
                719.4689999999999
            ],
            [
                720.085,
                731.9240000000001
            ],
            [
                792.185,
                804.247
            ],
            [
                916.994,
                948.192
            ],
            [
                976.793,
                983.199
            ],
            [
                1313.901,
                1319.7359999999999
            ],
            [
                1321.304,
                1342.461
            ],
            [
                1348.665,
                1375.908
            ],
            [
                1380.662,
                1388.482
            ],
            [
                1392.118,
                1398.4579999999999
            ],
            [
                1400.91,
                1417.674
            ]
        ]
    },
    "F": {
        "duration": 354.1500000000001,
        "intervals": [
            [
                6.721,
                11.927000000000001
            ],
            [
                13.753,
                19.838
            ],
            [
                35.434,
                43.15
            ],
            [
                54.39,
                59.729
            ],
            [
                124.625,
                130.6
            ],
            [
                178.106,
                183.428
            ],
            [
                222.136,
                228.346
            ],
            [
                234.752,
                241.416
            ],
            [
                259.635,
                267.88800000000003
            ],
            [
                475.619,
                481.06100000000004
            ],
            [
                484.434,
                489.856
            ],
            [
                551.661,
                562.5609999999999
            ],
            [
                628.396,
                645.1329999999999
            ],
            [
                696.492,
                701.593
            ],
            [
                742.799,
                780.344
            ],
            [
                804.247,
                810.912
            ],
            [
                813.674,
                823.6719999999999
            ],
            [
                825.409,
                834.3929999999999
            ],
            [
                948.367,
                976.793
            ],
            [
                983.2,
                998.633
            ],
            [
                1129.835,
                1140.573
            ],
            [
                1145.235,
                1157.561
            ],
            [
                1342.46,
                1348.481
            ],
            [
                1417.674,
                1423.994
            ],
            [
                1444.809,
                1453.021
            ],
            [
                1455.528,
                1463.817
            ],
            [
                1466.272,
                1472.844
            ],
            [
                1478.211,
                1489.71
            ],
            [
                1517.233,
                1535.591
            ],
            [
                1540.286,
                1546.641
            ],
            [
                1599.438,
                1606.2910000000002
            ],
            [
                1810.191,
                1818.264
            ],
            [
                1830.3,
                1867.411
            ]
        ]
    },
    "G": {
        "duration": 512.9250000000004,