{
    "A": {
        "duration": 374.5609999999999,
        "intervals": [
            [
                0.824,
                191.39100000000002
            ],
            [
                325.895,
                347.08
            ],
            [
                363.223,
                366.06
            ],
            [
                430.063,
                443.927
            ],
            [
                509.281,
                519.58
            ],
            [
                571.067,
                583.266
            ],
            [
                586.745,
                588.79
            ],
            [
                590.713,
                611.97
            ],
            [
                616.029,
                620.752
            ],
            [
                631.862,
                636.528
            ],
            [
                678.193,
                681.322
            ],
            [
                694.445,
                708.005
            ],
            [
                789.421,
                815.414
            ],
            [
                816.927,
                819.629
            ],
            [
                824.988,
                829.022
            ],
            [
                903.997,
                945.4979999999999
            ]
        ]
    },
    "B": {
        "duration": 215.2609999999998,
        "intervals": [
            [
                349.01,
                363.223
            ],
            [
                366.059,
                429.837
            ],
            [
                445.071,
                508.97200000000004
            ],
            [
                589.336,
                590.271
            ],
            [
                816.919,
                816.927
            ],
            [
                819.629,
                824.563
            ],
            [
                829.425,
                843.4159999999999
            ],
            [
                846.167,
                867.063
            ],
            [
                870.723,
                875.8449999999999
            ],
            [
                876.192,
                903.675
            ]
        ]
    },
    "C": {
        "duration": 182.208,
        "intervals": [
            [
                195.883,
                325.895
            ],
            [
                519.855,
                571.067
            ],
            [
                584.488,
                585.4720000000001
            ]
        ]
    },
    "D": {
        "duration": 74.51800000000026,
        "intervals": [
            [
                611.97,
                615.725
            ],
            [
                621.393,
                631.8620000000001
            ],
            [
                637.011,
                678.1930000000001
            ],
            [
                681.321,
                694.445
            ],
            [
                843.666,
                846.167
            ],
            [
                867.422,
                870.7230000000001
            ],
            [
                876.007,
                876.193
            ]
        ]
    },
    "E": {
        "duration": 76.20899999999995,
        "intervals": [
            [
                713.212,
                789.4209999999999
            ]
        ]
    }
}