{
    "A": {
        "duration": 96.65799999999999,
        "intervals": [
            [
                233.992,
                237.814
            ],
            [
                240.376,
                290.616
            ],
            [
                293.875,
                298.637
            ],
            [
                310.141,
                310.478
            ],
            [
                485.767,
                486.147
            ],
            [
                491.94,
                492.794
            ],
            [
                704.361,
                709.621
            ],
            [
                713.951,
                718.477
            ],
            [
                725.254,
                727.9540000000001
            ],
            [
                730.542,
                731.339
            ],
            [
                733.983,
                734.459
            ],
            [
                739.193,
                755.143
            ],
            [
                760.793,
                766.908
            ],
            [
                773.599,
                774.038
            ]
        ]
    },
    "B": {
        "duration": 64.40700000000004,
        "intervals": [
            [
                318.59,
                382.673
            ],
            [
                493.238,
                493.562
            ]
        ]
    },
    "C": {
        "duration": 158.38500000000005,
        "intervals": [
            [
                141.779,
                153.00900000000001
            ],
            [
                158.865,
                219.166
            ],
            [
                402.411,
                484.94300000000004
            ],
            [
                701.808,
                703.965
            ],
            [
                718.477,
                720.6419999999999
            ]
        ]
    },
    "D": {
        "duration": 139.70099999999996,
        "intervals": [
            [
                65.792,
                69.044
            ],
            [
                71.626,
                85.943
            ],
            [
                88.941,
                109.726
            ],
            [
                109.991,
                122.233
            ],
            [
                153.009,
                158.86499999999998
            ],
            [
                227.764,
                228.95700000000002
            ],
            [
                494.488,
                494.652
            ],
            [
                501.132,
                543.918
            ],
            [
                546.539,
                561.816
            ],
            [
                562.861,
                563.192
            ],
            [
                567.476,
                575.5070000000001
            ],
            [
                584.537,
                584.549
            ],
            [
                590.777,
                591.808
            ],
            [
                612.863,
                617.018
            ],
            [
                669.5,
                670.97
            ],
            [
                709.837,
                710.753
            ],
            [
                755.143,
                760.793
            ],
            [
                767.186,
                769.419
            ]
        ]
    },
    "E": {
        "duration": 100.34000000000015,
        "intervals": [
            [
                237.814,
                240.376
            ],
            [
                290.878,
                293.33799999999997
            ],
            [
                298.637,
                298.991
            ],
            [
                494.652,
                494.844
            ],
            [
                562.064,
                562.418
            ],
            [
                576.592,
                576.607
            ],
            [
                599.321,
                612.4340000000001
            ],
            [
                617.018,
                668.373
            ],
            [
                700.476,
                701.807
            ],
            [
                710.753,
                713.951
            ],
            [
                720.984,
                725.253
            ],
            [
                727.954,
                730.543
            ],
            [
                731.609,
                733.455
            ],
            [
                734.459,
                739.192
            ],
            [
                769.67,
                773.192
            ],
            [
                774.038,
                782.4849999999999
            ]
        ]
    },
    "F": {
        "duration": 211.80299999999977,
        "intervals": [
            [
                0.039,
                65.388
            ],
            [
                69.594,
                70.574
            ],
            [
                86.196,
                88.456
            ],
            [
                109.952,
                109.991
            ],
            [
                122.232,
                140.439
            ],
            [
                219.993,
                227.313
            ],
            [
                229.124,
                232.735
            ],
            [
                301.134,
                309.40200000000004
            ],
            [
                311.232,
                317.36100000000005
            ],
            [
                383.446,
                401.002
            ],
            [
                486.967,
                488.18199999999996
            ],
            [
                496.211,
                500.661
            ],
            [
                543.918,
                546.287
            ],
            [
                563.191,
                567.145
            ],
            [
                577.275,
                583.813
            ],
            [
                584.548,
                590.404
            ],
            [
                591.808,
                599.0509999999999
            ],
            [
                671.22,
                698.9069999999999
            ],
            [
                782.792,
                805.564
            ]
        ]
    }
}