{
    "A": {
        "duration": 232.77100000000013,
        "intervals": [
            [
                100.793,
                101.80000000000001
            ],
            [
                1657.235,
                1759.023
            ],
            [
                1761.527,
                1773.6019999999999
            ],
            [
                1787.631,
                1808.52
            ],
            [
                2038.593,
                2039.8400000000001
            ],
            [
                2129.185,
                2224.9500000000003
            ]
        ]
    },
    "B": {
        "duration": 148.09000000000003,
        "intervals": [
            [
                102.116,
                103.506
            ],
            [
                1125.131,
                1180.912
            ],
            [
                1205.189,
                1231.778
            ],
            [
                1816.03,
                1859.246
            ],
            [
                1896.146,
                1913.364
            ],
            [
                1925.907,
                1929.234
            ],
            [
                2665.076,
                2665.645
            ]
        ]
    },
    "C": {
        "duration": 426.6659999999998,
        "intervals": [
            [
                104.556,
                106.321
            ],
            [
                107.99,
                114.39399999999999
            ],
            [
                513.437,
                777.244
            ],
            [
                1241.247,
                1296.841
            ],
            [
                1913.802,
                1921.7869999999998
            ],
            [
                1923.478,
                1925.208
            ],
            [
                1929.234,
                1937.395
            ],
            [
                1938.457,
                1943.897
            ],
            [
                1948.631,
                1951.624
            ],
            [
                1956.317,
                1961.4250000000002
            ],
            [
                1967.018,
                2033.755
            ],
            [
                2254.643,
                2255.585
            ]
        ]
    },
    "D": {
        "duration": 69.02899999999964,
        "intervals": [
            [
                99.915,
                100.792
            ],
            [
                371.923,
                371.992
            ],
            [
                1559.015,
                1559.528
            ],
            [
                2232.218,
                2240.4519999999998
            ],
            [
                2240.975,
                2254.372
            ],
            [
                2255.842,
                2301.221
            ],
            [
                2652.477,
                2653.037
            ]
        ]
    },
    "E": {
        "duration": 324.07200000000023,
        "intervals": [
            [
                106.613,
                107.698
            ],
            [
                198.936,
                268.343
            ],
            [
                282.192,
                297.652
            ],
            [
                299.285,
                371.558
            ],
            [
                371.993,
                376.009
            ],
            [
                390.574,
                442.237
            ],
            [
                807.781,
                833.393
            ],
            [
                847.665,
                885.399
            ],
            [
                2045.67,
                2055.002
            ],
            [
                2064.899,
                2102.389
            ]
        ]
    },
    "F": {
        "duration": 642.482000000001,
        "intervals": [
            [
                0.042,
                32.826
            ],
            [
                61.833,
                76.33
            ],
            [
                124.838,
                133.449
            ],
            [
                136.466,
                138.204
            ],
            [
                153.06,
                198.458
            ],
            [
                268.999,
                282.192
            ],
            [
                297.651,
                298.723
            ],
            [
                376.009,
                390.211
            ],
            [
                442.974,
                508.166
            ],
            [
                777.61,
                807.1460000000001
            ],
            [
                833.392,
                847.6650000000001
            ],
            [
                885.988,
                937.975
            ],
            [
                1055.592,
                1066.2009999999998
            ],
            [
                1088.301,
                1092.357
            ],
            [
                1094.779,
                1124.037
            ],
            [
                1181.328,
                1199.782
            ],
            [
                1233.358,
                1236.811
            ],
            [
                1298.433,
                1310.3819999999998
            ],
            [
                1632.442,
                1653.189
            ],
            [
                1774.069,
                1783.352
            ],
            [
                1808.873,
                1810.675
            ],
            [
                1859.245,
                1891.34
            ],
            [
                1923.011,
                1923.478
            ],
            [
                1943.897,
                1948.6299999999999
            ],
            [
                1952.21,
                1955.074
            ],
            [
                1961.643,
                1962.497
            ],
            [
                2033.755,
                2038.593
            ],
            [
                2040.262,
                2045.671
            ],
            [
                2055.002,
                2064.6530000000002
            ],
            [
                2102.389,
                2125.5370000000003
            ],
            [
                2226.261,
                2231.323
            ],
            [
                2301.22,
                2354.27
            ],
            [
                2561.483,
                2562.2960000000003
            ],
            [
                2564.632,
                2651.5080000000003
            ],
            [
                2654.004,
                2664.532
            ]
        ]
    },
    "G": {
        "duration": 140.9179999999998,
        "intervals": [
            [
                133.449,
                136.215
            ],
            [
                941.79,
                1055.5919999999999
            ],
            [
                1066.201,
                1088.301
            ],
            [
                1092.358,
                1094.267
            ],
            [
                2240.634,
                2240.975
            ]
        ]
    },
    "H": {
        "duration": 68.47000000000006,
        "intervals": [
            [
                36.011,
                61.533
            ],
            [
                80.195,
                99.47999999999999
            ],
            [
                114.394,
                124.681
            ],
            [
                138.205,
                149.392
            ],
            [
                1759.023,
                1761.212
            ]
        ]
    },
    "I": {
        "duration": 522.6100000000001,