{
    "A": {
        "duration": 122.81099999999998,
        "intervals": [
            [
                100.072,
                181.087
            ],
            [
                433.264,
                475.06
            ]
        ]
    },
    "B": {
        "duration": 236.836,
        "intervals": [
            [
                200.88,
                329.503
            ],
            [
                396.058,
                398.655
            ],
            [
                411.5,
                415.867
            ],
            [
                502.274,
                568.716
            ],
            [
                687.158,
                687.1990000000001
            ],
            [
                1001.295,
                1036.061
            ]
        ]
    },
    "C": {
        "duration": 354.19100000000003,
        "intervals": [
            [
                0.01,
                97.055
            ],
            [
                181.087,
                196.111
            ],
            [
                329.695,
                344.893
            ],
            [
                385.629,
                394.59
            ],
            [
                405.834,
                407.744
            ],
            [
                416.186,
                428.864
            ],
            [
                475.514,
                497.354
            ],
            [
                568.716,
                671.444
            ],
            [
                768.626,
                774.298
            ],
            [
                839.609,
                848.813
            ],
            [
                850.817,
                855.738
            ],
            [
                980.233,
                1001.295
            ],
            [
                1036.061,
                1074.009
            ]
        ]
    },
    "D": {
        "duration": 35.84700000000004,
        "intervals": [
            [
                349.498,
                385.345
            ]
        ]
    },
    "E": {
        "duration": 168.101,
        "intervals": [
            [
                398.957,
                405.456
            ],
            [
                408.012,
                411.016
            ],
            [
                674.116,
                686.34
            ],
            [
                687.199,
                768.626
            ],
            [
                775.793,
                839.6089999999999
            ],
            [
                849.462,
                850.593
            ]
        ]
    },
    "F": {
        "duration": 122.86300000000006,
        "intervals": [
            [
                857.37,
                980.2330000000001
            ]
        ]
    }
}