{
    "A": {
        "duration": 155.33300000000025,
        "intervals": [
            [
                5.088,
                10.5
            ],
            [
                12.729,
                24.757
            ],
            [
                26.686,
                26.691
            ],
            [
                30.194,
                44.473
            ],
            [
                51.099,
                104.598
            ],
            [
                110.962,
                113.571
            ],
            [
                151.494,
                164.359
            ],
            [
                165.043,
                191.498
            ],
            [
                247.006,
                248.876
            ],
            [
                260.648,
                263.07500000000005
            ],
            [
                520.408,
                522.6320000000001
            ],
            [
                530.01,
                530.427
            ],
            [
                606.27,
                606.273
            ],
            [
                728.912,
                728.927
            ],
            [
                733.737,
                736.98
            ],
            [
                739.074,
                741.34
            ],
            [
                750.381,
                753.192
            ],
            [
                755.941,
                762.2289999999999
            ],
            [
                764.287,
                766.879
            ],
            [
                771.294,
                775.3190000000001
            ]
        ]
    },
    "B": {
        "duration": 272.57500000000044,
        "intervals": [
            [
                0.569,
                2.894
            ],
            [
                11.173,
                12.192
            ],
            [
                25.184,
                25.817
            ],
            [
                26.691,
                29.141
            ],
            [
                47.66,
                50.252
            ],
            [
                105.298,
                109.912
            ],
            [
                164.359,
                164.489
            ],
            [
                239.981,
                246.667
            ],
            [
                249.546,
                257.455
            ],
            [
                263.075,
                274.992
            ],
            [
                278.292,
                307.397
            ],
            [
                315.525,
                320.394
            ],
            [
                338.01,
                347.865
            ],
            [
                350.128,
                350.633
            ],
            [
                364.294,
                372.04
            ],
            [
                380.565,
                382.926
            ],
            [
                400.051,
                402.67
            ],
            [
                441.512,
                444.069
            ],
            [
                449.626,
                456.609
            ],
            [
                514.559,
                520.048
            ],
            [
                523.623,
                529.791
            ],
            [
                532.813,
                537.212
            ],
            [
                540.314,
                541.456
            ],
            [
                552.999,
                566.8480000000001
            ],
            [
                571.244,
                577.417
            ],
            [
                582.221,
                606.004
            ],
            [
                606.273,
                618.59
            ],
            [
                620.835,
                631.215
            ],
            [
                638.015,
                648.864
            ],
            [
                651.792,
                661.956
            ],
            [
                665.955,
                682.6
            ],
            [
                684.048,
                685.219
            ],
            [
                688.033,
                698.895
            ],
            [
                703.073,
                708.807
            ],
            [
                712.464,
                720.066
            ],
            [
                721.425,
                728.246
            ],
            [
                728.927,
                732.748
            ],
            [
                744.842,
                749.95
            ],
            [
                753.192,
                754.127
            ],
            [
                762.694,
                763.438
            ],
            [
                767.811,
                769.355
            ]
        ]
    },
    "C": {
        "duration": 151.29500000000007,
        "intervals": [
            [
                3.552,
                4.251
            ],
            [
                45.617,
                46.122
            ],
            [
                140.969,
                150.05300000000003
            ],
            [
                195.92,
                239.981
            ],
            [
                274.992,
                278.293
            ],
            [
                309.3,
                315.52500000000003
            ],
            [
                322.61,
                338.01
            ],
            [
                348.639,
                349.79
            ],
            [
                350.632,
                364.29400000000004
            ],
            [
                395.754,
                400.05
            ],
            [
                418.89,
                423.49899999999997
            ],
            [
                444.069,
                445.588
            ],
            [
                478.648,
                487.606
            ],
            [
                495.065,
                498.033
            ],
            [
                507.904,
                509.96999999999997
            ],
            [
                531.441,
                532.813
            ],
            [
                538.512,
                539.2479999999999
            ],
            [
                543.086,
                552.999
            ],
            [
                566.848,
                570.861
            ],
            [
                579.994,
                582.221
            ],
            [
                620.543,
                620.835
            ],
            [
                631.214,
                638.0150000000001
            ],
            [
                663.488,
                665.955
            ],
            [
                699.258,
                702.6800000000001
            ],
            [
                720.066,
                721.249
            ],
            [
                754.728,
                755.093
            ]
        ]
    },
    "D": {
        "duration": 139.95300000000015,