{
    "A": {
        "duration": 137.2749999999997,
        "intervals": [
            [
                3.569,
                10.459
            ],
            [
                174.039,
                214.694
            ],
            [
                343.531,
                343.577
            ],
            [
                418.998,
                422.707
            ],
            [
                432.145,
                450.35
            ],
            [
                916.903,
                919.53
            ],
            [
                944.882,
                947.3979999999999
            ],
            [
                1115.303,
                1140.49
            ],
            [
                1141.768,
                1179.206
            ],
            [
                1331.034,
                1331.036
            ]
        ]
    },
    "B": {
        "duration": 125.31799999999976,
        "intervals": [
            [
                297.866,
                342.129
            ],
            [
                343.877,
                363.144
            ],
            [
                456.022,
                457.996
            ],
            [
                710.075,
                710.119
            ],
            [
                762.866,
                763.657
            ],
            [
                772.111,
                772.572
            ],
            [
                843.762,
                845.853
            ],
            [
                1037.603,
                1061.393
            ],
            [
                1067.924,
                1090.9109999999998
            ],
            [
                1093.034,
                1096.45
            ],
            [
                1099.72,
                1105.711
            ],
            [
                1141.216,
                1141.4589999999998
            ]
        ]
    },
    "C": {
        "duration": 109.1090000000001,
        "intervals": [
            [
                0.208,
                2.204
            ],
            [
                226.193,
                233.409
            ],
            [
                236.199,
                279.548
            ],
            [
                462.868,
                473.439
            ],
            [
                989.366,
                989.385
            ],
            [
                1185.317,
                1189.323
            ],
            [
                1191.2,
                1233.115
            ],
            [
                1363.556,
                1363.593
            ]
        ]
    },
    "D": {
        "duration": 214.7700000000001,
        "intervals": [
            [
                342.6,
                343.196
            ],
            [
                642.215,
                709.2890000000001
            ],
            [
                710.119,
                762.202
            ],
            [
                772.833,
                843.7610000000001
            ],
            [
                846.479,
                870.568
            ]
        ]
    },
    "E": {
        "duration": 99.69600000000003,
        "intervals": [
            [
                902.725,
                916.903
            ],
            [
                919.736,
                944.212
            ],
            [
                947.816,
                964.01
            ],
            [
                992.812,
                1037.603
            ],
            [
                1343.662,
                1343.719
            ]
        ]
    },
    "F": {
        "duration": 143.1790000000001,
        "intervals": [
            [
                280.209,
                280.282
            ],
            [
                384.026,
                384.161
            ],
            [
                385.268,
                386.71599999999995
            ],
            [
                402.562,
                404.992
            ],
            [
                431.286,
                431.818
            ],
            [
                526.814,
                591.63
            ],
            [
                763.658,
                767.092
            ],
            [
                1238.156,
                1238.191
            ],
            [
                1260.328,
                1330.597
            ],
            [
                1353.62,
                1353.627
            ]
        ]
    },
    "G": {
        "duration": 513.4520000000002,
        "intervals": [
            [
                10.459,
                173.411
            ],
            [
                214.694,
                226.192
            ],
            [
                233.408,
                236.19899999999998
            ],
            [
                280.282,
                297.444
            ],
            [
                363.675,
                383.456
            ],
            [
                384.161,
                384.873
            ],
            [
                386.934,
                402.56100000000004
            ],
            [
                404.992,
                418.512
            ],
            [
                423.024,
                431.286
            ],
            [
                450.865,
                455.592
            ],
            [
                458.423,
                462.868
            ],
            [
                473.685,
                522.9290000000001
            ],
            [
                592.068,
                641.6669999999999
            ],
            [
                767.499,
                771.2570000000001
            ],
            [
                871.184,
                901.9200000000001
            ],
            [
                964.01,
                988.7570000000001
            ],
            [
                989.385,
                992.455
            ],
            [
                1061.394,
                1067.555
            ],
            [
                1090.911,
                1092.4370000000001
            ],
            [
                1096.45,
                1099.499
            ],
            [
                1105.711,
                1114.836
            ],
            [
                1179.206,
                1185.317
            ],
            [
                1189.669,
                1191.2
            ],
            [
                1233.115,
                1237.573
            ],
            [
                1238.191,
                1259.906
            ],
            [
                1331.036,
                1342.8239999999998
            ],
            [
                1343.719,
                1353.284
            ],
            [
                1353.626,
                1363.375
            ],
            [
                1363.593,
                1369.636
            ]
        ]
    }
}