{
    "A": {
        "duration": 44.212,
        "intervals": [
            [
                76.953,
                121.165
            ]
        ]
    },
    "B": {
        "duration": 71.76300000000002,
        "intervals": [
            [
                22.695,
                38.82
            ],
            [
                54.537,
                55.695
            ],
            [
                227.721,
                267.649
            ],
            [
                271.942,
                273.976
            ],
            [
                287.422,
                295.74800000000005
            ],
            [
                450.849,
                454.555
            ],
            [
                539.629,
                540.115
            ]
        ]
    },
    "C": {
        "duration": 136.625,
        "intervals": [
            [
                42.263,
                52.626999999999995
            ],
            [
                58.394,
                60.9
            ],
            [
                133.824,
                135.916
            ],
            [
                286.284,
                287.03999999999996
            ],
            [
                300.308,
                351.256
            ],
            [
                358.408,
                359.97200000000004
            ],
            [
                363.81,
                367.592
            ],
            [
                369.422,
                389.794
            ],
            [
                399.782,
                401.601
            ],
            [
                404.767,
                405.788
            ],
            [
                416.593,
                416.642
            ],
            [
                419.685,
                437.87800000000004
            ],
            [
                439.702,
                446.071
            ],
            [
                475.286,
                479.992
            ],
            [
                487.806,
                491.308
            ],
            [
                496.032,
                502.191
            ],
            [
                516.922,
                519.345
            ]
        ]
    },
    "D": {
        "duration": 213.75699999999972,
        "intervals": [
            [
                0.343,
                20.058
            ],
            [
                67.984,
                74.044
            ],
            [
                122.545,
                133.06099999999998
            ],
            [
                199.262,
                225.809
            ],
            [
                267.896,
                271.94300000000004
            ],
            [
                274.769,
                286.28499999999997
            ],
            [
                296.045,
                300.308
            ],
            [
                351.658,
                358.408
            ],
            [
                360.484,
                363.81
            ],
            [
                367.592,
                369.212
            ],
            [
                389.794,
                399.63399999999996
            ],
            [
                401.601,
                404.34
            ],
            [
                406.004,
                416.25399999999996
            ],
            [
                416.642,
                419.209
            ],
            [
                446.545,
                450.85
            ],
            [
                454.555,
                464.28999999999996
            ],
            [
                467.593,
                475.286
            ],
            [
                480.21,
                487.806
            ],
            [
                491.307,
                496.03200000000004
            ],
            [
                502.192,
                516.577
            ],
            [
                519.563,
                525.448
            ],
            [
                608.575,
                648.252
            ]
        ]
    },
    "E": {
        "duration": 148.80800000000016,
        "intervals": [
            [
                55.694,
                57.819
            ],
            [
                61.128,
                62.065
            ],
            [
                136.78,
                198.90900000000002
            ],
            [
                438.47,
                439.70200000000006
            ],
            [
                464.29,
                467.59200000000004
            ],
            [
                528.702,
                539.325
            ],
            [
                540.115,
                608.575
            ]
        ]
    }
}