{
    "A": {
        "duration": 210.40799999999973,
        "intervals": [
            [
                65.895,
                68.033
            ],
            [
                82.205,
                87.894
            ],
            [
                110.12,
                113.004
            ],
            [
                217.061,
                219.287
            ],
            [
                223.012,
                227.047
            ],
            [
                232.77,
                233.67600000000002
            ],
            [
                238.228,
                242.011
            ],
            [
                270.81,
                275.603
            ],
            [
                368.92,
                369.894
            ],
            [
                386.871,
                390.07
            ],
            [
                1062.318,
                1164.214
            ],
            [
                1684.258,
                1762.1139999999998
            ],
            [
                2097.593,
                2097.622
            ]
        ]
    },
    "B": {
        "duration": 47.5849999999999,
        "intervals": [
            [
                38.234,
                54.125
            ],
            [
                88.558,
                88.58000000000001
            ],
            [
                100.609,
                100.791
            ],
            [
                135.392,
                138.608
            ],
            [
                211.611,
                212.346
            ],
            [
                359.144,
                368.33599999999996
            ],
            [
                370.232,
                384.36199999999997
            ],
            [
                876.629,
                876.634
            ],
            [
                1408.811,
                1410.212
            ],
            [
                1549.716,
                1552.5269999999998
            ]
        ]
    },
    "C": {
        "duration": 157.28500000000025,
        "intervals": [
            [
                61.023,
                62.199000000000005
            ],
            [
                72.407,
                81.962
            ],
            [
                115.837,
                119.001
            ],
            [
                123.949,
                128.792
            ],
            [
                230.276,
                232.77
            ],
            [
                234.023,
                235.99099999999999
            ],
            [
                384.362,
                386.87100000000004
            ],
            [
                781.566,
                783.7230000000001
            ],
            [
                797.408,
                797.999
            ],
            [
                1061.054,
                1061.564
            ],
            [
                1209.234,
                1336.384
            ],
            [
                2089.699,
                2090.867
            ]
        ]
    },
    "D": {
        "duration": 169.9210000000004,
        "intervals": [
            [
                573.554,
                577.047
            ],
            [
                614.123,
                615.5490000000001
            ],
            [
                707.375,
                711.984
            ],
            [
                848.343,
                851.737
            ],
            [
                858.465,
                859.192
            ],
            [
                869.754,
                872.335
            ],
            [
                1010.924,
                1013.28
            ],
            [
                1015.713,
                1018.702
            ],
            [
                1020.737,
                1021.024
            ],
            [
                1036.383,
                1038.497
            ],
            [
                1040.84,
                1048.783
            ],
            [
                1051.799,
                1057.443
            ],
            [
                1174.316,
                1175.195
            ],
            [
                1188.452,
                1190.488
            ],
            [
                1191.679,
                1193.748
            ],
            [
                1201.805,
                1202.9370000000001
            ],
            [
                1339.541,
                1368.1139999999998
            ],
            [
                1370.331,
                1407.318
            ],
            [
                1483.01,
                1490.165
            ],
            [
                1490.437,
                1495.9350000000002
            ],
            [
                1503.19,
                1503.8210000000001
            ],
            [
                1506.848,
                1522.116
            ],
            [
                1672.664,
                1677.1
            ],
            [
                1762.115,
                1786.093
            ],
            [
                2118.003,
                2120.364
            ],
            [
                2138.959,
                2140.314
            ]
        ]
    },
    "E": {
        "duration": 119.03899999999956,
        "intervals": [
            [
                62.2,
                65.271
            ],
            [
                68.675,
                70.17
            ],
            [
                221.905,
                223.012
            ],
            [
                227.934,
                230.276
            ],
            [
                236.603,
                237.81
            ],
            [
                242.46,
                243.624
            ],
            [
                1411.111,
                1483.011
            ],
            [
                2056.912,
                2067.851
            ],
            [
                2072.51,
                2074.398
            ],
            [
                2076.867,
                2077.005
            ],
            [
                2081.271,
                2084.753
            ],
            [
                2091.292,
                2096.4289999999996
            ],
            [
                2099.65,
                2100.998
            ],
            [
                2106.813,
                2115.411
            ],
            [
                2122.367,
                2127.59
            ]
        ]
    },
    "F": {
        "duration": 121.24699999999984,
        "intervals": [
            [
                59.208,
                60.574999999999996
            ],
            [
                71.132,
                71.88000000000001
            ],
            [
                1504.126,
                1506.492
            ],
            [
                1526.533,
                1535.552
            ],
            [
                1538.512,
                1549.715
            ],
            [
                1553.511,
                1563.2479999999998
            ],
            [
                1568.251,
                1570.976
            ],
            [
                1574.255,
                1588.664
            ],
            [
                1591.711,
                1592.722
            ],
            [
                1594.767,
                1604.4550000000002
            ],
            [
                1608.706,
                1615.503
            ],
            [
                1619.457,
                1636.591
            ],
            [
                1639.751,
                1672.664
            ],
            [
                2077.005,
                2079.135
            ]
        ]
    },
    "G": {
        "duration": 59.22900000000004,