{
    "A": {
        "duration": 138.66899999999987,
        "intervals": [
            [
                1085.213,
                1087.646
            ],
            [
                1169.672,
                1172.0430000000001
            ],
            [
                1544.792,
                1586.204
            ],
            [
                1589.497,
                1624.723
            ],
            [
                1628.411,
                1630.832
            ],
            [
                1634.003,
                1675.912
            ],
            [
                1740.071,
                1747.567
            ],
            [
                1763.009,
                1763.392
            ],
            [
                2326.011,
                2328.191
            ],
            [
                2342.076,
                2343.613
            ],
            [
                2357.979,
                2359.2799999999997
            ]
        ]
    },
    "B": {
        "duration": 350.5300000000007,
        "intervals": [
            [
                10.943,
                10.945
            ],
            [
                15.323,
                19.884
            ],
            [
                33.352,
                36.352
            ],
            [
                76.815,
                78.51299999999999
            ],
            [
                80.906,
                84.80900000000001
            ],
            [
                101.68,
                104.46900000000001
            ],
            [
                113.003,
                113.044
            ],
            [
                117.588,
                119.201
            ],
            [
                125.996,
                128.762
            ],
            [
                150.358,
                155.505
            ],
            [
                170.502,
                172.643
            ],
            [
                175.08,
                177.21
            ],
            [
                183.284,
                183.60299999999998
            ],
            [
                190.124,
                192.591
            ],
            [
                201.477,
                202.687
            ],
            [
                247.777,
                249.878
            ],
            [
                324.398,
                326.791
            ],
            [
                335.284,
                345.212
            ],
            [
                348.492,
                351.79400000000004
            ],
            [
                373.412,
                376.433
            ],
            [
                378.473,
                382.156
            ],
            [
                389.473,
                394.809
            ],
            [
                398.49,
                402.679
            ],
            [
                403.569,
                412.456
            ],
            [
                413.819,
                415.355
            ],
            [
                527.987,
                529.8109999999999
            ],
            [
                536.804,
                538.206
            ],
            [
                541.365,
                543.933
            ],
            [
                595.436,
                596.82
            ],
            [
                601.754,
                602.712
            ],
            [
                629.812,
                630.522
            ],
            [
                649.083,
                651.79
            ],
            [
                653.228,
                658.204
            ],
            [
                707.1,
                728.3570000000001
            ],
            [
                736.121,
                742.564
            ],
            [
                756.957,
                759.318
            ],
            [
                765.599,
                778.122
            ],
            [
                783.047,
                795.132
            ],
            [
                845.065,
                851.692
            ],
            [
                1007.47,
                1015.797
            ],
            [
                1020.679,
                1024.951
            ],
            [
                1029.36,
                1032.6789999999999
            ],
            [
                1174.319,
                1178.335
            ],
            [
                1186.193,
                1190.498
            ],
            [
                1199.807,
                1205.555
            ],
            [
                1207.442,
                1209.791
            ],
            [
                1226.338,
                1229.04
            ],
            [
                1493.853,
                1494.393
            ],
            [
                1508.905,
                1510.132
            ],
            [
                1522.992,
                1525.299
            ],
            [
                1676.276,
                1678.6660000000002
            ],
            [
                1696.027,
                1705.393
            ],
            [
                1710.01,
                1733.166
            ],
            [
                1747.567,
                1749.641
            ],
            [
                1766.752,
                1768.433
            ],
            [
                1777.305,
                1780.054
            ],
            [
                1861.797,
                1881.33
            ],
            [
                1933.843,
                1934.3480000000002
            ],
            [
                1936.153,
                1942.221
            ],
            [
                1945.547,
                1957.428
            ],
            [
                1959.375,
                1962.315
            ],
            [
                2004.591,
                2009.925
            ],
            [
                2021.741,
                2033.956
            ],
            [
                2035.209,
                2042.967
            ],
            [
                2046.008,
                2048.998
            ],
            [
                2051.384,
                2066.8140000000003
            ],
            [
                2075.207,
                2076.248
            ],
            [
                2080.267,
                2088.529
            ],
            [
                2090.249,
                2092.1319999999996
            ],
            [
                2096.275,
                2098.2380000000003
            ],
            [
                2102.088,
                2102.4
            ],
            [
                2328.191,
                2333.37
            ],
            [
                2365.742,
                2376.462
            ]
        ]
    },
    "C": {
        "duration": 134.15200000000004,