{
    "A": {
        "duration": 469.53200000000004,
        "intervals": [
            [
                1.932,
                114.056
            ],
            [
                163.397,
                230.613
            ],
            [
                302.169,
                324.95599999999996
            ],
            [
                340.703,
                348.83399999999995
            ],
            [
                372.608,
                382.012
            ],
            [
                430.333,
                436.08500000000004
            ],
            [
                438.895,
                441.472
            ],
            [
                443.429,
                444.51599999999996
            ],
            [
                446.897,
                447.74899999999997
            ],
            [
                451.875,
                502.39500000000004
            ],
            [
                550.167,
                579.201
            ],
            [
                582.616,
                590.759
            ],
            [
                636.992,
                637.5
            ],
            [
                641.193,
                695.3580000000001
            ],
            [
                700.275,
                703.591
            ],
            [
                704.282,
                705.586
            ],
            [
                711.41,
                712.3249999999999
            ],
            [
                747.529,
                782.0169999999999
            ],
            [
                788.009,
                832.923
            ],
            [
                836.983,
                849.278
            ]
        ]
    },
    "B": {
        "duration": 361.05999999999995,
        "intervals": [
            [
                119.315,
                163.397
            ],
            [
                231.611,
                302.16900000000004
            ],
            [
                326.791,
                340.703
            ],
            [
                349.193,
                372.609
            ],
            [
                382.46,
                430.33299999999997
            ],
            [
                436.482,
                438.89500000000004
            ],
            [
                441.82,
                443.43
            ],
            [
                445.078,
                446.239
            ],
            [
                447.749,
                451.875
            ],
            [
                503.417,
                549.889
            ],
            [
                579.371,
                582.111
            ],
            [
                591.634,
                636.993
            ],
            [
                637.777,
                641.1930000000001
            ],
            [
                695.701,
                699.756
            ],
            [
                703.591,
                703.952
            ],
            [
                705.765,
                710.858
            ],
            [
                712.537,
                747.529
            ],
            [
                782.016,
                788.0079999999999
            ],
            [
                833.073,
                836.502
            ]
        ]
    }
}