{
    "A": {
        "duration": 339.89500000000044,
        "intervals": [
            [
                528.512,
                589.594
            ],
            [
                1086.313,
                1173.9869999999999
            ],
            [
                1176.609,
                1187.9340000000002
            ],
            [
                1311.211,
                1311.263
            ],
            [
                1648.456,
                1766.7040000000002
            ],
            [
                1811.624,
                1873.1380000000001
            ]
        ]
    },
    "B": {
        "duration": 164.47799999999938,
        "intervals": [
            [
                2040.537,
                2055.4429999999998
            ],
            [
                2058.505,
                2145.897
            ],
            [
                2171.186,
                2177.288
            ],
            [
                2179.921,
                2223.06
            ],
            [
                2224.943,
                2237.882
            ]
        ]
    },
    "C": {
        "duration": 192.02500000000003,
        "intervals": [
            [
                281.802,
                471.089
            ],
            [
                1173.987,
                1176.6090000000002
            ],
            [
                1437.11,
                1437.2259999999999
            ]
        ]
    },
    "D": {
        "duration": 352.31700000000006,
        "intervals": [
            [
                20.918,
                22.808
            ],
            [
                28.58,
                37.528999999999996
            ],
            [
                48.706,
                51.046
            ],
            [
                53.649,
                56.243
            ],
            [
                57.044,
                60.897
            ],
            [
                61.628,
                63.812
            ],
            [
                66.491,
                70.351
            ],
            [
                73.082,
                75.67399999999999
            ],
            [
                80.484,
                80.80099999999999
            ],
            [
                104.811,
                106.034
            ],
            [
                107.884,
                119.80499999999999
            ],
            [
                126.066,
                129.618
            ],
            [
                130.241,
                132.81
            ],
            [
                138.103,
                143.513
            ],
            [
                145.009,
                162.39
            ],
            [
                165.223,
                165.495
            ],
            [
                167.738,
                175.52
            ],
            [
                184.867,
                189.374
            ],
            [
                196.476,
                196.95
            ],
            [
                197.736,
                200.515
            ],
            [
                206.039,
                207.932
            ],
            [
                212.571,
                212.591
            ],
            [
                225.941,
                230.129
            ],
            [
                244.196,
                249.111
            ],
            [
                254.595,
                256.166
            ],
            [
                259.909,
                272.12800000000004
            ],
            [
                276.073,
                279.495
            ],
            [
                474.144,
                474.995
            ],
            [
                479.893,
                486.807
            ],
            [
                489.13,
                506.822
            ],
            [
                509.898,
                515.001
            ],
            [
                517.364,
                522.4150000000001
            ],
            [
                593.809,
                602.98
            ],
            [
                692.457,
                702.6800000000001
            ],
            [
                704.717,
                706.84
            ],
            [
                711.161,
                714.457
            ],
            [
                717.744,
                727.141
            ],
            [
                731.67,
                731.884
            ],
            [
                734.287,
                737.6650000000001
            ],
            [
                744.199,
                747.917
            ],
            [
                879.069,
                884.8299999999999
            ],
            [
                896.771,
                900.519
            ],
            [
                902.927,
                907.446
            ],
            [
                912.301,
                915.163
            ],
            [
                993.03,
                994.024
            ],
            [
                998.015,
                1002.9209999999999
            ],
            [
                1003.482,
                1007.93
            ],
            [
                1011.992,
                1014.996
            ],
            [
                1019.186,
                1019.7850000000001
            ],
            [
                1030.602,
                1032.2730000000001
            ],
            [
                1034.524,
                1034.5479999999998
            ],
            [
                1038.992,
                1042.05
            ],
            [
                1045.47,
                1046.339
            ],
            [
                1059.107,
                1059.774
            ],
            [
                1065.791,
                1067.35
            ],
            [
                1079.612,
                1079.641
            ],
            [
                1188.672,
                1189.074
            ],
            [
                1199.84,
                1204.904
            ],
            [
                1309.039,
                1310.181
            ],
            [
                1324.34,
                1324.3919999999998
            ],
            [
                1328.348,
                1329.175
            ],
            [
                1463.959,
                1467.786
            ],
            [
                1603.93,
                1606.4930000000002
            ],
            [
                1613.447,
                1617.802
            ],
            [
                1623.886,
                1627.69
            ],
            [
                1628.724,
                1630.9279999999999
            ],
            [
                1636.367,
                1637.7659999999998
            ],
            [
                1638.25,
                1641.171
            ],
            [
                1772.866,
                1775.517
            ],
            [
                1777.991,
                1778.512
            ],
            [
                1782.55,
                1784.1779999999999
            ],
            [
                1796.764,
                1797.2089999999998
            ],
            [
                1800.164,
                1806.309
            ],
            [
                1873.481,
                1882.535
            ],
            [
                1883.829,
                1892.636
            ],
            [
                1897.088,
                1899.681
            ],
            [
                1906.391,
                1917.529
            ],
            [
                1919.437,
                1930.8029999999999
            ],
            [
                1951.331,
                1953.221
            ],
            [
                1965.055,
                1967.068
