{
    "A": {
        "duration": 263.0509999999999,
        "intervals": [
            [
                6.654,
                8.142
            ],
            [
                185.392,
                297.391
            ],
            [
                327.986,
                371.13800000000003
            ],
            [
                413.227,
                414.477
            ],
            [
                695.809,
                696.6379999999999
            ],
            [
                703.146,
                708.9219999999999
            ],
            [
                719.256,
                721.396
            ],
            [
                733.809,
                737.192
            ],
            [
                783.452,
                789.252
            ],
            [
                790.742,
                793.9110000000001
            ],
            [
                797.729,
                798.561
            ],
            [
                800.791,
                815.043
            ],
            [
                822.791,
                832.9060000000001
            ],
            [
                836.352,
                862.992
            ],
            [
                879.917,
                891.8629999999999
            ],
            [
                896.378,
                909.422
            ],
            [
                909.908,
                912.2249999999999
            ],
            [
                1029.831,
                1031.7949999999998
            ],
            [
                1032.116,
                1034.823
            ],
            [
                1057.172,
                1057.42
            ]
        ]
    },
    "B": {
        "duration": 197.28099999999995,
        "intervals": [
            [
                422.793,
                516.859
            ],
            [
                526.792,
                560.3119999999999
            ],
            [
                604.071,
                633.7249999999999
            ],
            [
                681.458,
                695.809
            ],
            [
                700.257,
                702.9340000000001
            ],
            [
                714.106,
                719.256
            ],
            [
                721.751,
                733.8100000000001
            ],
            [
                737.193,
                742.997
            ]
        ]
    },
    "C": {
        "duration": 550.2340000000002,
        "intervals": [
            [
                8.493,
                184.20999999999998
            ],
            [
                297.392,
                327.534
            ],
            [
                371.598,
                412.774
            ],
            [
                414.747,
                422.432
            ],
            [
                517.34,
                526.792
            ],
            [
                560.608,
                603.396
            ],
            [
                634.071,
                681.056
            ],
            [
                696.956,
                700.054
            ],
            [
                708.922,
                714.106
            ],
            [
                742.996,
                783.452
            ],
            [
                815.331,
                822.791
            ],
            [
                833.586,
                836.352
            ],
            [
                862.993,
                879.6500000000001
            ],
            [
                891.862,
                896.206
            ],
            [
                912.225,
                935.4110000000001
            ],
            [
                1034.822,
                1056.234
            ],
            [
                1057.83,
                1068.019
            ],
            [
                1103.304,
                1112.7140000000002
            ],
            [
                1190.153,
                1200.395
            ],
            [
                1248.75,
                1290.635
            ]
        ]
    },
    "D": {
        "duration": 100.00699999999995,
        "intervals": [
            [
                789.583,
                790.584
            ],
            [
                793.911,
                797.253
            ],
            [
                798.89,
                800.792
            ],
            [
                909.897,
                909.909
            ],
            [
                936.09,
                1029.83
            ],
            [
                1032.105,
                1032.115
            ]
        ]
    },
    "E": {
        "duration": 76.54400000000032,
        "intervals": [
            [
                1068.829,
                1102.9940000000001
            ],
            [
                1112.714,
                1155.093
            ]
        ]
    },
    "F": {
        "duration": 86.27799999999993,
        "intervals": [
            [
                1.411,
                4.648
            ],
            [
                1155.467,
                1190.153
            ],
            [
                1200.395,
                1248.75
            ]
        ]
    }
}