{
    "A": {
        "duration": 148.44399999999973,
        "intervals": [
            [
                491.719,
                493.671
            ],
            [
                1317.173,
                1366.402
            ],
            [
                1383.208,
                1424.378
            ],
            [
                1434.329,
                1436.724
            ],
            [
                1771.467,
                1772.029
            ],
            [
                1785.157,
                1785.667
            ],
            [
                1886.99,
                1939.616
            ]
        ]
    },
    "B": {
        "duration": 297.9960000000005,
        "intervals": [
            [
                358.739,
                407.5
            ],
            [
                422.758,
                458.666
            ],
            [
                698.277,
                699.004
            ],
            [
                821.834,
                877.01
            ],
            [
                880.396,
                908.9860000000001
            ],
            [
                1192.17,
                1227.9920000000002
            ],
            [
                1538.193,
                1539.575
            ],
            [
                1569.032,
                1581.191
            ],
            [
                1585.577,
                1589.393
            ],
            [
                1672.373,
                1674.185
            ],
            [
                1677.574,
                1684.363
            ],
            [
                1687.775,
                1693.064
            ],
            [
                1956.899,
                1989.064
            ],
            [
                1991.382,
                2020.982
            ]
        ]
    },
    "C": {
        "duration": 338.5939999999999,
        "intervals": [
            [
                11.411,
                11.959
            ],
            [
                355.904,
                356.505
            ],
            [
                490.858,
                491.719
            ],
            [
                494.763,
                593.941
            ],
            [
                642.433,
                696.045
            ],
            [
                877.011,
                880.192
            ],
            [
                1313.192,
                1313.3
            ],
            [
                1460.467,
                1538.194
            ],
            [
                1540.183,
                1552.942
            ],
            [
                1768.321,
                1770.542
            ],
            [
                1772.668,
                1784.221
            ],
            [
                1786.118,
                1820.7769999999998
            ],
            [
                1823.536,
                1830.269
            ],
            [
                1838.444,
                1873.297
            ]
        ]
    },
    "D": {
        "duration": 213.473,
        "intervals": [
            [
                294.665,
                340.39099999999996
            ],
            [
                699.005,
                789.031
            ],
            [
                933.233,
                978.146
            ],
            [
                980.729,
                997.6519999999999
            ],
            [
                1295.735,
                1304.211
            ],
            [
                1822.068,
                1823.536
            ],
            [
                1830.269,
                1834.133
            ],
            [
                1989.065,
                1991.142
            ]
        ]
    },
    "E": {
        "duration": 156.67100000000016,
        "intervals": [
            [
                932.783,
                932.795
            ],
            [
                1019.753,
                1084.594
            ],
            [
                1106.673,
                1123.285
            ],
            [
                1126.327,
                1130.935
            ],
            [
                1144.795,
                1165.2640000000001
            ],
            [
                1366.403,
                1370.792
            ],
            [
                1431.54,
                1434.012
            ],
            [
                1567.338,
                1567.886
            ],
            [
                1611.259,
                1612.329
            ],
            [
                1762.417,
                1763.543
            ],
            [
                2033.384,
                2053.427
            ],
            [
                2058.343,
                2062.018
            ],
            [
                2066.673,
                2083.479
            ]
        ]
    },
    "F": {
        "duration": 353.1319999999998,