{
    "A": {
        "duration": 394.22099999999944,
        "intervals": [
            [
                44.65,
                60.647
            ],
            [
                62.313,
                67.593
            ],
            [
                70.45,
                82.767
            ],
            [
                84.203,
                85.072
            ],
            [
                87.564,
                91.116
            ],
            [
                96.299,
                99.021
            ],
            [
                323.907,
                399.76
            ],
            [
                403.829,
                403.868
            ],
            [
                406.765,
                412.432
            ],
            [
                415.027,
                457.45700000000005
            ],
            [
                459.687,
                459.957
            ],
            [
                731.023,
                733.47
            ],
            [
                859.101,
                891.0509999999999
            ],
            [
                898.896,
                910.022
            ],
            [
                919.804,
                922.178
            ],
            [
                927.01,
                930.189
            ],
            [
                934.902,
                957.309
            ],
            [
                964.61,
                968.171
            ],
            [
                1084.158,
                1084.926
            ],
            [
                1107.761,
                1109.565
            ],
            [
                1115.986,
                1116.3000000000002
            ],
            [
                1126.737,
                1129.224
            ],
            [
                1209.403,
                1264.3329999999999
            ],
            [
                1267.669,
                1285.514
            ],
            [
                1629.612,
                1660.613
            ],
            [
                1667.312,
                1695.033
            ],
            [
                1698.079,
                1705.9859999999999
            ],
            [
                1743.856,
                1746.192
            ],
            [
                1755.611,
                1755.7160000000001
            ],
            [
                1899.955,
                1904.8809999999999
            ],
            [
                2337.942,
                2337.979
            ]
        ]
    },
    "B": {
        "duration": 185.2959999999997,
        "intervals": [
            [
                266.088,
                274.862
            ],
            [
                277.31,
                280.106
            ],
            [
                287.661,
                294.13599999999997
            ],
            [
                295.937,
                297.253
            ],
            [
                318.951,
                321.637
            ],
            [
                1292.269,
                1293.4470000000001
            ],
            [
                1308.042,
                1310.288
            ],
            [
                1321.913,
                1323.658
            ],
            [
                1331.166,
                1338.223
            ],
            [
                1343.648,
                1347.394
            ],
            [
                1350.154,
                1359.287
            ],
            [
                1362.074,
                1363.988
            ],
            [
                1366.16,
                1371.184
            ],
            [
                1388.321,
                1398.924
            ],
            [
                1411.541,
                1412.2089999999998
            ],
            [
                1419.068,
                1421.992
            ],
            [
                1425.106,
                1425.477
            ],
            [
                1457.529,
                1463.714
            ],
            [
                1473.479,
                1475.9569999999999
            ],
            [
                1730.877,
                1734.61
            ],
            [
                1736.486,
                1742.02
            ],
            [
                1746.191,
                1748.361
            ],
            [
                1766.558,
                1770.445
            ],
            [
                1775.734,
                1781.511
            ],
            [
                1784.859,
                1786.0169999999998
            ],
            [
                1787.456,
                1790.64
            ],
            [
                1792.326,
                1803.1909999999998
            ],
            [
                1806.278,
                1810.663
            ],
            [
                1814.091,
                1816.01
            ],
            [
                1819.449,
                1820.65
            ],
            [
                1853.288,
                1860.924
            ],
            [
                1867.993,
                1875.1960000000001
            ],
            [
                1878.891,
                1887.8709999999999
            ],
            [
                1892.192,
                1899.747
            ],
            [
                1904.88,
                1919.8799999999999
            ],
            [
                1934.597,
                1940.518
            ],
            [
                1967.139,
                1968.589
            ],
            [
                2015.597,
                2019.281
            ],
            [
                2249.363,
                2251.9919999999997
            ],
            [
                2353.215,
                2357.3210000000004
            ]
        ]
    },
    "C": {
        "duration": 320.47,