{
    "A": {
        "duration": 204.97600000000006,
        "intervals": [
            [
                65.213,
                69.257
            ],
            [
                72.212,
                121.94600000000001
            ],
            [
                131.409,
                144.809
            ],
            [
                191.992,
                194.81
            ],
            [
                202.731,
                207.971
            ],
            [
                211.916,
                214.078
            ],
            [
                219.886,
                223.697
            ],
            [
                241.439,
                243.785
            ],
            [
                252.57,
                339.574
            ],
            [
                340.855,
                343.482
            ],
            [
                460.428,
                462.995
            ],
            [
                820.422,
                822.2090000000001
            ],
            [
                823.777,
                847.7139999999999
            ],
            [
                852.361,
                855.86
            ]
        ]
    },
    "B": {
        "duration": 189.38500000000016,
        "intervals": [
            [
                1.836,
                23.666
            ],
            [
                146.078,
                179.736
            ],
            [
                243.785,
                251.331
            ],
            [
                347.252,
                395.206
            ],
            [
                431.026,
                434.123
            ],
            [
                435.427,
                440.952
            ],
            [
                468.516,
                471.007
            ],
            [
                571.399,
                577.479
            ],
            [
                652.592,
                677.224
            ],
            [
                697.537,
                708.436
            ],
            [
                813.436,
                818.7620000000001
            ],
            [
                860.591,
                865.734
            ],
            [
                865.996,
                881.2
            ]
        ]
    },
    "C": {
        "duration": 67.61900000000013,
        "intervals": [
            [
                122.457,
                126.49499999999999
            ],
            [
                396.711,
                431.026
            ],
            [
                434.123,
                435.188
            ],
            [
                440.952,
                460.232
            ],
            [
                486.727,
                487.037
            ],
            [
                632.392,
                636.498
            ],
            [
                639.355,
                642.2040000000001
            ],
            [
                645.173,
                646.8290000000001
            ]
        ]
    },
    "D": {
        "duration": 129.5840000000001,
        "intervals": [
            [
                0.073,
                0.102
            ],
            [
                69.257,
                71.69200000000001
            ],
            [
                126.495,
                131.409
            ],
            [
                184.066,
                191.99200000000002
            ],
            [
                194.81,
                202.42100000000002
            ],
            [
                208.17,
                211.725
            ],
            [
                218.283,
                218.796
            ],
            [
                223.849,
                234.548
            ],
            [
                237.055,
                241.43900000000002
            ],
            [
                462.994,
                466.793
            ],
            [
                471.007,
                481.419
            ],
            [
                484.044,
                485.865
            ],
            [
                487.634,
                506.275
            ],
            [
                509.883,
                520.077
            ],
            [
                528.377,
                548.61
            ],
            [
                567.392,
                570.9910000000001
            ],
            [
                580.573,
                594.442
            ],
            [
                604.814,
                608.05
            ],
            [
                692.702,
                694.411
            ],
            [
                865.735,
                865.74
            ]
        ]
    },
    "E": {
        "duration": 133.29999999999964,
        "intervals": [
            [
                214.328,
                218.012
            ],
            [
                219.08,
                219.887
            ],
            [
                234.91,
                237.055
            ],
            [
                339.711,
                340.855
            ],
            [
                343.482,
                347.252
            ],
            [
                466.793,
                468.278
            ],
            [
                481.418,
                483.56600000000003
            ],
            [
                506.275,
                509.53499999999997
            ],
            [
                520.491,
                528.377
            ],
            [
                548.895,
                567.391
            ],
            [
                594.859,
                604.533
            ],
            [
                608.988,
                632.392
            ],
            [
                637.355,
                639.355
            ],
            [
                642.399,
                645.173
            ],
            [
                647.188,
                652.591
            ],
            [
                679.577,
                692.471
            ],
            [
                694.953,
                697.5369999999999
            ],
            [
                714.739,
                716.001
            ],
            [
                794.797,
                813.4359999999999
            ],
            [
                822.209,
                823.1139999999999
            ],
            [
                847.714,
                851.918
            ],
            [
                855.86,
                860.592
            ]
        ]
    },
    "F": {
        "duration": 36.784000000000006,
        "intervals": [
            [
                26.862,
                63.646
            ]
        ]
    },
    "G": {
        "duration": 80.22500000000002,
        "intervals": [
            [
                716.001,
                794.797
            ],
            [
                818.762,
                820.1909999999999
            ]
        ]
    }
}