{
    "A": {
        "duration": 245.8190000000003,
        "intervals": [
            [
                741.153,
                823.907
            ],
            [
                865.254,
                926.601
            ],
            [
                1320.067,
                1321.712
            ],
            [
                1451.01,
                1453.236
            ],
            [
                1632.275,
                1634.487
            ],
            [
                1662.512,
                1663.546
            ],
            [
                1833.16,
                1895.748
            ],
            [
                1930.087,
                1962.1000000000001
            ]
        ]
    },
    "B": {
        "duration": 52.706999999999894,
        "intervals": [
            [
                0.025,
                3.819
            ],
            [
                618.261,
                618.6419999999999
            ],
            [
                1648.939,
                1649.054
            ],
            [
                2143.716,
                2190.577
            ],
            [
                2294.526,
                2294.7909999999997
            ],
            [
                2388.191,
                2388.9399999999996
            ],
            [
                2654.156,
                2654.698
            ]
        ]
    },
    "C": {
        "duration": 292.5359999999996,
        "intervals": [
            [
                1220.149,
                1220.6029999999998
            ],
            [
                1496.03,
                1576.213
            ],
            [
                1602.376,
                1631.6490000000001
            ],
            [
                1634.487,
                1648.23
            ],
            [
                1650.102,
                1662.1589999999999
            ],
            [
                1663.546,
                1679.3899999999999
            ],
            [
                2265.221,
                2290.731
            ],
            [
                2322.143,
                2365.44
            ],
            [
                2368.84,
                2387.737
            ],
            [
                2389.373,
                2442.651
            ]
        ]
    },
    "D": {
        "duration": 391.44900000000024,
        "intervals": [
            [
                285.037,
                345.791
            ],
            [
                348.192,
                506.787
            ],
            [
                521.6,
                581.99
            ],
            [
                1232.92,
                1235.593
            ],
            [
                1243.272,
                1243.625
            ],
            [
                1253.242,
                1255.93
            ],
            [
                1364.018,
                1366.693
            ],
            [
                1711.201,
                1811.579
            ],
            [
                2365.897,
                2368.84
            ]
        ]
    },
    "E": {
        "duration": 146.01099999999985,
        "intervals": [
            [
                622.077,
                719.6229999999999
            ],
            [
                1967.615,
                1970.205
            ],
            [
                1984.919,
                2017.366
            ],
            [
                2033.125,
                2046.553
            ]
        ]
    },
    "F": {
        "duration": 799.3940000000009,
        "intervals": [
            [
                4.185,
                282.698
            ],
            [
                510.168,
                519.6120000000001
            ],
            [
                585.733,
                617.038
            ],
            [
                723.376,
                739.677
            ],
            [
                827.592,
                862.694
            ],
            [
                930.688,
                982.27
            ],
            [
                1193.132,
                1219.0990000000002
            ],
            [
                1407.1,
                1429.663
            ],
            [
                1481.203,
                1493.7160000000001
            ],
            [
                1586.79,
                1599.774
            ],
            [
                1683.831,
                1709.141
            ],
            [
                1816.472,
                1830.501
            ],
            [
                1899.008,
                1926.5529999999999
            ],
            [
                1964.669,
                1967.615
            ],
            [
                1970.538,
                1980.982
            ],
            [
                2024.811,
                2028.6329999999998
            ],
            [
                2051.117,
                2053.525
            ],
            [
                2133.538,
                2143.005
            ],
            [
                2194.749,
                2262.853
            ],
            [
                2295.316,
                2321.146
            ],
            [
                2443.618,
                2447.408
            ],
            [
                2544.129,
                2653.554
            ]
        ]
    },
    "G": {
        "duration": 304.5239999999999,
        "intervals": [
            [
                983.192,
                1192.991
            ],
            [
                2449.265,
                2543.99
            ]
        ]
    },
    "H": {
        "duration": 292.93799999999936,
        "intervals": [
            [
                346.022,
                348.192
            ],
            [
                1221.114,
                1232.626
            ],
            [
                1235.761,
                1243.272
            ],
            [
                1243.981,
                1252.964
            ],
            [
                1256.295,
                1319.392
            ],
            [
                1321.712,
                1364.0179999999998
            ],
            [
                1366.963,
                1407.1000000000001
            ],
            [
                1431.474,
                1450.7259999999999
            ],
            [
                1453.236,
                1476.3899999999999
            ],
            [
                2055.279,
                2130.095
            ]
        ]
    }
}