{
    "A": {
        "duration": 271.1969999999999,
        "intervals": [
            [
                8.709,
                8.876
            ],
            [
                180.806,
                230.454
            ],
            [
                231.763,
                239.00199999999998
            ],
            [
                244.634,
                253.606
            ],
            [
                255.791,
                267.793
            ],
            [
                385.211,
                390.60900000000004
            ],
            [
                394.274,
                401.885
            ],
            [
                581.654,
                587.096
            ],
            [
                590.05,
                598.8570000000001
            ],
            [
                601.383,
                602.2520000000001
            ],
            [
                604.878,
                701.3919999999999
            ],
            [
                702.611,
                717.3919999999999
            ],
            [
                762.126,
                765.076
            ],
            [
                769.323,
                772.447
            ],
            [
                773.339,
                780.101
            ],
            [
                786.264,
                798.132
            ],
            [
                807.815,
                811.446
            ],
            [
                892.277,
                893.33
            ],
            [
                909.325,
                912.216
            ],
            [
                918.23,
                921.153
            ],
            [
                955.675,
                958.67
            ],
            [
                983.332,
                986.8149999999999
            ],
            [
                1087.452,
                1090.797
            ],
            [
                1138.278,
                1141.209
            ],
            [
                1152.06,
                1157.6789999999999
            ],
            [
                1353.265,
                1353.4370000000001
            ]
        ]
    },
    "B": {
        "duration": 376.9310000000003,
        "intervals": [
            [
                9.403,
                122.41999999999999
            ],
            [
                158.06,
                165.80700000000002
            ],
            [
                174.435,
                180.806
            ],
            [
                239.002,
                244.35000000000002
            ],
            [
                267.793,
                332.312
            ],
            [
                363.592,
                366.881
            ],
            [
                447.641,
                472.95399999999995
            ],
            [
                475.079,
                477.507
            ],
            [
                496.196,
                505.62
            ],
            [
                507.392,
                509.576
            ],
            [
                548.362,
                552.619
            ],
            [
                563.574,
                580.7529999999999
            ],
            [
                587.096,
                590.049
            ],
            [
                599.214,
                600.788
            ],
            [
                602.48,
                603.643
            ],
            [
                721.948,
                746.964
            ],
            [
                812.194,
                818.567
            ],
            [
                819.462,
                826.279
            ],
            [
                849.812,
                851.4780000000001
            ],
            [
                893.33,
                896.908
            ],
            [
                904.505,
                909.324
            ],
            [
                961.208,
                966.1569999999999
            ],
            [
                1299.21,
                1331.592
            ],
            [
                1335.184,
                1352.795
            ],
            [
                1353.437,
                1360.391
            ]
        ]
    },
    "C": {
        "duration": 72.06799999999981,
        "intervals": [
            [
                5.388,
                5.7459999999999996
            ],
            [
                332.708,
                363.593
            ],
            [
                367.288,
                384.72
            ],
            [
                477.507,
                495.18
            ],
            [
                1071.306,
                1074.156
            ],
            [
                1092.167,
                1095.0369999999998
            ]
        ]
    },
    "D": {
        "duration": 179.91200000000003,
        "intervals": [
            [
                6.212,
                8.71
            ],
            [
                123.559,
                157.822
            ],
            [
                230.453,
                231.611
            ],
            [
                253.776,
                255.619
            ],
            [
                390.609,
                394.10699999999997
            ],
            [
                401.885,
                424.555
            ],
            [
                428.296,
                447.64099999999996
            ],
            [
                473.237,
                475.07800000000003
            ],
            [
                701.393,
                702.0060000000001
            ],
            [
                717.392,
                721.6500000000001
            ],
            [
                746.963,
                762.125
            ],
            [
                765.357,
                768.772
            ],
            [
                772.446,
                773.197
            ],
            [
                780.428,
                786.078
            ],
            [
                798.456,
                807.814
            ],
            [
                819.111,
                819.462
            ],
            [
                826.772,
                831.456
            ],
            [
                914.471,
                918.229
            ],
            [
                921.152,
                936.647
            ],
            [
                958.67,
                961.208
            ],
            [
                966.317,
                983.332
            ],
            [
                986.815,
                989.0980000000001
            ],
            [
                1125.593,
                1129.467
            ],
            [
                1331.593,
                1335.184
            ]
        ]
    },
    "E": {
        "duration": 68.25100000000009,
        "intervals": [
            [
                831.598,
                849.4100000000001
            ],
            [
                851.477,
                891.896
            ],
            [
                896.908,
                904.11
            ],
            [
                1256.192,
                1259.01
            ]
        ]
    },
    "F": {
        "duration": 164.38199999999995,