{
    "A": {
        "duration": 144.57600000000082,
        "intervals": [
            [
                182.655,
                184.39000000000001
            ],
            [
                2137.683,
                2138.908
            ],
            [
                2148.35,
                2154.697
            ],
            [
                2160.294,
                2166.6980000000003
            ],
            [
                2169.254,
                2172.013
            ],
            [
                2173.512,
                2185.654
            ],
            [
                2188.522,
                2194.727
            ],
            [
                2219.594,
                2293.918
            ],
            [
                2298.47,
                2299.759
            ],
            [
                2309.804,
                2324.992
            ],
            [
                2345.033,
                2361.991
            ]
        ]
    },
    "B": {
        "duration": 71.70599999999885,
        "intervals": [
            [
                172.193,
                182.655
            ],
            [
                186.254,
                201.13299999999998
            ],
            [
                2154.696,
                2158.017
            ],
            [
                2185.812,
                2186.301
            ],
            [
                2205.922,
                2217.9779999999996
            ],
            [
                2293.918,
                2298.469
            ],
            [
                2300.483,
                2309.02
            ],
            [
                2324.992,
                2342.403
            ]
        ]
    },
    "C": {
        "duration": 49.96299999999937,
        "intervals": [
            [
                171.393,
                171.648
            ],
            [
                186.211,
                186.25500000000002
            ],
            [
                201.341,
                226.613
            ],
            [
                2118.152,
                2118.992
            ],
            [
                2133.98,
                2137.455
            ],
            [
                2139.225,
                2145.6209999999996
            ],
            [
                2166.698,
                2169.2549999999997
            ],
            [
                2173.311,
                2173.326
            ],
            [
                2187.402,
                2188.06
            ],
            [
                2195.124,
                2205.575
            ]
        ]
    },
    "D": {
        "duration": 826.9600000000019,
        "intervals": [
            [
                1.294,
                35.016999999999996
            ],
            [
                35.397,
                49.268
            ],
            [
                51.518,
                58.87
            ],
            [
                62.411,
                72.05
            ],
            [
                77.6,
                86.59599999999999
            ],
            [
                89.751,
                113.835
            ],
            [
                116.211,
                124.418
            ],
            [
                126.716,
                140.02200000000002
            ],
            [
                143.002,
                161.791
            ],
            [
                164.555,
                170.80999999999997
            ],
            [
                228.611,
                240.59699999999998
            ],
            [
                245.084,
                251.978
            ],
            [
                255.791,
                284.30600000000004
            ],
            [
                285.193,
                301.698
            ],
            [
                303.126,
                306.292
            ],
            [
                336.391,
                342.161
            ],
            [
                348.487,
                353.382
            ],
            [
                376.059,
                392.907
            ],
            [
                450.313,
                486.373
            ],
            [
                488.01,
                499.72099999999995
            ],
            [
                568.713,
                572.593
            ],
            [
                577.832,
                612.481
            ],
            [
                615.055,
                659.837
            ],
            [
                676.792,
                679.602
            ],
            [
                705.436,
                737.508
            ],
            [
                741.145,
                766.0500000000001
            ],
            [
                767.676,
                779.886
            ],
            [
                782.271,
                783.7969999999999
            ],
            [
                784.785,
                788.369
            ],
            [
                913.67,
                939.182
            ],
            [
                942.072,
                942.7
            ],
            [
                945.808,
                951.639
            ],
            [
                1003.555,
                1004.262
            ],
            [
                1011.386,
                1013.5260000000001
            ],
            [
                1029.392,
                1031.5230000000001
            ],
            [
                1088.507,
                1090.6380000000001
            ],
            [
                1093.75,
                1097.549
            ],
            [
                1101.338,
                1107.171
            ],
            [
                1109.511,
                1123.382
            ],
            [
                1365.884,
                1404.3780000000002
            ],
            [
                1406.624,
                1427.617
            ],
            [
                1429.648,
                1443.644
            ],
            [
                1446.312,
                1457.208
            ],
            [
                1461.765,
                1469.2410000000002
            ],
            [
                1609.478,
                1624.681
            ],
            [
                1723.834,
                1726.131
            ],
            [
                1728.791,
                1741.36
            ],
            [
                1760.479,
                1771.688
            ],
            [
                1782.879,
                1786.971
            ],
            [
                1821.288,
                1872.057
            ],
            [
                1874.772,
                1897.96
            ],
            [
                1900.857,
                1905.42
            ],
            [
                2009.151,
                2013.701
            ],
            [
                2015.65,
                2038.517
            ],
            [
                2040.449,
                2076.911
            ],
            [
                2077.961,
                2092.4880000000003
            ],
            [
                2094.758,
                2117.994
            ]
        ]
    },
    "E": {
        "duration": 262.87599999999964,