{
    "A": {
        "duration": 242.32499999999993,
        "intervals": [
            [
                370.31,
                370.614
            ],
            [
                795.187,
                795.545
            ],
            [
                1537.625,
                1572.363
            ],
            [
                1726.593,
                1911.422
            ],
            [
                1943.31,
                1965.406
            ]
        ]
    },
    "B": {
        "duration": 363.1420000000001,
        "intervals": [
            [
                248.778,
                253.569
            ],
            [
                263.498,
                265.724
            ],
            [
                979.211,
                980.07
            ],
            [
                1916.192,
                1916.81
            ],
            [
                1996.009,
                2350.657
            ]
        ]
    },
    "C": {
        "duration": 293.865,
        "intervals": [
            [
                94.719,
                219.542
            ],
            [
                281.126,
                333.128
            ],
            [
                496.368,
                613.408
            ]
        ]
    },
    "D": {
        "duration": 274.276000000001,
        "intervals": [
            [
                4.612,
                7.855
            ],
            [
                19.057,
                32.272999999999996
            ],
            [
                39.503,
                40.526
            ],
            [
                60.932,
                64.96300000000001
            ],
            [
                71.791,
                77.324
            ],
            [
                222.224,
                229.61599999999999
            ],
            [
                232.642,
                233.411
            ],
            [
                238.656,
                241.602
            ],
            [
                242.774,
                245.648
            ],
            [
                272.42,
                276.35200000000003
            ],
            [
                336.363,
                341.307
            ],
            [
                341.888,
                348.00899999999996
            ],
            [
                350.202,
                354.451
            ],
            [
                363.871,
                367.445
            ],
            [
                424.752,
                437.918
            ],
            [
                443.516,
                445.398
            ],
            [
                449.899,
                457.39
            ],
            [
                476.159,
                480.728
            ],
            [
                485.231,
                488.179
            ],
            [
                624.184,
                631.6600000000001
            ],
            [
                636.903,
                639.169
            ],
            [
                642.538,
                647.202
            ],
            [
                760.155,
                766.3240000000001
            ],
            [
                768.704,
                777.28
            ],
            [
                780.227,
                783.43
            ],
            [
                787.901,
                790.886
            ],
            [
                910.992,
                919.609
            ],
            [
                982.012,
                983.7529999999999
            ],
            [
                987.032,
                1003.9929999999999
            ],
            [
                1009.419,
                1018.735
            ],
            [
                1027.809,
                1030.4450000000002
            ],
            [
                1107.925,
                1114.4569999999999
            ],
            [
                1122.793,
                1125.108
            ],
            [
                1126.551,
                1130.973
            ],
            [
                1149.366,
                1150.718
            ],
            [
                1305.521,
                1312.416
            ],
            [
                1314.912,
                1320.337
            ],
            [
                1412.171,
                1415.573
            ],
            [
                1420.885,
                1423.221
            ],
            [
                1425.551,
                1429.049
            ],
            [
                1436.049,
                1439.4089999999999
            ],
            [
                1446.221,
                1450.006
            ],
            [
                1455.089,
                1457.234
            ],
            [
                1574.782,
                1574.819
            ],
            [
                1578.245,
                1589.519
            ],
            [
                1601.532,
                1601.954
            ],
            [
                1615.572,
                1618.331
            ],
            [
                1621.566,
                1622.872
            ],
            [
                1632.39,
                1633.8890000000001
            ],
            [
                1643.336,
                1644.726
            ],
            [
                1651.804,
                1653.986
            ],
            [
                1667.056,
                1668.689
            ],
            [
                1686.084,
                1686.442
            ],
            [
                1688.023,
                1691.536
            ],
            [
                1697.47,
                1699.723
            ],
            [
                1705.266,
                1706.442
            ],
            [
                1712.661,
                1714.315
            ],
            [
                1925.022,
                1934.345
            ],
            [
                1937.584,
                1942.015
            ],
            [
                1968.118,
                1983.204
            ]
        ]
    },
    "E": {
        "duration": 375.08199999999994,