{
    "A": {
        "duration": 149.1470000000002,
        "intervals": [
            [
                133.01,
                133.54
            ],
            [
                1237.346,
                1237.392
            ],
            [
                1565.173,
                1599.654
            ],
            [
                1603.749,
                1651.799
            ],
            [
                1654.531,
                1714.797
            ],
            [
                1919.305,
                1919.794
            ],
            [
                2041.941,
                2047.226
            ]
        ]
    },
    "B": {
        "duration": 85.18700000000001,
        "intervals": [
            [
                220.209,
                221.387
            ],
            [
                973.607,
                973.6189999999999
            ],
            [
                1599.654,
                1603.75
            ],
            [
                1901.342,
                1904.104
            ],
            [
                1912.587,
                1915.376
            ],
            [
                1964.012,
                2027.732
            ],
            [
                2047.226,
                2052.081
            ],
            [
                2054.594,
                2060.369
            ]
        ]
    },
    "C": {
        "duration": 812.9969999999998,
        "intervals": [
            [
                9.472,
                132.461
            ],
            [
                221.584,
                375.573
            ],
            [
                532.707,
                552.3100000000001
            ],
            [
                629.503,
                698.6650000000001
            ],
            [
                789.306,
                805.7239999999999
            ],
            [
                834.084,
                835.824
            ],
            [
                910.27,
                972.437
            ],
            [
                978.07,
                982.969
            ],
            [
                1149.841,
                1233.5929999999998
            ],
            [
                1242.478,
                1257.662
            ],
            [
                1259.106,
                1269.558
            ],
            [
                1495.101,
                1563.1309999999999
            ],
            [
                1714.797,
                1759.454
            ],
            [
                1857.192,
                1859.067
            ],
            [
                1928.733,
                1962.763
            ],
            [
                2027.732,
                2041.9409999999998
            ],
            [
                2052.081,
                2054.594
            ],
            [
                2060.932,
                2148.26
            ]
        ]
    },
    "D": {
        "duration": 30.453000000000003,
        "intervals": [
            [
                136.434,
                148.9
            ],
            [
                200.477,
                218.464
            ]
        ]
    },
    "E": {
        "duration": 49.45899999999986,
        "intervals": [
            [
                6.451,
                7.297
            ],
            [
                135.079,
                135.411
            ],
            [
                148.9,
                191.595
            ],
            [
                195.318,
                200.082
            ],
            [
                1257.662,
                1258.484
            ]
        ]
    },
    "F": {
        "duration": 379.8920000000003,
        "intervals": [
            [
                135.592,
                135.60500000000002
            ],
            [
                376.952,
                507.425
            ],
            [
                509.137,
                532.451
            ],
            [
                552.685,
                628.9730000000001
            ],
            [
                1760.064,
                1857.192
            ],
            [
                1859.357,
                1879.756
            ],
            [
                1883.11,
                1901.342
            ],
            [
                1904.644,
                1910.238
            ],
            [
                1910.976,
                1912.1370000000002
            ],
            [
                1915.986,
                1918.7379999999998
            ],
            [
                1923.792,
                1928.33
            ]
        ]
    },
    "G": {
        "duration": 197.78200000000027,
        "intervals": [
            [
                191.992,
                194.94899999999998
            ],
            [
                702.429,
                789.306
            ],
            [
                809.286,
                833.382
            ],
            [
                837.176,
                908.6070000000001
            ],
            [
                976.614,
                978.07
            ],
            [
                1465.05,
                1466.027
            ],
            [
                1651.799,
                1654.357
            ],
            [
                1879.755,
                1882.7920000000001
            ],
            [
                1910.238,
                1910.633
            ],
            [
                1919.795,
                1923.7930000000001
            ]
        ]
    },
    "H": {
        "duration": 166.87199999999984,
        "intervals": [
            [
                982.969,
                1149.841
            ]
        ]
    },
    "I": {
        "duration": 219.17999999999984,
        "intervals": [
            [
                507.776,
                508.652
            ],
            [
                1274.802,
                1464.703
            ],
            [
                1466.699,
                1495.1019999999999
            ]
        ]
    }
}