{
    "A": {
        "duration": 84.14099999999999,
        "intervals": [
            [
                44.974,
                50.586999999999996
            ],
            [
                57.932,
                64.11699999999999
            ],
            [
                90.413,
                123.007
            ],
            [
                138.142,
                177.456
            ],
            [
                187.031,
                187.466
            ]
        ]
    },
    "B": {
        "duration": 289.9340000000001,
        "intervals": [
            [
                7.396,
                10.293
            ],
            [
                14.843,
                16.1
            ],
            [
                20.991,
                23.608
            ],
            [
                25.51,
                30.839
            ],
            [
                35.735,
                40.467999999999996
            ],
            [
                190.159,
                193.02300000000002
            ],
            [
                196.889,
                198.67100000000002
            ],
            [
                203.583,
                214.95700000000002
            ],
            [
                217.434,
                222.048
            ],
            [
                224.758,
                224.78300000000002
            ],
            [
                226.589,
                228.314
            ],
            [
                229.967,
                241.79
            ],
            [
                299.938,
                303.80899999999997
            ],
            [
                345.624,
                348.415
            ],
            [
                358.869,
                367.759
            ],
            [
                371.667,
                391.245
            ],
            [
                392.897,
                403.483
            ],
            [
                407.251,
                407.50199999999995
            ],
            [
                409.708,
                411.50300000000004
            ],
            [
                417.28,
                419.352
            ],
            [
                435.873,
                440.186
            ],
            [
                459.076,
                460.18
            ],
            [
                461.552,
                465.68600000000004
            ],
            [
                577.712,
                583.706
            ],
            [
                584.037,
                586.98
            ],
            [
                599.049,
                601.361
            ],
            [
                608.087,
                612.554
            ],
            [
                613.975,
                616.447
            ],
            [
                618.712,
                623.538
            ],
            [
                626.086,
                628.437
            ],
            [
                639.799,
                641.9979999999999
            ],
            [
                644.234,
                650.044
            ],
            [
                682.452,
                683.925
            ],
            [
                711.197,
                711.199
            ],
            [
                970.056,
                977.065
            ],
            [
                982.562,
                989.231
            ],
            [
                994.41,
                1013.6800000000001
            ],
            [
                1016.261,
                1019.4689999999999
            ],
            [
                1022.2,
                1026.741
            ],
            [
                1035.043,
                1061.174
            ],
            [
                1065.022,
                1074.895
            ],
            [
                1088.044,
                1091.8380000000002
            ],
            [
                1197.593,
                1197.9
            ],
            [
                1403.244,
                1405.1139999999998
            ],
            [
                1408.679,
                1411.9950000000001
            ],
            [
                1414.118,
                1417.299
            ],
            [
                1424.765,
                1426.247
            ],
            [
                1455.406,
                1458.1799999999998
            ],
            [
                1469.072,
                1478.768
            ],
            [
                1480.709,
                1484.256
            ],
            [
                1486.816,
                1499.008
            ],
            [
                1502.957,
                1507.0
            ],
            [
                1509.136,
                1526.291
            ],
            [
                1587.512,
                1592.114
            ]
        ]
    },
    "C": {
        "duration": 163.80200000000002,
        "intervals": [
            [
                225.678,
                226.002
            ],
            [
                470.686,
                507.562
            ],
            [
                511.009,
                522.452
            ],
            [
                529.033,
                534.149
            ],
            [
                694.472,
                704.393
            ],
            [
                746.579,
                798.994
            ],
            [
                857.147,
                859.8000000000001
            ],
            [
                879.825,
                884.5920000000001
            ],
            [
                898.111,
                904.812
            ],
            [
                1215.073,
                1219.5700000000002
            ],
            [
                1228.294,
                1243.3899999999999
            ],
            [
                1267.962,
                1275.76
            ],
            [
                1360.679,
                1362.294
            ],
            [
                1431.068,
                1435.648
            ]
        ]
    },
    "D": {
        "duration": 266.97500000000093,