{
    "A": {
        "duration": 126.36599999999993,
        "intervals": [
            [
                7.423,
                8.25
            ],
            [
                46.718,
                47.509
            ],
            [
                987.998,
                988.995
            ],
            [
                1362.52,
                1365.558
            ],
            [
                1369.351,
                1369.9750000000001
            ],
            [
                1373.392,
                1378.4679999999998
            ],
            [
                1452.705,
                1452.739
            ],
            [
                1523.863,
                1532.595
            ],
            [
                1533.001,
                1625.993
            ],
            [
                1781.197,
                1792.1200000000001
            ],
            [
                1904.393,
                1905.915
            ],
            [
                1977.62,
                1978.4299999999998
            ]
        ]
    },
    "B": {
        "duration": 635.6400000000001,
        "intervals": [
            [
                32.26,
                45.412
            ],
            [
                48.335,
                54.553000000000004
            ],
            [
                60.428,
                88.603
            ],
            [
                95.016,
                97.507
            ],
            [
                100.646,
                103.508
            ],
            [
                107.204,
                108.99199999999999
            ],
            [
                113.569,
                115.108
            ],
            [
                116.343,
                122.72200000000001
            ],
            [
                304.459,
                305.338
            ],
            [
                312.012,
                331.654
            ],
            [
                338.19,
                344.355
            ],
            [
                347.527,
                358.369
            ],
            [
                359.343,
                364.416
            ],
            [
                367.791,
                376.43399999999997
            ],
            [
                378.827,
                385.24899999999997
            ],
            [
                387.858,
                388.513
            ],
            [
                393.15,
                393.44199999999995
            ],
            [
                397.492,
                405.026
            ],
            [
                411.014,
                418.313
            ],
            [
                423.765,
                449.43699999999995
            ],
            [
                453.728,
                467.996
            ],
            [
                473.0,
                474.228
            ],
            [
                477.281,
                477.46
            ],
            [
                480.514,
                512.853
            ],
            [
                517.398,
                526.399
            ],
            [
                527.541,
                532.668
            ],
            [
                534.634,
                540.716
            ],
            [
                544.506,
                548.173
            ],
            [
                551.426,
                573.4530000000001
            ],
            [
                574.391,
                581.172
            ],
            [
                682.712,
                708.61
            ],
            [
                709.98,
                715.615
            ],
            [
                737.512,
                745.807
            ],
            [
                752.23,
                757.284
            ],
            [
                758.087,
                785.398
            ],
            [
                789.353,
                806.744
            ],
            [
                807.697,
                811.0500000000001
            ],
            [
                812.762,
                814.077
            ],
            [
                816.991,
                839.928
            ],
            [
                841.784,
                870.011
            ],
            [
                938.01,
                948.985
            ],
            [
                950.932,
                953.192
            ],
            [
                954.99,
                958.345
            ],
            [
                959.351,
                962.952
            ],
            [
                965.554,
                970.115
            ],
            [
                972.386,
                977.504
            ],
            [
                1013.102,
                1019.164
            ],
            [
                1036.01,
                1039.314
            ],
            [
                1051.289,
                1057.231
            ],
            [
                1074.865,
                1075.172
            ],
            [
                1107.957,
                1111.207
            ],
            [
                1118.392,
                1123.053
            ],
            [
                1129.864,
                1130.799
            ],
            [
                1136.757,
                1157.588
            ],
            [
                1159.856,
                1167.806
            ],
            [
                1169.53,
                1176.4119999999998
            ],
            [
                1179.082,
                1189.625
            ],
            [
                1195.827,
                1197.513
            ],
            [
                1202.47,
                1211.6390000000001
            ],
            [
                1441.108,
                1443.197
            ],
            [
                1443.489,
                1445.5430000000001
            ],
            [
                1449.704,
                1451.395
            ],
            [
                1458.716,
                1460.029
            ],
            [
                1468.247,
                1468.593
            ],
            [
                1477.104,
                1481.6029999999998
            ],
            [
                1488.355,
                1489.661
            ],
            [
                1634.18,
                1643.797
            ],
            [
                1644.182,
                1669.892
            ],
            [
                1682.335,
                1690.7930000000001
            ],
            [
                1707.225,
                1708.52
            ],
            [
                1711.852,
                1735.877
            ],
            [
                1738.268,
                1746.098
            ],
            [
                1855.232,
                1863.138
            ],
            [
                1866.017,
                1873.3090000000002
            ],
            [
                1876.156,
                1876.838
            ],
            [
                1906.403,
                1911.2930000000001
            ],
            [
                1947.638,
                1948.9309999999998
            ],
            [
                1968.933,
                1971.301
            ],
            [
                1974.598,
                1976.345
            ]
        ]
    },
    "C": {
        "duration": 117.73199999999997,
        "intervals": [
            [
                139.781,
                172.446
            ],
            [
                191.594,
                207.237
            ],
            [
                209.507,
                235.391
            ],
            [
                250.778,
                294.318
            ]
        ]
    },
    "D": {
        "duration": 113.53499999999981,