{
    "A": {
        "duration": 258.3019999999998,
        "intervals": [
            [
                382.934,
                383.04400000000004
            ],
            [
                452.507,
                452.748
            ],
            [
                1371.657,
                1558.2459999999999
            ],
            [
                1574.556,
                1632.0339999999999
            ],
            [
                1917.689,
                1920.018
            ],
            [
                1990.793,
                1993.866
            ],
            [
                2299.053,
                2299.5119999999997
            ],
            [
                2314.923,
                2318.67
            ],
            [
                2322.991,
                2323.276
            ],
            [
                2339.844,
                2342.186
            ],
            [
                2612.67,
                2614.319
            ]
        ]
    },
    "B": {
        "duration": 526.6019999999995,
        "intervals": [
            [
                914.169,
                915.831
            ],
            [
                932.634,
                932.946
            ],
            [
                940.052,
                940.388
            ],
            [
                1084.288,
                1113.107
            ],
            [
                1115.211,
                1327.683
            ],
            [
                1880.383,
                1917.428
            ],
            [
                1920.017,
                1930.4499999999998
            ],
            [
                1935.338,
                1949.898
            ],
            [
                1958.121,
                1958.612
            ],
            [
                1961.103,
                1962.5220000000002
            ],
            [
                1963.192,
                1968.299
            ],
            [
                1969.407,
                1977.76
            ],
            [
                2001.962,
                2008.334
            ],
            [
                2290.79,
                2293.009
            ],
            [
                2306.045,
                2307.5499999999997
            ],
            [
                2308.433,
                2311.199
            ],
            [
                2389.541,
                2575.991
            ],
            [
                2577.859,
                2581.2709999999997
            ],
            [
                2674.352,
                2677.221
            ]
        ]
    },
    "C": {
        "duration": 363.6360000000004,
        "intervals": [
            [
                5.955,
                15.484
            ],
            [
                20.859,
                27.682
            ],
            [
                30.297,
                42.878
            ],
            [
                49.766,
                51.739999999999995
            ],
            [
                239.379,
                267.084
            ],
            [
                268.991,
                274.692
            ],
            [
                279.825,
                281.131
            ],
            [
                355.047,
                362.539
            ],
            [
                431.985,
                436.463
            ],
            [
                495.192,
                497.359
            ],
            [
                502.924,
                514.919
            ],
            [
                786.741,
                789.529
            ],
            [
                792.053,
                798.485
            ],
            [
                894.564,
                901.2009999999999
            ],
            [
                902.615,
                905.212
            ],
            [
                909.034,
                914.17
            ],
            [
                916.367,
                926.0899999999999
            ],
            [
                929.357,
                932.1500000000001
            ],
            [
                933.279,
                939.755
            ],
            [
                944.089,
                951.259
            ],
            [
                954.862,
                964.5210000000001
            ],
            [
                970.858,
                981.445
            ],
            [
                984.403,
                988.713
            ],
            [
                990.554,
                998.3520000000001
            ],
            [
                1001.675,
                1008.333
            ],
            [
                1012.328,
                1018.516
            ],
            [
                1021.241,
                1045.533
            ],
            [
                1050.791,
                1059.608
            ],
            [
                1061.836,
                1069.061
            ],
            [
                1073.955,
                1078.8609999999999
            ],
            [
                1334.882,
                1337.144
            ],
            [
                1339.306,
                1353.8429999999998
            ],
            [
                1356.657,
                1357.941
            ],
            [
                1361.531,
                1366.8139999999999
            ],
            [
                1559.037,
                1563.63
            ],
            [
                1569.451,
                1570.118
            ],
            [
                1634.064,
                1637.6380000000001
            ],
            [
                1644.97,
                1652.3020000000001
            ],
            [
                1654.737,
                1656.6390000000001
            ],
            [
                1664.677,
                1666.448
            ],
            [
                1782.451,
                1788.975
            ],
            [
                2053.181,
                2063.026
            ],
            [
                2066.47,
                2073.851
            ],
            [
                2077.534,
                2079.362
            ],
            [
                2083.22,
                2085.2079999999996
            ],
            [
                2087.659,
                2098.936
            ],
            [
                2295.095,
                2298.359
            ],
            [
                2300.388,
                2302.837
            ],
            [
                2320.373,
                2322.9900000000002
            ],
            [
                2324.19,
                2324.317
            ],
            [
                2367.088,
                2375.603
            ],
            [
                2376.1,
                2384.235
            ],
            [
                2576.281,
                2576.681
            ],
            [
                2581.821,
                2586.22
            ],
            [
                2667.392,
                2674.3509999999997
            ],
            [
                2678.292,
                2678.299
            ],
            [
                2682.086,
                2694.859
            ]
        ]
    },
    "D": {
        "duration": 184.64699999999993,
        "intervals": [
            [
                1679.721,
                1774.306
            ],
            [
                1794.246,
                1837.7379999999998
            ],
            [
                1854.009,
                1862.401
            ],
            [
                1978.881,
                1990.7930000000001
            ],
            [
                2019.732,
                2045.998
            ]
        ]
    },
    "E": {
        "duration": 260.26200000000046,