{
    "A": {
        "duration": 53.19900000000005,
        "intervals": [
            [
                52.129,
                100.277
            ],
            [
                382.853,
                383.67
            ],
            [
                595.379,
                598.599
            ],
            [
                695.331,
                695.528
            ],
            [
                793.773,
                794.59
            ]
        ]
    },
    "B": {
        "duration": 155.0849999999999,
        "intervals": [
            [
                1.497,
                49.859
            ],
            [
                109.792,
                113.505
            ],
            [
                148.21,
                157.42000000000002
            ],
            [
                158.507,
                177.831
            ],
            [
                180.964,
                193.32999999999998
            ],
            [
                196.238,
                202.603
            ],
            [
                205.732,
                208.763
            ],
            [
                212.401,
                214.109
            ],
            [
                277.182,
                278.07800000000003
            ],
            [
                291.347,
                292.78499999999997
            ],
            [
                375.464,
                380.98199999999997
            ],
            [
                462.864,
                464.335
            ],
            [
                468.426,
                471.626
            ],
            [
                681.267,
                681.3480000000001
            ],
            [
                689.896,
                692.5500000000001
            ],
            [
                741.854,
                756.712
            ],
            [
                759.75,
                761.117
            ],
            [
                762.591,
                764.189
            ],
            [
                849.192,
                850.223
            ],
            [
                944.225,
                946.151
            ],
            [
                948.824,
                963.792
            ]
        ]
    },
    "C": {
        "duration": 72.51600000000003,
        "intervals": [
            [
                114.661,
                119.425
            ],
            [
                178.878,
                180.08499999999998
            ],
            [
                203.87,
                205.254
            ],
            [
                219.659,
                269.661
            ],
            [
                297.412,
                303.129
            ],
            [
                327.186,
                327.20099999999996
            ],
            [
                525.003,
                528.211
            ],
            [
                759.699,
                759.75
            ],
            [
                776.11,
                778.491
            ],
            [
                798.007,
                801.794
            ]
        ]
    },
    "D": {
        "duration": 70.26399999999995,
        "intervals": [
            [
                385.751,
                449.439
            ],
            [
                886.717,
                888.9929999999999
            ],
            [
                934.926,
                939.226
            ]
        ]
    },
    "E": {
        "duration": 157.53899999999993,
        "intervals": [
            [
                119.998,
                120.452
            ],
            [
                129.192,
                131.011
            ],
            [
                133.451,
                134.749
            ],
            [
                138.765,
                140.593
            ],
            [
                471.626,
                478.604
            ],
            [
                480.735,
                497.36699999999996
            ],
            [
                502.792,
                507.205
            ],
            [
                532.491,
                541.8009999999999
            ],
            [
                545.41,
                592.399
            ],
            [
                598.598,
                603.4409999999999
            ],
            [
                608.757,
                613.654
            ],
            [
                624.269,
                635.625
            ],
            [
                639.881,
                671.61
            ],
            [
                863.438,
                870.617
            ],
            [
                888.994,
                894.679
            ],
            [
                903.309,
                904.365
            ],
            [
                907.519,
                908.592
            ]
        ]
    },
    "F": {
        "duration": 63.03699999999988,
        "intervals": [
            [
                120.452,
                121.292
            ],
            [
                123.081,
                128.386
            ],
            [
                131.379,
                133.451
            ],
            [
                141.148,
                143.581
            ],
            [
                478.604,
                480.51599999999996
            ],
            [
                635.626,
                639.371
            ],
            [
                696.227,
                733.069
            ],
            [
                768.16,
                770.728
            ],
            [
                801.794,
                805.4639999999999
            ],
            [
                821.197,
                824.847
            ]
        ]
    },
    "G": {
        "duration": 327.34600000000023,