{
    "A": {
        "duration": 343.5410000000005,
        "intervals": [
            [
                139.555,
                204.792
            ],
            [
                604.792,
                653.69
            ],
            [
                737.897,
                779.807
            ],
            [
                864.987,
                873.04
            ],
            [
                884.1,
                887.202
            ],
            [
                1225.733,
                1236.782
            ],
            [
                1240.748,
                1244.044
            ],
            [
                1247.43,
                1251.932
            ],
            [
                1254.926,
                1265.819
            ],
            [
                1273.592,
                1277.2350000000001
            ],
            [
                1326.289,
                1336.33
            ],
            [
                1342.285,
                1346.864
            ],
            [
                1450.891,
                1464.016
            ],
            [
                1464.392,
                1485.0970000000002
            ],
            [
                1492.918,
                1501.105
            ],
            [
                1505.316,
                1519.83
            ],
            [
                1582.883,
                1596.527
            ],
            [
                1664.344,
                1667.962
            ],
            [
                1673.229,
                1675.998
            ],
            [
                1825.072,
                1827.443
            ],
            [
                1839.917,
                1841.859
            ],
            [
                1847.431,
                1848.163
            ],
            [
                1867.524,
                1873.024
            ],
            [
                1945.04,
                1972.809
            ],
            [
                2096.997,
                2106.992
            ],
            [
                2119.993,
                2123.46
            ]
        ]
    },
    "B": {
        "duration": 306.6129999999999,
        "intervals": [
            [
                5.658,
                32.444
            ],
            [
                33.991,
                102.19800000000001
            ],
            [
                104.399,
                137.656
            ],
            [
                204.792,
                212.73499999999999
            ],
            [
                282.477,
                299.90500000000003
            ],
            [
                372.983,
                378.334
            ],
            [
                448.151,
                456.331
            ],
            [
                459.098,
                469.37
            ],
            [
                474.449,
                484.833
            ],
            [
                487.64,
                506.02099999999996
            ],
            [
                579.44,
                582.778
            ],
            [
                587.798,
                603.462
            ],
            [
                660.022,
                663.49
            ],
            [
                788.032,
                790.678
            ],
            [
                791.039,
                792.413
            ],
            [
                894.223,
                898.01
            ],
            [
                980.64,
                983.782
            ],
            [
                1055.082,
                1057.3470000000002
            ],
            [
                1060.001,
                1061.191
            ],
            [
                1063.459,
                1063.847
            ],
            [
                1119.423,
                1121.289
            ],
            [
                1187.209,
                1190.643
            ],
            [
                1201.08,
                1209.5819999999999
            ],
            [
                1223.578,
                1225.277
            ],
            [
                1351.478,
                1359.009
            ],
            [
                1449.298,
                1450.43
            ],
            [
                1609.014,
                1611.991
            ],
            [
                1661.212,
                1662.029
            ],
            [
                1878.614,
                1883.9470000000001
            ],
            [
                1888.124,
                1889.106
            ],
            [
                1939.344,
                1943.143
            ],
            [
                1980.641,
                1984.5140000000001
            ],
            [
                1986.716,
                1989.2869999999998
            ],
            [
                2048.011,
                2049.381
            ],
            [
                2091.818,
                2096.998
            ],
            [
                2142.698,
                2154.73
            ],
            [
                2157.614,
                2157.678
            ]
        ]
    },
    "C": {
        "duration": 248.00600000000003,
        "intervals": [
            [
                213.627,
                278.09400000000005
            ],
            [
                664.494,
                680.8149999999999
            ],
            [
                683.93,
                732.455
            ],
            [
                985.537,
                1052.8380000000002
            ],
            [
                1545.089,
                1577.5919999999999
            ],
            [
                1612.317,
                1631.206
            ]
        ]
    },
    "D": {
        "duration": 266.9850000000004,
        "intervals": [
            [
                378.84,
                443.524
            ],
            [
                793.199,
                864.6519999999999
            ],
            [
                1236.782,
                1240.7479999999998
            ],
            [
                1244.044,
                1247.103
            ],
            [
                1251.933,
                1254.549
            ],
            [
                1277.235,
                1280.4209999999998
            ],
            [
                1464.271,
                1464.393
            ],
            [
                1745.808,
                1825.0720000000001
            ],
            [
                1827.733,
                1839.439
            ],
            [
                1841.859,
                1847.133
            ],
            [
                1848.164,
                1867.5240000000001
            ],
            [
                1873.024,
                1874.4479999999999
            ],
            [
                2138.078,
                2138.949
            ]
        ]
    },
    "E": {
        "duration": 364.31700000000046,