{
    "A": {
        "duration": 314.9120000000005,
        "intervals": [
            [
                0.01,
                14.253
            ],
            [
                15.653,
                18.493000000000002
            ],
            [
                22.545,
                25.802000000000003
            ],
            [
                38.828,
                39.842
            ],
            [
                50.448,
                52.514
            ],
            [
                55.855,
                57.062999999999995
            ],
            [
                70.183,
                72.144
            ],
            [
                76.764,
                79.993
            ],
            [
                98.726,
                99.199
            ],
            [
                107.393,
                111.625
            ],
            [
                115.391,
                118.557
            ],
            [
                126.591,
                132.15300000000002
            ],
            [
                147.096,
                151.458
            ],
            [
                158.043,
                161.25799999999998
            ],
            [
                251.972,
                255.38500000000002
            ],
            [
                262.536,
                264.203
            ],
            [
                267.621,
                269.36899999999997
            ],
            [
                326.909,
                331.87399999999997
            ],
            [
                333.663,
                342.52599999999995
            ],
            [
                344.736,
                348.082
            ],
            [
                356.179,
                358.30699999999996
            ],
            [
                365.05,
                366.992
            ],
            [
                383.201,
                384.559
            ],
            [
                399.372,
                402.675
            ],
            [
                404.598,
                406.01
            ],
            [
                414.595,
                417.098
            ],
            [
                421.092,
                424.858
            ],
            [
                433.392,
                436.03
            ],
            [
                440.792,
                442.47799999999995
            ],
            [
                468.641,
                469.87100000000004
            ],
            [
                482.09,
                482.46299999999997
            ],
            [
                500.045,
                502.692
            ],
            [
                520.211,
                524.639
            ],
            [
                717.679,
                732.996
            ],
            [
                736.106,
                739.145
            ],
            [
                751.155,
                754.1129999999999
            ],
            [
                882.392,
                901.484
            ],
            [
                917.47,
                919.318
            ],
            [
                947.676,
                948.1890000000001
            ],
            [
                1022.774,
                1023.592
            ],
            [
                1069.843,
                1092.4170000000001
            ],
            [
                1244.43,
                1246.7620000000002
            ],
            [
                1383.056,
                1398.16
            ],
            [
                1403.33,
                1406.683
            ],
            [
                1411.472,
                1415.9379999999999
            ],
            [
                1572.716,
                1589.764
            ],
            [
                1594.298,
                1607.751
            ],
            [
                1726.726,
                1731.2240000000002
            ],
            [
                1837.406,
                1845.7920000000001
            ],
            [
                1956.202,
                1957.535
            ],
            [
                1960.011,
                1974.2160000000001
            ],
            [
                2064.999,
                2070.362
            ],
            [
                2078.853,
                2104.2639999999997
            ],
            [
                2108.984,
                2113.593
            ],
            [
                2123.695,
                2124.503
            ],
            [
                2127.824,
                2136.794
            ],
            [
                2142.475,
                2142.821
            ],
            [
                2160.14,
                2166.3630000000003
            ],
            [
                2169.99,
                2178.591
            ]
        ]
    },
    "B": {
        "duration": 375.46399999999926,