{
    "A": {
        "duration": 475.04999999999995,
        "intervals": [
            [
                0.01,
                45.211999999999996
            ],
            [
                47.672,
                110.042
            ],
            [
                118.52,
                121.097
            ],
            [
                125.894,
                157.793
            ],
            [
                161.806,
                195.363
            ],
            [
                200.333,
                341.445
            ],
            [
                344.545,
                376.222
            ],
            [
                381.009,
                408.392
            ],
            [
                439.209,
                443.86
            ],
            [
                453.446,
                492.604
            ],
            [
                495.222,
                506.813
            ],
            [
                582.724,
                585.2520000000001
            ],
            [
                588.209,
                629.554
            ]
        ]
    },
    "B": {
        "duration": 145.49899999999994,
        "intervals": [
            [
                45.559,
                47.336
            ],
            [
                110.042,
                118.52
            ],
            [
                121.097,
                125.895
            ],
            [
                158.023,
                161.80599999999998
            ],
            [
                195.556,
                200.333
            ],
            [
                342.38,
                343.26099999999997
            ],
            [
                376.221,
                381.008
            ],
            [
                409.322,
                439.209
            ],
            [
                443.86,
                453.446
            ],
            [
                492.603,
                495.22200000000004
            ],
            [
                510.216,
                581.386
            ],
            [
                585.252,
                588.208
            ]
        ]
    }
}