{
    "A": {
        "duration": 287.3969999999999,
        "intervals": [
            [
                0.01,
                28.991999999999997
            ],
            [
                30.139,
                91.398
            ],
            [
                91.852,
                108.596
            ],
            [
                109.348,
                113.17099999999999
            ],
            [
                116.903,
                149.262
            ],
            [
                152.834,
                163.322
            ],
            [
                164.882,
                167.454
            ],
            [
                169.923,
                188.62
            ],
            [
                192.822,
                195.26100000000002
            ],
            [
                196.867,
                199.76399999999998
            ],
            [
                274.199,
                298.34
            ],
            [
                384.833,
                388.355
            ],
            [
                394.487,
                397.04
            ],
            [
                424.889,
                434.17
            ],
            [
                471.891,
                474.446
            ],
            [
                477.596,
                486.091
            ],
            [
                488.396,
                493.339
            ],
            [
                498.081,
                499.428
            ],
            [
                537.226,
                539.892
            ],
            [
                573.797,
                577.2950000000001
            ],
            [
                679.821,
                704.99
            ],
            [
                706.671,
                710.8779999999999
            ],
            [
                740.721,
                741.109
            ],
            [
                748.167,
                749.979
            ],
            [
                751.692,
                759.6990000000001
            ],
            [
                776.378,
                780.9309999999999
            ]
        ]
    },
    "B": {
        "duration": 202.5009999999997,
        "intervals": [
            [
                164.02,
                164.882
            ],
            [
                199.765,
                217.291
            ],
            [
                223.805,
                249.09900000000002
            ],
            [
                320.456,
                326.485
            ],
            [
                339.314,
                344.67600000000004
            ],
            [
                352.075,
                363.147
            ],
            [
                392.756,
                394.21099999999996
            ],
            [
                399.425,
                399.44
            ],
            [
                437.268,
                443.89
            ],
            [
                464.01,
                464.02
            ],
            [
                503.553,
                505.129
            ],
            [
                562.174,
                565.733
            ],
            [
                578.114,
                580.3919999999999
            ],
            [
                588.867,
                592.9509999999999
            ],
            [
                599.994,
                613.3000000000001
            ],
            [
                623.469,
                624.714
            ],
            [
                629.785,
                632.136
            ],
            [
                639.174,
                640.0699999999999
            ],
            [
                645.033,
                650.202
            ],
            [
                658.505,
                664.5409999999999
            ],
            [
                713.595,
                740.722
            ],
            [
                741.604,
                748.167
            ],
            [
                768.202,
                775.954
            ],
            [
                814.421,
                860.7330000000001
            ]
        ]
    },
    "C": {
        "duration": 335.6650000000002,
        "intervals": [
            [
                29.643,
                29.918
            ],
            [
                91.398,
                91.447
            ],
            [
                109.019,
                109.348
            ],
            [
                114.411,
                116.57300000000001
            ],
            [
                149.263,
                149.619
            ],
            [
                167.888,
                168.376
            ],
            [
                189.81,
                192.05599999999998
            ],
            [
                195.404,
                196.46
            ],
            [
                217.291,
                223.805
            ],
            [
                249.099,
                273.976
            ],
            [
                298.892,
                319.997
            ],
            [
                326.486,
                339.024
            ],
            [
                344.933,
                352.075
            ],
            [
                363.147,
                384.83299999999997
            ],
            [
                388.355,
                392.75600000000003
            ],
            [
                397.04,
                399.05100000000004
            ],
            [
                399.44,
                424.036
            ],
            [
                436.01,
                436.39099999999996
            ],
            [
                443.89,
                463.806
            ],
            [
                464.02,
                471.41499999999996
            ],
            [
                474.645,
                477.19
            ],
            [
                486.815,
                487.79
            ],
            [
                493.55,
                497.86
            ],
            [
                500.313,
                502.59000000000003
            ],
            [
                505.403,
                537.226
            ],
            [
                539.892,
                562.174
            ],
            [
                565.733,
                573.138
            ],
            [
                581.783,
                588.867
            ],
            [
                592.95,
                599.994
            ],
            [
                613.3,
                623.4689999999999
            ],
            [
                624.993,
                629.1930000000001
            ],
            [
                632.779,
                638.057
            ],
            [
                640.43,
                644.549
            ],
            [
                650.747,
                658.505
            ],
            [
                664.541,
                679.821
            ],
            [
                705.335,
                706.1650000000001
            ],
            [
                750.264,
                751.4590000000001
            ],
            [
                760.124,
                768.202
            ],
            [
                780.931,
                814.421
            ]
        ]
    }
}