{
    "A": {
        "duration": 71.423,
        "intervals": [
            [
                38.411,
                44.839
            ],
            [
                78.494,
                85.345
            ],
            [
                95.271,
                102.926
            ],
            [
                137.093,
                151.566
            ],
            [
                185.46,
                200.085
            ],
            [
                245.811,
                267.202
            ]
        ]
    },
    "B": {
        "duration": 60.61200000000001,
        "intervals": [
            [
                8.272,
                26.81
            ],
            [
                30.807,
                38.271
            ],
            [
                91.051,
                91.92
            ],
            [
                103.655,
                135.646
            ],
            [
                182.987,
                183.589
            ],
            [
                273.336,
                274.48400000000004
            ]
        ]
    },
    "C": {
        "duration": 57.61099999999993,
        "intervals": [
            [
                0.014,
                0.609
            ],
            [
                176.457,
                178.82
            ],
            [
                200.801,
                244.657
            ],
            [
                606.349,
                606.359
            ],
            [
                608.693,
                612.127
            ],
            [
                623.319,
                624.05
            ],
            [
                655.547,
                657.351
            ],
            [
                1713.872,
                1717.409
            ],
            [
                1735.987,
                1737.268
            ]
        ]
    },
    "D": {
        "duration": 509.0949999999998,
        "intervals": [
            [
                45.811,
                68.29899999999999
            ],
            [
                277.761,
                329.4
            ],
            [
                338.926,
                342.566
            ],
            [
                499.809,
                502.069
            ],
            [
                568.277,
                601.11
            ],
            [
                631.633,
                651.014
            ],
            [
                659.203,
                661.223
            ],
            [
                666.185,
                666.698
            ],
            [
                823.09,
                838.121
            ],
            [
                843.59,
                852.4340000000001
            ],
            [
                853.872,
                884.032
            ],
            [
                887.753,
                888.61
            ],
            [
                896.461,
                898.106
            ],
            [
                1012.136,
                1025.7179999999998
            ],
            [
                1108.016,
                1182.051
            ],
            [
                1369.793,
                1393.8600000000001
            ],
            [
                1453.616,
                1495.051
            ],
            [
                1496.586,
                1497.278
            ],
            [
                1557.011,
                1590.46
            ],
            [
                1594.094,
                1596.544
            ],
            [
                1679.255,
                1713.872
            ],
            [
                1717.932,
                1731.794
            ],
            [
                1780.625,
                1804.854
            ],
            [
                1874.429,
                1909.639
            ],
            [
                1962.611,
                1982.767
            ]
        ]
    },
    "E": {
        "duration": 383.298,
        "intervals": [
            [
                275.268,
                275.43499999999995
            ],
            [
                332.792,
                335.04499999999996
            ],
            [
                343.092,
                499.80899999999997
            ],
            [
                502.408,
                568.2769999999999
            ],
            [
                822.282,
                823.09
            ],
            [
                1027.657,
                1108.016
            ],
            [
                1498.895,
                1499.572
            ],
            [
                1510.348,
                1512.489
            ],
            [
                1604.948,
                1679.255
            ]
        ]
    },
    "F": {
        "duration": 403.48499999999933,
        "intervals": [
            [
                0.793,
                8.272
            ],
            [
                29.595,
                30.807
            ],
            [
                69.574,
                72.53099999999999
            ],
            [
                87.455,
                90.889
            ],
            [
                91.92,
                93.358
            ],
            [
                155.591,
                157.014
            ],
            [
                160.248,
                169.303
            ],
            [
                169.729,
                174.34900000000002
            ],
            [
                174.673,
                176.251
            ],
            [
                181.813,
                182.712
            ],
            [
                335.045,
                338.074
            ],
            [
                604.554,
                605.425
            ],
            [
                606.359,
                608.431
            ],
            [
                612.492,
                620.025
            ],
            [
                621.827,
                621.861
            ],
            [
                624.579,
                630.949
            ],
            [
                667.563,
                821.9019999999999
            ],
            [
                898.538,
                900.7280000000001
            ],
            [
                903.209,
                909.453
            ],
            [
                926.957,
                929.043
            ],
            [
                936.09,
                948.3919999999999
            ],
            [
                951.752,
                952.901
            ],
            [
                1296.336,
                1296.417
            ],
            [
                1346.267,
                1348.7930000000001
            ],
            [
                1355.182,
                1355.192
            ],
            [
                1393.86,
                1452.1009999999999
            ],
            [
                1502.739,
                1510.07
            ],
            [
                1512.849,
                1515.033
            ],
            [
                1530.191,
                1541.018
            ],
            [
                1542.596,
                1554.9979999999998
            ],
            [
                1805.586,
                1874.4289999999999
            ],
            [
                1910.162,
                1913.248
            ],
            [
                1918.119,
                1920.831
            ],
            [
                1928.821,
                1929.3139999999999
            ],
            [
                1931.518,
                1933.953
            ]
        ]
    },
    "G": {
        "duration": 127.56600000000003,