{
    "A": {
        "duration": 141.89800000000025,
        "intervals": [
            [
                256.426,
                274.85600000000005
            ],
            [
                300.154,
                311.964
            ],
            [
                333.975,
                340.79900000000004
            ],
            [
                352.007,
                365.399
            ],
            [
                502.004,
                510.53900000000004
            ],
            [
                1286.633,
                1296.302
            ],
            [
                1335.812,
                1348.935
            ],
            [
                1401.857,
                1412.664
            ],
            [
                1468.135,
                1486.4070000000002
            ],
            [
                1831.361,
                1838.6580000000001
            ],
            [
                1890.211,
                1908.121
            ],
            [
                1930.002,
                1935.831
            ]
        ]
    },
    "B": {
        "duration": 237.8230000000001,
        "intervals": [
            [
                684.41,
                734.7120000000001
            ],
            [
                743.776,
                767.056
            ],
            [
                851.609,
                862.509
            ],
            [
                884.792,
                912.148
            ],
            [
                914.493,
                926.354
            ],
            [
                941.392,
                948.392
            ],
            [
                994.879,
                1050.915
            ],
            [
                1067.494,
                1073.3929999999998
            ],
            [
                1558.619,
                1603.808
            ]
        ]
    },
    "C": {
        "duration": 263.985,
        "intervals": [
            [
                6.191,
                53.61000000000001
            ],
            [
                54.702,
                64.009
            ],
            [
                65.843,
                85.592
            ],
            [
                85.867,
                104.705
            ],
            [
                146.698,
                155.79500000000002
            ],
            [
                158.915,
                188.401
            ],
            [
                189.813,
                214.106
            ],
            [
                288.517,
                295.296
            ],
            [
                311.963,
                320.555
            ],
            [
                381.912,
                387.105
            ],
            [
                451.153,
                457.459
            ],
            [
                461.43,
                467.392
            ],
            [
                484.608,
                490.87
            ],
            [
                529.379,
                535.308
            ],
            [
                540.835,
                546.596
            ],
            [
                644.053,
                649.173
            ],
            [
                652.03,
                657.726
            ],
            [
                665.351,
                672.211
            ],
            [
                1094.546,
                1102.1680000000001
            ],
            [
                1413.033,
                1418.4959999999999
            ],
            [
                1540.001,
                1546.605
            ],
            [
                1999.1,
                2006.5919999999999
            ],
            [
                2034.278,
                2044.433
            ]
        ]
    },
    "D": {
        "duration": 138.22699999999998,
        "intervals": [
            [
                555.481,
                580.913
            ],
            [
                586.68,
                639.8019999999999
            ],
            [
                1429.547,
                1468.135
            ],
            [
                1486.407,
                1501.672
            ],
            [
                1514.411,
                1520.231
            ]
        ]
    },
    "E": {
        "duration": 204.43699999999976,
        "intervals": [
            [
                217.88,
                223.359
            ],
            [
                388.54,
                449.41900000000004
            ],
            [
                799.097,
                820.041
            ],
            [
                822.812,
                851.609
            ],
            [
                862.508,
                868.475
            ],
            [
                1054.76,
                1061.792
            ],
            [
                1201.392,
                1222.592
            ],
            [
                1645.832,
                1694.4479999999999
            ],
            [
                1973.8,
                1979.3229999999999
            ]
        ]
    },
    "F": {
        "duration": 444.6650000000002,