{
    "A": {
        "duration": 67.11599999999993,
        "intervals": [
            [
                142.992,
                205.91299999999998
            ],
            [
                328.723,
                328.743
            ],
            [
                331.757,
                333.397
            ],
            [
                757.21,
                759.745
            ]
        ]
    },
    "B": {
        "duration": 284.1339999999999,
        "intervals": [
            [
                0.228,
                35.992
            ],
            [
                37.301,
                111.613
            ],
            [
                114.17,
                126.862
            ],
            [
                129.575,
                137.894
            ],
            [
                205.912,
                230.87199999999999
            ],
            [
                324.479,
                328.185
            ],
            [
                333.629,
                385.38899999999995
            ],
            [
                442.093,
                444.488
            ],
            [
                541.784,
                542.979
            ],
            [
                618.192,
                619.096
            ],
            [
                644.741,
                664.028
            ],
            [
                673.016,
                678.68
            ],
            [
                686.208,
                700.766
            ],
            [
                785.992,
                814.6099999999999
            ]
        ]
    },
    "C": {
        "duration": 230.587,
        "intervals": [
            [
                127.781,
                128.488
            ],
            [
                234.858,
                324.00800000000004
            ],
            [
                328.744,
                331.40500000000003
            ],
            [
                389.566,
                441.641
            ],
            [
                669.409,
                673.015
            ],
            [
                683.147,
                684.3470000000001
            ],
            [
                701.907,
                757.2099999999999
            ],
            [
                760.107,
                785.992
            ]
        ]
    },
    "D": {
        "duration": 202.937,
        "intervals": [
            [
                35.993,
                36.82
            ],
            [
                112.455,
                113.26
            ],
            [
                447.992,
                541.428
            ],
            [
                542.978,
                618.192
            ],
            [
                619.361,
                644.741
            ],
            [
                667.71,
                669.409
            ],
            [
                678.929,
                683.148
            ],
            [
                684.852,
                686.209
            ]
        ]
    }
}