{
    "A": {
        "duration": 255.8159999999998,
        "intervals": [
            [
                1405.475,
                1642.071
            ],
            [
                1644.268,
                1663.0539999999999
            ],
            [
                1790.615,
                1791.049
            ]
        ]
    },
    "B": {
        "duration": 242.63300000000027,
        "intervals": [
            [
                1691.132,
                1773.797
            ],
            [
                1774.497,
                1790.615
            ],
            [
                1791.688,
                1821.842
            ],
            [
                1944.81,
                1949.365
            ],
            [
                1952.193,
                1959.672
            ],
            [
                2750.429,
                2825.01
            ],
            [
                2829.182,
                2856.263
            ]
        ]
    },
    "C": {
        "duration": 240.6010000000001,
        "intervals": [
            [
                2273.255,
                2376.896
            ],
            [
                2389.654,
                2389.713
            ],
            [
                2635.075,
                2686.465
            ],
            [
                2692.335,
                2720.537
            ],
            [
                3052.782,
                3061.296
            ],
            [
                3077.042,
                3125.837
            ]
        ]
    },
    "D": {
        "duration": 375.44299999999805,
        "intervals": [
            [
                525.547,
                581.6980000000001
            ],
            [
                583.765,
                626.486
            ],
            [
                629.092,
                630.96
            ],
            [
                634.475,
                635.089
            ],
            [
                638.049,
                649.246
            ],
            [
                658.211,
                660.135
            ],
            [
                666.792,
                669.0310000000001
            ],
            [
                671.88,
                671.888
            ],
            [
                676.186,
                677.33
            ],
            [
                680.547,
                683.8580000000001
            ],
            [
                686.094,
                688.0600000000001
            ],
            [
                722.115,
                722.933
            ],
            [
                989.761,
                1003.6450000000001
            ],
            [
                1004.208,
                1011.2909999999999
            ],
            [
                1012.991,
                1014.579
            ],
            [
                1017.112,
                1018.611
            ],
            [
                1021.061,
                1027.21
            ],
            [
                1049.21,
                1050.125
            ],
            [
                1057.637,
                1058.239
            ],
            [
                1094.703,
                1097.185
            ],
            [
                1107.182,
                1107.192
            ],
            [
                2054.768,
                2099.362
            ],
            [
                2105.227,
                2105.241
            ],
            [
                2108.833,
                2120.3959999999997
            ],
            [
                2122.971,
                2134.8469999999998
            ],
            [
                2139.836,
                2141.6279999999997
            ],
            [
                2150.24,
                2155.2949999999996
            ],
            [
                2175.792,
                2192.1029999999996
            ],
            [
                2194.521,
                2197.987
            ],
            [
                2200.539,
                2200.657
            ],
            [
                2517.656,
                2543.191
            ],
            [
                2545.29,
                2545.764
            ],
            [
                2551.6,
                2556.6769999999997
            ],
            [
                2569.258,
                2570.0919999999996
            ],
            [
                2570.678,
                2572.5609999999997
            ],
            [
                2578.281,
                2582.853
            ],
            [
                2587.599,
                2588.4750000000004
            ],
            [
                2594.887,
                2596.306
            ],
            [
                2599.472,
                2604.319
            ],
            [
                2879.842,
                2893.423
            ],
            [
                2895.053,
                2903.22
            ],
            [
                2907.087,
                2952.9880000000003
            ],
            [
                2975.992,
                2984.848
            ],
            [
                3147.719,
                3148.178
            ]
        ]
    },
    "E": {
        "duration": 603.7019999999998,