{
    "A": {
        "duration": 164.91499999999996,
        "intervals": [
            [
                1355.063,
                1508.261
            ],
            [
                1518.203,
                1522.103
            ],
            [
                1526.138,
                1530.482
            ],
            [
                1538.992,
                1542.465
            ]
        ]
    },
    "B": {
        "duration": 318.7710000000002,
        "intervals": [
            [
                1227.405,
                1230.734
            ],
            [
                1554.807,
                1558.057
            ],
            [
                1560.851,
                1622.102
            ],
            [
                1623.491,
                1769.255
            ],
            [
                1770.128,
                1801.413
            ],
            [
                1829.795,
                1830.0410000000002
            ],
            [
                1844.22,
                1915.2720000000002
            ],
            [
                1916.342,
                1918.175
            ],
            [
                2061.831,
                2062.592
            ]
        ]
    },
    "C": {
        "duration": 407.71200000000005,
        "intervals": [
            [
                110.823,
                111.26299999999999
            ],
            [
                117.455,
                118.086
            ],
            [
                129.838,
                139.823
            ],
            [
                144.41,
                152.257
            ],
            [
                154.877,
                158.68200000000002
            ],
            [
                161.335,
                164.046
            ],
            [
                166.448,
                176.05900000000003
            ],
            [
                236.245,
                303.755
            ],
            [
                324.008,
                327.332
            ],
            [
                354.446,
                425.878
            ],
            [
                427.592,
                463.788
            ],
            [
                466.081,
                555.813
            ],
            [
                863.627,
                915.802
            ],
            [
                958.211,
                963.701
            ],
            [
                980.331,
                983.644
            ],
            [
                1934.618,
                1978.128
            ]
        ]
    },
    "D": {
        "duration": 336.89800000000014,
        "intervals": [
            [
                111.264,
                117.45599999999999
            ],
            [
                118.432,
                129.52200000000002
            ],
            [
                140.194,
                144.40900000000002
            ],
            [
                152.256,
                154.458
            ],
            [
                158.682,
                160.98
            ],
            [
                164.347,
                166.448
            ],
            [
                591.649,
                776.378
            ],
            [
                819.548,
                854.638
            ],
            [
                930.241,
                931.448
            ],
            [
                932.791,
                956.512
            ],
            [
                1000.556,
                1018.132
            ],
            [
                1020.209,
                1054.405
            ],
            [
                1054.642,
                1063.3020000000001
            ],
            [
                1325.506,
                1328.236
            ],
            [
                1622.6,
                1623.491
            ]
        ]
    },
    "E": {
        "duration": 563.4729999999996,
        "intervals": [
            [
                14.028,
                108.992
            ],
            [
                179.012,
                231.355
            ],
            [
                304.766,
                324.00800000000004
            ],
            [
                327.721,
                354.44599999999997
            ],
            [
                426.403,
                427.593
            ],
            [
                464.123,
                466.08
            ],
            [
                555.814,
                585.78
            ],
            [
                776.628,
                814.4630000000001
            ],
            [
                855.137,
                861.1039999999999
            ],
            [
                915.803,
                927.224
            ],
            [
                963.701,
                979.744
            ],
            [
                983.644,
                995.728
            ],
            [
                1018.133,
                1019.854
            ],
            [
                1054.64,
                1054.642
            ],
            [
                1063.302,
                1084.167
            ],
            [
                1215.007,
                1219.2630000000001
            ],
            [
                1282.814,
                1283.145
            ],
            [
                1284.908,
                1325.5059999999999
            ],
            [
                1328.236,
                1354.59
            ],
            [
                1508.261,
                1518.2030000000002
            ],
            [
                1522.5,
                1526.138
            ],
            [
                1530.883,
                1538.991
            ],
            [
                1542.464,
                1554.807
            ],
            [
                1558.967,
                1560.0790000000002
            ],
            [
                1803.789,
                1829.319
            ],
            [
                1830.411,
                1844.2189999999998
            ],
            [
                1915.441,
                1916.342
            ],
            [
                1918.451,
                1930.593
            ],
            [
                1978.128,
                2050.2129999999997
            ]
        ]
    },
    "F": {
        "duration": 196.8489999999999,
        "intervals": [
            [
                0.01,
                10.615
            ],
            [
                586.783,
                589.751
            ],
            [
                932.399,
                932.591
            ],
            [
                997.81,
                998.411
            ],
            [
                1089.447,
                1215.0069999999998
            ],
            [
                1224.418,
                1227.061
            ],
            [
                1231.099,
                1282.5649999999998
            ],
            [
                1283.448,
                1284.4170000000001
            ],
            [
                1769.612,
                1770.1280000000002
            ],
            [
                1932.199,
                1932.771
            ],
            [
                2052.253,
                2053.01
            ]
        ]
    }
}