{
    "A": {
        "duration": 241.81499999999983,
        "intervals": [
            [
                1495.643,
                1501.782
            ],
            [
                1505.798,
                1512.996
            ],
            [
                1607.313,
                1646.605
            ],
            [
                1661.502,
                1711.927
            ],
            [
                1714.271,
                1739.52
            ],
            [
                1768.308,
                1792.501
            ],
            [
                1794.619,
                1810.089
            ],
            [
                1924.298,
                1930.088
            ],
            [
                1951.015,
                1961.518
            ],
            [
                2216.192,
                2221.425
            ],
            [
                2308.645,
                2325.994
            ],
            [
                2326.587,
                2347.5389999999998
            ],
            [
                2351.744,
                2357.3940000000002
            ],
            [
                2434.026,
                2442.3979999999997
            ]
        ]
    },
    "B": {
        "duration": 151.38699999999972,
        "intervals": [
            [
                1337.604,
                1351.309
            ],
            [
                1356.895,
                1382.393
            ],
            [
                1419.8,
                1446.0430000000001
            ],
            [
                1528.05,
                1540.1699999999998
            ],
            [
                1830.352,
                1843.626
            ],
            [
                1845.308,
                1861.4019999999998
            ],
            [
                1861.923,
                1874.484
            ],
            [
                1878.009,
                1903.802
            ],
            [
                1907.003,
                1913.102
            ]
        ]
    },
    "C": {
        "duration": 146.2710000000004,
        "intervals": [
            [
                612.463,
                636.1030000000001
            ],
            [
                657.445,
                665.8870000000001
            ],
            [
                716.04,
                723.894
            ],
            [
                765.064,
                777.379
            ],
            [
                792.33,
                798.1940000000001
            ],
            [
                1917.918,
                1923.101
            ],
            [
                2091.293,
                2116.924
            ],
            [
                2130.199,
                2140.2090000000003
            ],
            [
                2143.959,
                2181.2169999999996
            ],
            [
                2189.044,
                2199.118
            ]
        ]
    },
    "D": {
        "duration": 152.36399999999958,
        "intervals": [
            [
                915.599,
                920.793
            ],
            [
                960.572,
                977.6189999999999
            ],
            [
                979.003,
                985.722
            ],
            [
                1026.324,
                1037.2520000000002
            ],
            [
                1079.576,
                1091.324
            ],
            [
                1135.335,
                1140.392
            ],
            [
                1553.806,
                1559.479
            ],
            [
                2022.192,
                2029.875
            ],
            [
                2417.882,
                2433.7219999999998
            ],
            [
                2442.398,
                2456.9
            ],
            [
                2460.395,
                2466.649
            ],
            [
                2509.761,
                2544.601
            ],
            [
                2634.992,
                2645.871
            ]
        ]
    },
    "E": {
        "duration": 284.80700000000024,
        "intervals": [
            [
                383.248,
                405.29699999999997
            ],
            [
                411.073,
                432.018
            ],
            [
                433.88,
                439.444
            ],
            [
                2759.802,
                2815.686
            ],
            [
                2819.843,
                2834.0719999999997
            ],
            [
                2834.426,
                2839.607
            ],
            [
                2843.932,
                2857.4390000000003
            ],
            [
                2894.005,
                2907.81
            ],
            [
                2935.05,
                2945.661
            ],
            [
                3002.55,
                3008.262
            ],
            [
                3036.239,
                3045.689
            ],
            [
                3048.428,
                3065.0029999999997
            ],
            [
                3074.424,
                3090.8349999999996
            ],
            [
                3104.997,
                3113.08
            ],
            [
                3137.476,
                3157.0480000000002
            ],
            [
                3180.436,
                3187.5910000000003
            ],
            [
                3203.202,
                3211.0370000000003
            ],
            [
                3215.494,
                3225.1580000000004
            ],
            [
                3232.992,
                3239.9930000000004
            ],
            [
                3243.019,
                3258.593
            ]
        ]
    },
    "F": {
        "duration": 289.4490000000002,
        "intervals": [
            [
                160.21,
                195.632
            ],
            [
                200.924,
                211.262
            ],
            [
                405.297,
                411.073
            ],
            [
                1449.114,
                1454.487
            ],
            [
                1755.464,
                1762.1409999999998
            ],
            [
                2858.876,
                2872.212
            ],
            [
                2876.104,
                2894.005
            ],
            [
                2908.447,
                2922.034
            ],
            [
                2925.811,
                2935.05
            ],
            [
                2945.661,
                2964.654
            ],
            [
                2969.202,
                2982.6530000000002
            ],
            [
                2984.393,
                3001.719
            ],
            [
                3014.675,
                3025.058
            ],
            [
                3028.406,
                3035.794
            ],
            [
                3065.003,
                3074.424
            ],
            [
                3090.835,
                3104.59
            ],
            [
                3113.08,
                3137.476
            ],
            [
                3157.048,
                3180.436
            ],
            [
                3187.591,
                3203.2019999999998
            ],
            [
                3225.158,
                3232.991
            ],
            [
                3258.593,
                3268.448
            ]
        ]
    },
    "G": {
        "duration": 291.7950000000001,