{
    "A": {
        "duration": 289.30499999999995,
        "intervals": [
            [
                664.281,
                762.635
            ],
            [
                776.231,
                778.931
            ],
            [
                781.233,
                830.0089999999999
            ],
            [
                1466.485,
                1574.225
            ],
            [
                1623.883,
                1655.618
            ]
        ]
    },
    "B": {
        "duration": 458.75699999999983,
        "intervals": [
            [
                1956.084,
                2067.4440000000004
            ],
            [
                2095.664,
                2234.479
            ],
            [
                2268.03,
                2368.0330000000004
            ],
            [
                2389.001,
                2497.138
            ],
            [
                2557.548,
                2557.99
            ]
        ]
    },
    "C": {
        "duration": 554.9259999999999,
        "intervals": [
            [
                10.351,
                11.738
            ],
            [
                239.137,
                358.609
            ],
            [
                380.757,
                423.409
            ],
            [
                463.992,
                611.8960000000001
            ],
            [
                1231.747,
                1414.189
            ],
            [
                1662.69,
                1697.6499999999999
            ],
            [
                1709.21,
                1735.0220000000002
            ],
            [
                1846.263,
                1846.56
            ]
        ]
    },
    "D": {
        "duration": 425.8169999999999,
        "intervals": [
            [
                12.121,
                16.546
            ],
            [
                20.451,
                31.448
            ],
            [
                33.367,
                42.481
            ],
            [
                44.763,
                59.983000000000004
            ],
            [
                63.789,
                68.053
            ],
            [
                70.732,
                72.548
            ],
            [
                80.98,
                95.851
            ],
            [
                98.867,
                108.702
            ],
            [
                111.081,
                114.917
            ],
            [
                117.796,
                128.619
            ],
            [
                132.059,
                135.876
            ],
            [
                136.644,
                159.214
            ],
            [
                162.23,
                168.516
            ],
            [
                172.306,
                182.963
            ],
            [
                187.036,
                195.069
            ],
            [
                195.392,
                202.195
            ],
            [
                206.874,
                222.99099999999999
            ],
            [
                227.014,
                233.84900000000002
            ],
            [
                236.648,
                238.584
            ],
            [
                378.051,
                378.08099999999996
            ],
            [
                439.054,
                440.993
            ],
            [
                446.555,
                452.851
            ],
            [
                454.4,
                463.991
            ],
            [
                619.701,
                626.98
            ],
            [
                633.106,
                637.904
            ],
            [
                642.425,
                644.952
            ],
            [
                653.979,
                658.799
            ],
            [
                763.822,
                768.827
            ],
            [
                830.41,
                831.7919999999999
            ],
            [
                837.466,
                837.503
            ],
            [
                854.43,
                858.0419999999999
            ],
            [
                859.464,
                860.964
            ],
            [
                878.972,
                880.2990000000001
            ],
            [
                882.39,
                884.859
            ],
            [
                888.211,
                892.673
            ],
            [
                1005.038,
                1008.443
            ],
            [
                1010.364,
                1013.489
            ],
            [
                1016.307,
                1018.859
            ],
            [
                1023.17,
                1026.751
            ],
            [
                1028.773,
                1029.512
            ],
            [
                1118.74,
                1122.368
            ],
            [
                1123.414,
                1127.592
            ],
            [
                1130.966,
                1136.889
            ],
            [
                1138.305,
                1139.854
            ],
            [
                1143.545,
                1147.472
            ],
            [
                1157.669,
                1159.4660000000001
            ],
            [
                1161.26,
                1168.946
            ],
            [
                1172.089,
                1178.3159999999998
            ],
            [
                1180.994,
                1182.83
            ],
            [
                1186.321,
                1186.674
            ],
            [
                1189.72,
                1192.381
            ],
            [
                1196.873,
                1200.877
            ],
            [
                1202.263,
                1204.644
            ],
            [
                1206.728,
                1207.131
            ],
            [
                1210.434,
                1211.624
            ],
            [
                1213.858,
                1219.4489999999998
            ],
            [
                1221.661,
                1231.18
            ],
            [
                1421.213,
                1421.247
            ],
            [
                1429.454,
                1430.018
            ],
            [
                1435.276,
                1436.805
            ],
            [
                1447.178,
                1452.04
            ],
            [
                1456.485,
                1458.6419999999998
            ],
            [
                1575.524,
                1577.991
            ],
            [
                1587.2,
                1589.041
            ],
            [
                1592.899,
                1597.094
            ],
            [
                1598.549,
                1599.994
            ],
            [
                1601.33,
                1604.2259999999999
            ],
            [
                1606.171,
                1612.763
            ],
            [
                1613.822,
                1618.5520000000001
            ],
            [
                1701.456,
                1709.21
            ],
            [
                1738.11,
                1741.2959999999998
            ],
            [
                1743.144,
                1745.11
            ],
            [
                1766.242,
                1767.067
            ],
            [
                1777.874,
                1780.962
            ],
            [
                1899.285,
                1901.123
            ],
            [
                1910.258,
                1911.929
            ],
            [
                1919.725,
