{
    "A": {
        "duration": 399.91999999999996,
        "intervals": [
            [
                12.005,
                39.204
            ],
            [
                39.602,
                47.785000000000004
            ],
            [
                49.439,
                61.039
            ],
            [
                61.676,
                130.276
            ],
            [
                133.628,
                174.601
            ],
            [
                177.468,
                182.91
            ],
            [
                185.573,
                199.472
            ],
            [
                199.992,
                204.346
            ],
            [
                208.313,
                217.202
            ],
            [
                219.957,
                222.625
            ],
            [
                225.588,
                227.414
            ],
            [
                230.3,
                233.687
            ],
            [
                236.277,
                237.64
            ],
            [
                240.108,
                242.22899999999998
            ],
            [
                249.353,
                256.738
            ],
            [
                259.207,
                263.276
            ],
            [
                272.639,
                275.182
            ],
            [
                278.635,
                279.918
            ],
            [
                281.362,
                286.55600000000004
            ],
            [
                289.163,
                298.809
            ],
            [
                299.496,
                302.431
            ],
            [
                304.201,
                306.622
            ],
            [
                308.1,
                319.824
            ],
            [
                323.042,
                323.363
            ],
            [
                331.258,
                332.866
            ],
            [
                337.191,
                351.53000000000003
            ],
            [
                352.976,
                354.809
            ],
            [
                356.427,
                365.519
            ],
            [
                371.702,
                401.464
            ],
            [
                403.729,
                411.355
            ],
            [
                413.687,
                416.05600000000004
            ],
            [
                419.735,
                425.245
            ],
            [
                430.012,
                433.328
            ],
            [
                575.789,
                577.639
            ],
            [
                648.192,
                652.213
            ],
            [
                724.175,
                725.405
            ],
            [
                726.482,
                731.592
            ],
            [
                736.636,
                738.737
            ],
            [
                753.695,
                755.0210000000001
            ],
            [
                759.748,
                760.48
            ],
            [
                765.013,
                773.824
            ],
            [
                830.581,
                830.719
            ],
            [
                897.676,
                898.94
            ],
            [
                902.755,
                907.213
            ],
            [
                914.402,
                919.839
            ],
            [
                966.661,
                969.1149999999999
            ],
            [
                986.607,
                1007.232
            ],
            [
                1010.271,
                1010.2909999999999
            ],
            [
                1016.43,
                1019.591
            ],
            [
                1071.811,
                1075.2369999999999
            ],
            [
                1097.894,
                1099.946
            ],
            [
                1201.593,
                1208.902
            ],
            [
                1253.699,
                1254.614
            ]
        ]
    },
    "B": {
        "duration": 200.36600000000027,
        "intervals": [
            [
                174.894,
                177.233
            ],
            [
                286.556,
                286.996
            ],
            [
                434.206,
                500.803
            ],
            [
                508.123,
                514.792
            ],
            [
                528.24,
                543.558
            ],
            [
                547.8,
                554.207
            ],
            [
                559.035,
                575.606
            ],
            [
                724.137,
                724.1759999999999
            ],
            [
                740.73,
                742.35
            ],
            [
                1100.218,
                1112.711
            ],
            [
                1116.318,
                1180.7150000000001
            ],
            [
                1194.117,
                1201.593
            ]
        ]
    },
    "C": {
        "duration": 83.0970000000001,
        "intervals": [
            [
                664.904,
                687.967
            ],
            [
                691.195,
                718.915
            ],
            [
                725.79,
                726.178
            ],
            [
                742.35,
                750.6
            ],
            [
                752.428,
                753.417
            ],
            [
                1270.664,
                1280.384
            ],
            [
                1283.273,
                1296.24
            ]
        ]
    },
    "D": {
        "duration": 72.39600000000019,
        "intervals": [
            [
                778.996,
                816.245
            ],
            [
                1214.474,
                1245.9660000000001
            ],
            [
                1267.009,
                1270.664
            ]
        ]
    },
    "E": {
        "duration": 106.80400000000003,
        "intervals": [
            [
                298.809,
                299.322
            ],
            [
                688.141,
                690.645
            ],
            [
                831.131,
                881.408
            ],
            [
                925.45,
                948.7919999999999
            ],
            [
                951.271,
                966.6610000000001
            ],
            [
                973.866,
                986.607
            ],
            [
                1280.706,
                1282.743
            ]
        ]
    },
    "F": {
        "duration": 281.6439999999998,