{
    "A": {
        "duration": 92.47399999999995,
        "intervals": [
            [
                13.763,
                14.815999999999999
            ],
            [
                37.061,
                55.65
            ],
            [
                85.61,
                111.941
            ],
            [
                135.992,
                146.745
            ],
            [
                160.113,
                179.79000000000002
            ],
            [
                956.708,
                963.529
            ],
            [
                980.048,
                980.726
            ],
            [
                983.86,
                984.468
            ],
            [
                1003.205,
                1011.169
            ]
        ]
    },
    "B": {
        "duration": 317.606,
        "intervals": [
            [
                8.652,
                10.591
            ],
            [
                15.061,
                19.611
            ],
            [
                30.107,
                36.766999999999996
            ],
            [
                111.94,
                135.992
            ],
            [
                261.34,
                263.85799999999995
            ],
            [
                330.61,
                331.35200000000003
            ],
            [
                349.016,
                350.899
            ],
            [
                356.152,
                357.804
            ],
            [
                383.454,
                385.391
            ],
            [
                412.859,
                415.93899999999996
            ],
            [
                422.054,
                443.194
            ],
            [
                446.504,
                559.842
            ],
            [
                564.678,
                567.668
            ],
            [
                572.648,
                574.219
            ],
            [
                589.179,
                593.826
            ],
            [
                597.976,
                614.8389999999999
            ],
            [
                655.604,
                657.398
            ],
            [
                663.321,
                671.883
            ],
            [
                674.926,
                679.9780000000001
            ],
            [
                692.936,
                699.1070000000001
            ],
            [
                704.116,
                721.597
            ],
            [
                876.115,
                880.616
            ],
            [
                883.491,
                887.215
            ],
            [
                954.48,
                956.708
            ],
            [
                965.986,
                966.946
            ],
            [
                976.425,
                980.048
            ],
            [
                991.199,
                996.4169999999999
            ],
            [
                1000.669,
                1003.2049999999999
            ],
            [
                1102.4,
                1105.567
            ],
            [
                1109.84,
                1110.5639999999999
            ],
            [
                1116.977,
                1120.227
            ],
            [
                1610.861,
                1611.315
            ],
            [
                1640.738,
                1640.767
            ],
            [
                1644.632,
                1649.209
            ],
            [
                1668.392,
                1674.5720000000001
            ],
            [
                1680.639,
                1687.106
            ],
            [
                1732.814,
                1734.63
            ],
            [
                1780.685,
                1785.609
            ],
            [
                1933.21,
                1935.556
            ],
            [
                1972.409,
                1984.669
            ]
        ]
    },
    "C": {
        "duration": 166.1450000000001,
        "intervals": [
            [
                0.211,
                7.992
            ],
            [
                372.055,
                374.296
            ],
            [
                378.311,
                383.21799999999996
            ],
            [
                397.475,
                403.03900000000004
            ],
            [
                443.193,
                446.50399999999996
            ],
            [
                679.978,
                692.9359999999999
            ],
            [
                699.108,
                704.117
            ],
            [
                721.597,
                725.2959999999999
            ],
            [
                751.631,
                754.3829999999999
            ],
            [
                757.004,
                759.2470000000001
            ],
            [
                775.465,
                780.499
            ],
            [
                784.922,
                785.931
            ],
            [
                790.962,
                800.357
            ],
            [
                803.468,
                812.967
            ],
            [
                814.69,
                822.118
            ],
            [
                824.84,
                867.2570000000001
            ],
            [
                872.297,
                876.114
            ],
            [
                1135.493,
                1144.155
            ],
            [
                1212.526,
                1216.1190000000001
            ],
            [
                1369.103,
                1375.193
            ],
            [
                1416.594,
                1420.242
            ],
            [
                1597.268,
                1599.816
            ],
            [
                1656.482,
                1656.9379999999999
            ],
            [
                1698.32,
                1704.525
            ],
            [
                1785.61,
                1788.202
            ],
            [
                1904.902,
                1908.189
            ]
        ]
    },
    "D": {
        "duration": 217.12699999999938,