{
    "A": {
        "duration": 358.6539999999997,
        "intervals": [
            [
                286.284,
                299.36400000000003
            ],
            [
                302.459,
                303.428
            ],
            [
                305.373,
                317.039
            ],
            [
                317.458,
                322.547
            ],
            [
                325.353,
                329.193
            ],
            [
                331.57,
                333.873
            ],
            [
                337.892,
                346.819
            ],
            [
                349.37,
                359.824
            ],
            [
                364.254,
                371.952
            ],
            [
                377.29,
                408.65
            ],
            [
                412.337,
                417.79
            ],
            [
                431.266,
                431.725
            ],
            [
                434.256,
                437.57399999999996
            ],
            [
                496.41,
                496.658
            ],
            [
                564.457,
                566.259
            ],
            [
                607.718,
                611.083
            ],
            [
                637.372,
                644.5899999999999
            ],
            [
                683.009,
                688.174
            ],
            [
                769.552,
                773.754
            ],
            [
                828.812,
                831.296
            ],
            [
                836.838,
                840.539
            ],
            [
                845.967,
                852.024
            ],
            [
                853.932,
                858.072
            ],
            [
                861.334,
                864.256
            ],
            [
                1044.777,
                1045.624
            ],
            [
                1053.768,
                1057.465
            ],
            [
                1087.356,
                1087.78
            ],
            [
                1220.589,
                1226.5
            ],
            [
                1249.823,
                1254.411
            ],
            [
                1255.362,
                1260.166
            ],
            [
                1265.33,
                1269.665
            ],
            [
                1286.354,
                1290.029
            ],
            [
                1297.709,
                1302.005
            ],
            [
                1309.65,
                1314.1660000000002
            ],
            [
                1325.54,
                1340.214
            ],
            [
                1372.191,
                1373.683
            ],
            [
                1475.253,
                1478.922
            ],
            [
                1480.081,
                1481.779
            ],
            [
                1483.804,
                1485.704
            ],
            [
                1490.996,
                1492.7630000000001
            ],
            [
                1605.855,
                1621.1609999999998
            ],
            [
                1626.58,
                1628.867
            ],
            [
                1641.865,
                1646.609
            ],
            [
                1647.476,
                1652.402
            ],
            [
                1756.328,
                1758.196
            ],
            [
                1924.746,
                1928.1550000000002
            ],
            [
                1928.46,
                1933.404
            ],
            [
                1936.082,
                1939.884
            ],
            [
                2185.313,
                2187.9390000000003
            ],
            [
                2230.718,
                2241.2799999999997
            ],
            [
                2246.457,
                2247.294
            ],
            [
                2312.996,
                2314.265
            ],
            [
                2317.526,
                2324.929
            ],
            [
                2354.908,
                2359.8269999999998
            ],
            [
                2385.592,
                2394.482
            ],
            [
                2407.897,
                2419.902
            ],
            [
                2435.56,
                2438.637
            ],
            [
                2456.416,
                2458.927
            ],
            [
                2459.773,
                2471.736
            ],
            [
                2475.871,
                2476.59
            ],
            [
                2485.811,
                2488.514
            ],
            [
                2495.136,
                2496.084
            ],
            [
                2502.969,
                2504.1440000000002
            ],
            [
                2507.851,
                2509.55
            ],
            [
                2512.669,
                2548.518
            ]
        ]
    },
    "B": {
        "duration": 244.64599999999973,
        "intervals": [
            [
                1068.876,
                1087.057
            ],
            [
                1088.308,
                1217.879
            ],
            [
                1228.993,
                1239.621
            ],
            [
                1275.802,
                1286.113
            ],
            [
                1292.718,
                1294.7060000000001
            ],
            [
                1302.006,
                1305.192
            ],
            [
                1654.952,
                1655.49
            ],
            [
                2333.706,
                2354.419
            ],
            [
                2359.827,
                2385.592
            ],
            [
                2394.922,
                2407.897
            ],
            [
                2419.902,
                2429.926
            ],
            [
                2548.726,
                2549.492
            ]
        ]
    },
    "C": {
        "duration": 251.46599999999972,
        "intervals": [
            [
                211.062,
                214.89100000000002
            ],
            [
                437.792,
                438.19699999999995
            ],
            [
                1345.68,
                1362.093
            ],
            [
                1380.215,
                1472.268
            ],
            [
                1948.835,
                2084.0
            ],
            [
                2149.612,
                2150.346
            ],
            [
                2250.938,
                2250.982
            ],
            [
                2432.41,
                2435.2329999999997
            ]
        ]
    },
    "D": {
        "duration": 229.35300000000075,
        "intervals": [
            [
                1290.03,
                1292.718
            ],
            [
                1493.215,
                1605.594
            ],
            [
                1671.071,
                1748.882
            ],
            [
                2150.896,
                2151.925
            ],
            [
                2195.272,
                2230.7180000000003
            ]
        ]
    },
    "E": {
        "duration": 260.69699999999904,