{
    "A": {
        "duration": 223.92299999999994,
        "intervals": [
            [
                177.701,
                178.18900000000002
            ],
            [
                186.845,
                189.299
            ],
            [
                214.351,
                215.534
            ],
            [
                245.81,
                250.959
            ],
            [
                253.915,
                256.654
            ],
            [
                296.411,
                344.461
            ],
            [
                358.14,
                418.512
            ],
            [
                447.677,
                447.891
            ],
            [
                568.502,
                570.324
            ],
            [
                598.258,
                640.793
            ],
            [
                736.201,
                780.693
            ],
            [
                814.801,
                820.591
            ],
            [
                826.622,
                835.257
            ]
        ]
    },
    "B": {
        "duration": 130.72599999999989,
        "intervals": [
            [
                441.151,
                447.099
            ],
            [
                447.891,
                503.42900000000003
            ],
            [
                507.644,
                555.4119999999999
            ],
            [
                571.394,
                589.361
            ],
            [
                846.29,
                849.795
            ]
        ]
    },
    "C": {
        "duration": 165.51299999999995,
        "intervals": [
            [
                157.235,
                174.25799999999998
            ],
            [
                189.926,
                214.351
            ],
            [
                217.046,
                217.992
            ],
            [
                229.411,
                245.81
            ],
            [
                251.503,
                253.914
            ],
            [
                256.654,
                277.698
            ],
            [
                648.874,
                714.538
            ],
            [
                717.857,
                725.53
            ],
            [
                729.402,
                733.744
            ],
            [
                820.77,
                826.356
            ]
        ]
    },
    "D": {
        "duration": 318.28700000000026,
        "intervals": [
            [
                1.802,
                150.61599999999999
            ],
            [
                180.088,
                181.10899999999998
            ],
            [
                218.509,
                227.652
            ],
            [
                279.71,
                295.009
            ],
            [
                344.461,
                357.857
            ],
            [
                418.512,
                439.209
            ],
            [
                503.864,
                506.66999999999996
            ],
            [
                555.412,
                567.6690000000001
            ],
            [
                589.361,
                598.258
            ],
            [
                640.793,
                644.777
            ],
            [
                714.808,
                717.857
            ],
            [
                725.694,
                729.401
            ],
            [
                734.054,
                736.201
            ],
            [
                780.693,
                814.573
            ],
            [
                835.257,
                846.29
            ],
            [
                849.795,
                877.952
            ]
        ]
    }
}