{
    "A": {
        "duration": 239.56699999999978,
        "intervals": [
            [
                0.597,
                3.039
            ],
            [
                429.364,
                495.324
            ],
            [
                1629.863,
                1706.695
            ],
            [
                1709.26,
                1729.009
            ],
            [
                2314.502,
                2382.5
            ],
            [
                2935.049,
                2941.6349999999998
            ]
        ]
    },
    "B": {
        "duration": 375.34000000000003,
        "intervals": [
            [
                536.186,
                634.797
            ],
            [
                1762.732,
                1849.959
            ],
            [
                2679.851,
                2869.353
            ]
        ]
    },
    "C": {
        "duration": 339.06799999999976,
        "intervals": [
            [
                234.303,
                315.514
            ],
            [
                1411.651,
                1598.3220000000001
            ],
            [
                2270.072,
                2314.5029999999997
            ],
            [
                2624.891,
                2647.301
            ],
            [
                2651.842,
                2652.9390000000003
            ],
            [
                2898.18,
                2901.428
            ]
        ]
    },
    "D": {
        "duration": 405.83699999999953,
        "intervals": [
            [
                672.013,
                826.465
            ],
            [
                2022.369,
                2147.238
            ],
            [
                2446.983,
                2447.4120000000003
            ],
            [
                2490.239,
                2614.4339999999997
            ],
            [
                2620.701,
                2622.593
            ]
        ]
    },
    "E": {
        "duration": 627.1859999999999,
        "intervals": [
            [
                13.809,
                152.40900000000002
            ],
            [
                219.443,
                233.86499999999998
            ],
            [
                315.779,
                335.882
            ],
            [
                409.646,
                429.066
            ],
            [
                495.323,
                534.684
            ],
            [
                635.205,
                668.144
            ],
            [
                826.465,
                861.614
            ],
            [
                972.466,
                976.629
            ],
            [
                979.892,
                986.6890000000001
            ],
            [
                997.237,
                997.8629999999999
            ],
            [
                1007.542,
                1010.671
            ],
            [
                1013.109,
                1034.249
            ],
            [
                1151.191,
                1152.499
            ],
            [
                1203.361,
                1248.0529999999999
            ],
            [
                1374.285,
                1411.05
            ],
            [
                1598.322,
                1629.547
            ],
            [
                1729.009,
                1759.8619999999999
            ],
            [
                1850.772,
                1871.02
            ],
            [
                2007.138,
                2018.137
            ],
            [
                2147.673,
                2151.586
            ],
            [
                2238.42,
                2249.466
            ],
            [
                2252.797,
                2257.935
            ],
            [
                2382.718,
                2401.1910000000003
            ],
            [
                2408.392,
                2409.394
            ],
            [
                2467.928,
                2485.346
            ],
            [
                2614.621,
                2620.701
            ],
            [
                2623.258,
                2624.8909999999996
            ],
            [
                2652.939,
                2678.042
            ],
            [
                2869.352,
                2880.054
            ],
            [
                2916.682,
                2931.421
            ]
        ]
    },
    "F": {
        "duration": 232.78099999999955,
        "intervals": [
            [
                4.232,
                4.99
            ],
            [
                9.428,
                10.341000000000001
            ],
            [
                865.519,
                972.465
            ],
            [
                976.629,
                979.688
            ],
            [
                986.69,
                996.5350000000001
            ],
            [
                997.863,
                1007.542
            ],
            [
                1010.671,
                1013.109
            ],
            [
                2154.241,
                2238.175
            ],
            [
                2249.724,
                2252.797
            ],
            [
                2257.936,
                2270.0719999999997
            ]
        ]
    },
    "G": {
        "duration": 411.25600000000014,
        "intervals": [
            [
                336.337,
                409.37600000000003
            ],
            [
                1034.249,
                1150.9
            ],
            [
                1152.498,
                1203.3609999999999
            ],
            [
                1707.222,
                1708.881
            ],
            [
                1871.313,
                2007.137
            ],
            [
                2622.915,
                2623.063
            ],
            [
                2880.055,
                2897.874
            ],
            [
                2901.428,
                2916.681
            ]
        ]
    },
    "H": {
        "duration": 268.41999999999985,
        "intervals": [
            [
                3.67,
                3.682
            ],
            [
                4.99,
                8.173
            ],
            [
                10.746,
                13.809000000000001
            ],
            [
                152.739,
                219.443
            ],
            [
                1248.053,
                1373.899
            ],
            [
                2018.861,
                2019.2050000000002
            ],
            [
                2401.353,
                2408.3920000000003
            ],
            [
                2409.629,
                2446.494
            ],
            [
                2447.577,
                2467.928
            ],
            [
                2647.655,
                2651.299
            ],
            [
                2933.68,
                2935.049
            ]
        ]
    }
}