{
    "A": {
        "duration": 167.10799999999873,
        "intervals": [
            [
                26.617,
                27.056
            ],
            [
                578.612,
                581.617
            ],
            [
                711.484,
                712.3530000000001
            ],
            [
                1245.422,
                1248.549
            ],
            [
                1280.995,
                1285.9969999999998
            ],
            [
                1330.42,
                1335.847
            ],
            [
                1339.063,
                1346.8349999999998
            ],
            [
                1354.34,
                1356.694
            ],
            [
                1379.643,
                1385.193
            ],
            [
                1427.122,
                1431.494
            ],
            [
                1445.366,
                1466.7259999999999
            ],
            [
                1482.499,
                1490.842
            ],
            [
                1496.441,
                1506.2
            ],
            [
                1512.034,
                1516.4250000000002
            ],
            [
                1530.112,
                1535.259
            ],
            [
                1539.358,
                1548.145
            ],
            [
                1551.231,
                1560.718
            ],
            [
                1985.192,
                1986.552
            ],
            [
                2053.136,
                2053.992
            ],
            [
                2099.496,
                2100.35
            ],
            [
                2562.244,
                2566.009
            ],
            [
                2586.045,
                2603.1169999999997
            ],
            [
                2613.877,
                2625.125
            ],
            [
                2680.891,
                2689.471
            ],
            [
                2691.603,
                2696.396
            ],
            [
                2726.079,
                2729.761
            ],
            [
                2735.394,
                2738.221
            ],
            [
                3028.796,
                3033.3889999999997
            ],
            [
                3070.192,
                3072.479
            ]
        ]
    },
    "B": {
        "duration": 187.082,
        "intervals": [
            [
                293.191,
                357.497
            ],
            [
                946.792,
                1000.895
            ],
            [
                1781.917,
                1782.329
            ],
            [
                1986.792,
                1994.735
            ],
            [
                1998.01,
                2017.641
            ],
            [
                2160.361,
                2166.044
            ],
            [
                2738.22,
                2773.2239999999997
            ]
        ]
    },
    "C": {
        "duration": 356.24199999999985,
        "intervals": [
            [
                439.528,
                452.735
            ],
            [
                454.073,
                456.73199999999997
            ],
            [
                459.65,
                486.863
            ],
            [
                489.583,
                505.409
            ],
            [
                551.008,
                551.072
            ],
            [
                820.5,
                823.512
            ],
            [
                1080.775,
                1189.566
            ],
            [
                1229.389,
                1234.242
            ],
            [
                1264.837,
                1267.692
            ],
            [
                1578.955,
                1589.818
            ],
            [
                1592.571,
                1622.008
            ],
            [
                1625.792,
                1632.4209999999998
            ],
            [
                1634.243,
                1662.18
            ],
            [
                2280.575,
                2287.199
            ],
            [
                2790.634,
                2798.5789999999997
            ],
            [
                2800.742,
                2889.069
            ]
        ]
    },
    "D": {
        "duration": 391.50800000000027,
        "intervals": [
            [
                516.405,
                551.008
            ],
            [
                551.509,
                578.2
            ],
            [
                581.835,
                584.5250000000001
            ],
            [
                1204.121,
                1217.754
            ],
            [
                1222.089,
                1229.136
            ],
            [
                1234.243,
                1245.423
            ],
            [
                1249.867,
                1264.837
            ],
            [
                1267.692,
                1280.9940000000001
            ],
            [
                1286.864,
                1330.42
            ],
            [
                1335.847,
                1339.0629999999999
            ],
            [
                1346.834,
                1354.34
            ],
            [
                1357.202,
                1358.662
            ],
            [
                1359.435,
                1379.643
            ],
            [
                1390.64,
                1393.909
            ],
            [
                1431.807,
                1434.431
            ],
            [
                1441.829,
                1445.0449999999998
            ],
            [
                1468.544,
                1482.1899999999998
            ],
            [
                1516.425,
                1530.112
            ],
            [
                1535.593,
                1539.059
            ],
            [
                1752.815,
                1753.659
            ],
            [
                1995.084,
                1998.01
            ],
            [
                2431.743,
                2448.707
            ],
            [
                2457.474,
                2528.9350000000004
            ],
            [
                2530.779,
                2543.147
            ],
            [
                2545.511,
                2561.9809999999998
            ],
            [
                2566.009,
                2585.426
            ],
            [
                2689.472,
                2691.0950000000003
            ],
            [
                2696.396,
                2702.2650000000003
            ],
            [
                2718.529,
                2720.481
            ],
            [
                2730.065,
                2731.7090000000003
            ]
        ]
    },
    "E": {
        "duration": 288.66700000000014,
        "intervals": [
            [
                1707.126,
                1752.815
            ],
            [
                1754.047,
                1768.279
            ],
            [
                1786.182,
                1846.021
            ],
            [
                2064.911,
                2068.009
            ],
            [
                2304.734,
                2422.41
            ],
            [
                2632.993,
                2677.442
            ],
            [
                2731.71,
                2735.3940000000002
            ]
        ]
    },
    "F": {
        "duration": 515.9129999999986,