{
    "A": {
        "duration": 223.8219999999999,
        "intervals": [
            [
                1565.227,
                1789.049
            ]
        ]
    },
    "B": {
        "duration": 220.47600000000023,
        "intervals": [
            [
                843.499,
                843.5210000000001
            ],
            [
                1858.979,
                1998.289
            ],
            [
                2034.386,
                2082.934
            ],
            [
                2084.009,
                2116.605
            ]
        ]
    },
    "C": {
        "duration": 171.1310000000003,
        "intervals": [
            [
                406.402,
                457.789
            ],
            [
                460.075,
                486.012
            ],
            [
                494.471,
                496.396
            ],
            [
                1078.562,
                1080.174
            ],
            [
                1200.01,
                1201.865
            ],
            [
                1352.131,
                1352.7930000000001
            ],
            [
                2144.546,
                2232.299
            ]
        ]
    },
    "D": {
        "duration": 100.53300000000036,
        "intervals": [
            [
                2083.457,
                2084.009
            ],
            [
                2658.611,
                2758.592
            ]
        ]
    },
    "E": {
        "duration": 419.2770000000012,
        "intervals": [
            [
                11.257,
                13.597999999999999
            ],
            [
                21.76,
                26.249000000000002
            ],
            [
                34.815,
                38.33
            ],
            [
                52.925,
                58.489
            ],
            [
                59.81,
                66.797
            ],
            [
                73.919,
                78.122
            ],
            [
                85.855,
                88.153
            ],
            [
                106.792,
                111.145
            ],
            [
                123.01,
                127.46000000000001
            ],
            [
                136.335,
                138.532
            ],
            [
                143.821,
                146.683
            ],
            [
                148.832,
                150.808
            ],
            [
                154.308,
                156.078
            ],
            [
                166.31,
                168.463
            ],
            [
                171.374,
                173.515
            ],
            [
                181.027,
                182.89999999999998
            ],
            [
                196.028,
                200.21099999999998
            ],
            [
                209.64,
                211.28199999999998
            ],
            [
                222.662,
                224.928
            ],
            [
                230.396,
                230.64399999999998
            ],
            [
                233.921,
                237.505
            ],
            [
                260.226,
                262.445
            ],
            [
                345.053,
                351.832
            ],
            [
                352.495,
                354.685
            ],
            [
                357.775,
                364.099
            ],
            [
                370.492,
                373.879
            ],
            [
                376.831,
                378.319
            ],
            [
                380.849,
                383.009
            ],
            [
                392.411,
                394.245
            ],
            [
                397.197,
                403.571
            ],
            [
                489.873,
                494.142
            ],
            [
                500.936,
                505.631
            ],
            [
                509.932,
                512.494
            ],
            [
                514.358,
                517.26
            ],
            [
                713.811,
                727.034
            ],
            [
                731.226,
                731.587
            ],
            [
                733.121,
                736.361
            ],
            [
                738.916,
                741.451
            ],
            [
                746.783,
                750.835
            ],
            [
                752.905,
                754.351
            ],
            [
                760.644,
                768.042
            ],
            [
                786.881,
                790.373
            ],
            [
                1039.26,
                1046.797
            ],
            [
                1048.246,
                1052.074
            ],
            [
                1055.194,
                1059.767
            ],
            [
                1062.433,
                1064.289
            ],
            [
                1073.429,
                1075.0510000000002
            ],
            [
                1084.673,
                1086.7
            ],
            [
                1290.733,
                1298.004
            ],
            [
                1316.193,
                1317.281
            ],
            [
                1478.017,
                1481.8490000000002
            ],
            [
                1485.007,
                1498.745
            ],
            [
                1507.791,
                1509.858
            ],
            [
                1518.386,
                1520.806
            ],
            [
                1529.258,
                1531.907
            ],
            [
                1536.602,
                1538.171
            ],
            [
                1543.674,
                1545.8110000000001
            ],
            [
                1552.33,
                1556.751
            ],
            [
                1795.78,
                1802.4979999999998
            ],
            [
                1805.164,
                1807.648
            ],
            [
                1809.791,
                1832.129
            ],
            [
                1841.42,
                1841.992
            ],
            [
                1844.929,
                1851.579
            ],
            [
                2005.864,
                2009.887
            ],
            [
                2013.395,
                2030.157
            ],
            [
                2030.97,
                2032.916
            ],
            [
                2121.569,
                2129.581
            ],
            [
                2131.537,
                2132.9309999999996
            ],
            [
                2136.972,
                2140.219
            ],
            [
                2140.577,
                2142.7400000000002
            ],
            [
                2238.54,
                2243.545
            ],
            [
                2250.236,
                2257.5190000000002
            ],
            [
                2257.966,
                2262.875
            ],
            [
                2271.402,
                2281.424
            ],
            [
                2479.383,
                2490.392
            ],
            [
                2493.74,
                2505.325
            ],
            [
                2511.098,
                2518.73
            ],
            [
                2530.327,
                2533.327
            ],
            [
                2538.953,
                2540.63
            ],
            [
                2547.664,
                2549.0020000000004
