{
    "A": {
        "duration": 229.53800000000024,
        "intervals": [
            [
                198.629,
                202.76000000000002
            ],
            [
                299.757,
                304.56300000000005
            ],
            [
                304.795,
                358.592
            ],
            [
                369.443,
                373.842
            ],
            [
                896.371,
                898.98
            ],
            [
                913.606,
                917.592
            ],
            [
                1037.858,
                1039.498
            ],
            [
                1283.987,
                1287.0359999999998
            ],
            [
                1289.046,
                1296.505
            ],
            [
                1299.999,
                1326.77
            ],
            [
                1404.975,
                1423.0620000000001
            ],
            [
                1492.999,
                1496.821
            ],
            [
                1500.56,
                1503.22
            ],
            [
                1771.99,
                1774.879
            ],
            [
                1779.153,
                1781.451
            ],
            [
                1805.542,
                1821.825
            ],
            [
                1828.055,
                1830.2910000000002
            ],
            [
                1841.535,
                1897.4
            ],
            [
                1919.192,
                1931.943
            ]
        ]
    },
    "B": {
        "duration": 125.60900000000007,
        "intervals": [
            [
                37.167,
                59.025
            ],
            [
                87.375,
                190.792
            ],
            [
                1676.857,
                1677.191
            ]
        ]
    },
    "C": {
        "duration": 333.0769999999992,
        "intervals": [
            [
                12.145,
                12.192
            ],
            [
                25.853,
                26.094
            ],
            [
                233.418,
                239.392
            ],
            [
                244.794,
                245.40300000000002
            ],
            [
                252.458,
                254.38
            ],
            [
                261.171,
                264.899
            ],
            [
                266.326,
                274.904
            ],
            [
                277.611,
                278.247
            ],
            [
                279.565,
                289.09499999999997
            ],
            [
                291.531,
                298.486
            ],
            [
                375.064,
                381.377
            ],
            [
                382.307,
                385.005
            ],
            [
                385.886,
                393.07800000000003
            ],
            [
                396.11,
                397.875
            ],
            [
                413.756,
                415.42199999999997
            ],
            [
                418.812,
                429.633
            ],
            [
                434.005,
                438.86499999999995
            ],
            [
                523.108,
                524.49
            ],
            [
                532.097,
                539.827
            ],
            [
                542.16,
                542.1899999999999
            ],
            [
                547.999,
                548.5930000000001
            ],
            [
                563.158,
                564.354
            ],
            [
                571.087,
                574.219
            ],
            [
                580.525,
                601.316
            ],
            [
                606.857,
                610.7710000000001
            ],
            [
                744.665,
                750.3689999999999
            ],
            [
                751.196,
                753.758
            ],
            [
                755.676,
                758.275
            ],
            [
                760.507,
                763.042
            ],
            [
                763.881,
                766.4209999999999
            ],
            [
                769.375,
                779.274
            ],
            [
                781.903,
                785.136
            ],
            [
                790.751,
                804.067
            ],
            [
                818.407,
                825.469
            ],
            [
                828.993,
                837.6990000000001
            ],
            [
                857.67,
                873.1039999999999
            ],
            [
                918.791,
                925.578
            ],
            [
                930.029,
                931.312
            ],
            [
                935.25,
                935.694
            ],
            [
                953.203,
                953.615
            ],
            [
                970.417,
                972.9169999999999
            ],
            [
                980.338,
                982.161
            ],
            [
                998.021,
                999.081
            ],
            [
                1004.798,
                1005.189
            ],
            [
                1019.274,
                1020.214
            ],
            [
                1022.271,
                1023.6289999999999
            ],
            [
                1025.382,
                1029.136
            ],
            [
                1030.62,
                1031.887
            ],
            [
                1143.87,
                1144.3039999999999
            ],
            [
                1163.386,
                1164.117
            ],
            [
                1215.113,
                1219.335
            ],
            [
                1229.207,
                1233.088
            ],
            [
                1262.073,
                1262.478
            ],
            [
                1277.498,
                1277.9470000000001
            ],
            [
                1281.806,
                1283.1100000000001
            ],
            [
                1287.036,
                1288.4370000000001
            ],
            [
                1327.29,
                1329.013
            ],
            [
                1369.985,
                1371.635
            ],
            [
                1377.783,
                1378.3529999999998
            ],
            [
                1380.848,
                1381.31
            ],
            [
                1382.501,
                1386.241
            ],
            [
                1400.858,
                1401.845
            ],
            [
                1484.522,
                1489.591
            ],
            [
                1503.22,
                1505.593
            ],
            [
                1584.699,
                1599.134
            ],
            [
                1620.574,
                1622.04
            ],
            [
                1625.061,
                1626.1799999999998
            ],
            [
                1631.436,
                1632.8819999999998
            ],
            [
                1635.252,
                1637.253
            ],
            [
                1640.442,
                1642.61
            ],
            [
                1650.544,
                1652.9470000000001
            ],
            [
                1658.274,
                1659.293
            ],
            [
                1666.47,
                1669.111
