{
    "A": {
        "duration": 83.67699999999996,
        "intervals": [
            [
                1.914,
                2.933
            ],
            [
                234.802,
                245.371
            ],
            [
                250.209,
                261.608
            ],
            [
                282.26,
                296.85699999999997
            ],
            [
                334.611,
                348.846
            ],
            [
                369.401,
                370.373
            ],
            [
                1386.337,
                1387.807
            ],
            [
                1408.681,
                1423.243
            ],
            [
                1435.192,
                1437.171
            ],
            [
                1440.023,
                1446.827
            ],
            [
                1484.234,
                1486.6789999999999
            ],
            [
                1497.332,
                1500.958
            ]
        ]
    },
    "B": {
        "duration": 87.88500000000002,
        "intervals": [
            [
                132.877,
                135.30200000000002
            ],
            [
                139.46,
                140.864
            ],
            [
                144.204,
                144.602
            ],
            [
                147.616,
                151.25199999999998
            ],
            [
                305.168,
                323.512
            ],
            [
                355.328,
                368.438
            ],
            [
                370.373,
                412.221
            ],
            [
                802.028,
                802.2760000000001
            ],
            [
                1375.615,
                1377.508
            ],
            [
                1388.745,
                1389.751
            ],
            [
                1398.61,
                1399.6109999999999
            ],
            [
                1400.897,
                1403.4689999999998
            ]
        ]
    },
    "C": {
        "duration": 123.82700000000013,
        "intervals": [
            [
                0.699,
                1.423
            ],
            [
                428.735,
                432.019
            ],
            [
                435.804,
                454.31899999999996
            ],
            [
                454.613,
                497.068
            ],
            [
                684.992,
                687.255
            ],
            [
                708.548,
                709.561
            ],
            [
                716.999,
                718.793
            ],
            [
                722.032,
                724.86
            ],
            [
                756.878,
                760.192
            ],
            [
                957.013,
                959.1170000000001
            ],
            [
                1028.432,
                1037.219
            ],
            [
                1041.793,
                1046.677
            ],
            [
                1056.873,
                1064.833
            ],
            [
                1070.726,
                1074.0620000000001
            ],
            [
                1079.482,
                1081.262
            ],
            [
                1233.023,
                1237.9099999999999
            ],
            [
                1437.171,
                1440.0230000000001
            ],
            [
                1455.192,
                1461.588
            ],
            [
                1501.224,
                1505.875
            ]
        ]
    },
    "D": {
        "duration": 239.91199999999998,
        "intervals": [
            [
                213.258,
                216.881
            ],
            [
                524.345,
                587.547
            ],
            [
                589.027,
                603.464
            ],
            [
                637.708,
                640.8359999999999
            ],
            [
                654.002,
                684.752
            ],
            [
                687.557,
                708.548
            ],
            [
                709.857,
                716.7439999999999
            ],
            [
                719.53,
                722.032
            ],
            [
                725.051,
                756.732
            ],
            [
                760.192,
                765.335
            ],
            [
                889.657,
                897.191
            ],
            [
                939.691,
                957.013
            ],
            [
                959.344,
                967.2570000000001
            ],
            [
                1022.795,
                1028.1200000000001
            ],
            [
                1074.257,
                1079.203
            ],
            [
                1225.135,
                1229.4089999999999
            ],
            [
                1237.91,
                1243.634
            ],
            [
                1246.899,
                1249.666
            ],
            [
                1285.365,
                1286.315
            ],
            [
                1292.774,
                1293.587
            ]
        ]
    },
    "E": {
        "duration": 152.22099999999995,
        "intervals": [
            [
                176.56,
                213.25799999999998
            ],
            [
                216.881,
                227.73499999999999
            ],
            [
                261.875,
                282.259
            ],
            [
                974.356,
                1017.908
            ],
            [
                1222.212,
                1225.135
            ],
            [
                1229.41,
                1233.0230000000001
            ],
            [
                1430.104,
                1431.034
            ],
            [
                1454.544,
                1455.192
            ],
            [
                1462.077,
                1484.233
            ],
            [
                1486.679,
                1497.142
            ]
        ]
    },
    "F": {
        "duration": 151.16899999999987,