{
    "A": {
        "duration": 87.99699999999996,
        "intervals": [
            [
                562.098,
                571.276
            ],
            [
                731.211,
                744.123
            ],
            [
                1440.582,
                1506.489
            ]
        ]
    },
    "B": {
        "duration": 82.2639999999999,
        "intervals": [
            [
                1588.574,
                1603.935
            ],
            [
                1615.56,
                1656.17
            ],
            [
                1656.825,
                1683.118
            ]
        ]
    },
    "C": {
        "duration": 313.83099999999996,
        "intervals": [
            [
                219.233,
                533.064
            ]
        ]
    },
    "D": {
        "duration": 73.13499999999976,
        "intervals": [
            [
                798.812,
                845.6089999999999
            ],
            [
                868.671,
                895.0089999999999
            ]
        ]
    },
    "E": {
        "duration": 920.5409999999998,
        "intervals": [
            [
                0.211,
                217.793
            ],
            [
                533.802,
                554.8770000000001
            ],
            [
                571.75,
                730.134
            ],
            [
                746.31,
                769.3810000000001
            ],
            [
                771.115,
                796.944
            ],
            [
                845.61,
                867.375
            ],
            [
                895.01,
                915.165
            ],
            [
                979.685,
                988.6170000000001
            ],
            [
                1069.053,
                1108.245
            ],
            [
                1127.561,
                1140.5800000000002
            ],
            [
                1162.61,
                1183.35
            ],
            [
                1204.968,
                1380.912
            ],
            [
                1384.192,
                1435.4479999999999
            ],
            [
                1506.489,
                1586.264
            ],
            [
                1603.935,
                1610.3039999999999
            ],
            [
                1687.559,
                1718.2949999999998
            ],
            [
                1720.848,
                1727.565
            ]
        ]
    },
    "F": {
        "duration": 195.23500000000035,
        "intervals": [
            [
                916.76,
                979.285
            ],
            [
                989.272,
                999.9390000000001
            ],
            [
                1005.404,
                1068.3570000000002
            ],
            [
                1109.933,
                1127.5600000000002
            ],
            [
                1141.541,
                1162.6100000000001
            ],
            [
                1183.766,
                1204.1599999999999
            ]
        ]
    }
}