{
    "A": {
        "duration": 89.44099999999997,
        "intervals": [
            [
                208.875,
                219.24
            ],
            [
                219.79,
                254.006
            ],
            [
                275.009,
                291.52
            ],
            [
                303.591,
                329.213
            ],
            [
                549.192,
                551.919
            ]
        ]
    },
    "B": {
        "duration": 368.33100000000013,
        "intervals": [
            [
                0.074,
                4.609999999999999
            ],
            [
                9.664,
                199.261
            ],
            [
                291.927,
                301.976
            ],
            [
                331.236,
                337.192
            ],
            [
                374.613,
                384.262
            ],
            [
                385.945,
                394.99199999999996
            ],
            [
                415.174,
                417.646
            ],
            [
                577.895,
                656.444
            ],
            [
                784.191,
                784.826
            ],
            [
                842.009,
                857.9920000000001
            ],
            [
                883.254,
                892.63
            ],
            [
                900.845,
                909.636
            ],
            [
                1003.242,
                1004.055
            ],
            [
                1047.04,
                1063.441
            ],
            [
                1152.024,
                1158.501
            ]
        ]
    },
    "C": {
        "duration": 127.6360000000001,
        "intervals": [
            [
                6.816,
                8.718
            ],
            [
                201.953,
                203.561
            ],
            [
                337.193,
                374.613
            ],
            [
                384.688,
                385.69399999999996
            ],
            [
                394.991,
                414.73499999999996
            ],
            [
                559.914,
                571.4300000000001
            ],
            [
                1158.501,
                1212.941
            ]
        ]
    },
    "D": {
        "duration": 140.47399999999988,
        "intervals": [
            [
                417.646,
                549.1909999999999
            ],
            [
                552.368,
                554.994
            ],
            [
                571.592,
                577.895
            ]
        ]
    },
    "E": {
        "duration": 212.68500000000014,
        "intervals": [
            [
                200.028,
                201.43699999999998
            ],
            [
                203.939,
                208.332
            ],
            [
                219.545,
                219.79
            ],
            [
                656.778,
                784.191
            ],
            [
                1005.77,
                1047.0400000000002
            ],
            [
                1063.441,
                1101.396
            ]
        ]
    },
    "F": {
        "duration": 109.13899999999987,
        "intervals": [
            [
                254.851,
                255.109
            ],
            [
                910.205,
                1003.0500000000001
            ],
            [
                1004.056,
                1005.6120000000001
            ],
            [
                1137.545,
                1152.0249999999999
            ]
        ]
    },
    "G": {
        "duration": 151.06699999999995,
        "intervals": [
            [
                255.11,
                275.009
            ],
            [
                330.639,
                331.236
            ],
            [
                385.908,
                385.945
            ],
            [
                554.993,
                559.9140000000001
            ],
            [
                571.59,
                571.592
            ],
            [
                785.076,
                842.009
            ],
            [
                857.993,
                883.254
            ],
            [
                892.63,
                900.509
            ],
            [
                1101.396,
                1136.934
            ]
        ]
    }
}