{
    "A": {
        "duration": 187.33899999999977,
        "intervals": [
            [
                15.609,
                63.801
            ],
            [
                71.24,
                92.702
            ],
            [
                97.22,
                118.63799999999999
            ],
            [
                128.557,
                130.082
            ],
            [
                147.95,
                149.87900000000002
            ],
            [
                153.529,
                160.348
            ],
            [
                201.314,
                203.147
            ],
            [
                348.474,
                351.736
            ],
            [
                355.31,
                367.118
            ],
            [
                369.834,
                388.144
            ],
            [
                391.517,
                401.119
            ],
            [
                404.809,
                409.66900000000004
            ],
            [
                416.22,
                433.757
            ],
            [
                641.647,
                643.1930000000001
            ],
            [
                952.887,
                954.0429999999999
            ],
            [
                964.637,
                965.241
            ],
            [
                1141.54,
                1142.6979999999999
            ],
            [
                1206.212,
                1208.07
            ],
            [
                1278.968,
                1279.354
            ],
            [
                1420.08,
                1422.327
            ],
            [
                1426.062,
                1427.6129999999998
            ],
            [
                1466.777,
                1468.463
            ],
            [
                1476.547,
                1483.137
            ]
        ]
    },
    "B": {
        "duration": 78.291,
        "intervals": [
            [
                2.685,
                9.71
            ],
            [
                164.611,
                169.08499999999998
            ],
            [
                176.55,
                183.941
            ],
            [
                211.592,
                220.821
            ],
            [
                223.192,
                236.53699999999998
            ],
            [
                264.344,
                274.41
            ],
            [
                290.21,
                292.017
            ],
            [
                304.84,
                307.015
            ],
            [
                311.035,
                320.035
            ],
            [
                321.297,
                325.591
            ],
            [
                773.805,
                776.9169999999999
            ],
            [
                1343.392,
                1347.332
            ],
            [
                1350.611,
                1353.044
            ]
        ]
    },
    "C": {
        "duration": 258.43400000000037,
        "intervals": [
            [
                0.01,
                2.6849999999999996
            ],
            [
                169.084,
                175.054
            ],
            [
                186.592,
                193.614
            ],
            [
                198.45,
                200.11599999999999
            ],
            [
                205.2,
                211.592
            ],
            [
                237.939,
                253.00799999999998
            ],
            [
                258.0,
                263.03499999999997
            ],
            [
                274.409,
                288.575
            ],
            [
                292.388,
                304.84000000000003
            ],
            [
                320.492,
                321.04400000000004
            ],
            [
                412.793,
                416.22
            ],
            [
                434.013,
                493.84000000000003
            ],
            [
                496.699,
                499.088
            ],
            [
                520.408,
                532.4100000000001
            ],
            [
                536.995,
                544.241
            ],
            [
                636.51,
                637.84
            ],
            [
                662.921,
                666.0870000000001
            ],
            [
                677.209,
                679.762
            ],
            [
                684.808,
                692.147
            ],
            [
                697.105,
                704.057
            ],
            [
                707.663,
                713.85
            ],
            [
                716.391,
                717.901
            ],
            [
                725.527,
                740.053
            ],
            [
                794.556,
                796.868
            ],
            [
                1075.37,
                1075.395
            ],
            [
                1227.366,
                1231.863
            ],
            [
                1235.339,
                1245.267
            ],
            [
                1300.116,
                1302.399
            ],
            [
                1328.083,
                1336.5210000000002
            ],
            [
                1435.956,
                1436.4689999999998
            ],
            [
                1448.624,
                1452.408
            ],
            [
                1522.409,
                1524.7920000000001
            ],
            [
                1545.748,
                1547.294
            ],
            [
                1564.628,
                1566.985
            ],
            [
                1574.449,
                1579.3890000000001
            ],
            [
                1581.802,
                1597.7769999999998
            ]
        ]
    },
    "D": {
        "duration": 572.8679999999995,