{
    "A": {
        "duration": 68.411,
        "intervals": [
            [
                36.853,
                45.087
            ],
            [
                87.293,
                95.65299999999999
            ],
            [
                128.41,
                146.589
            ],
            [
                187.022,
                192.483
            ],
            [
                210.894,
                218.17999999999998
            ],
            [
                242.312,
                261.69100000000003
            ],
            [
                263.414,
                264.926
            ]
        ]
    },
    "B": {
        "duration": 304.26600000000013,
        "intervals": [
            [
                1.034,
                10.192
            ],
            [
                24.378,
                31.146
            ],
            [
                231.159,
                231.16899999999998
            ],
            [
                237.411,
                242.312
            ],
            [
                325.871,
                326.527
            ],
            [
                336.53,
                338.43499999999995
            ],
            [
                343.433,
                345.79
            ],
            [
                349.086,
                354.36999999999995
            ],
            [
                359.095,
                365.65400000000005
            ],
            [
                370.654,
                372.365
            ],
            [
                374.863,
                469.592
            ],
            [
                876.025,
                880.271
            ],
            [
                1059.407,
                1064.591
            ],
            [
                1392.478,
                1397.556
            ],
            [
                1403.858,
                1517.073
            ],
            [
                1550.956,
                1554.55
            ],
            [
                1565.443,
                1568.4160000000002
            ],
            [
                1596.193,
                1601.193
            ],
            [
                1606.193,
                1612.81
            ],
            [
                1614.421,
                1615.153
            ],
            [
                1620.7,
                1629.451
            ],
            [
                1676.086,
                1684.275
            ],
            [
                1807.694,
                1809.4289999999999
            ],
            [
                1959.525,
                1963.352
            ],
            [
                1981.722,
                1982.809
            ]
        ]
    },
    "C": {
        "duration": 178.3489999999999,
        "intervals": [
            [
                235.292,
                237.411
            ],
            [
                296.21,
                296.95599999999996
            ],
            [
                317.307,
                317.48900000000003
            ],
            [
                520.201,
                619.327
            ],
            [
                1033.661,
                1034.704
            ],
            [
                1158.172,
                1159.642
            ],
            [
                1383.566,
                1383.8700000000001
            ],
            [
                1554.55,
                1564.998
            ],
            [
                1568.417,
                1595.8519999999999
            ],
            [
                1601.966,
                1603.2369999999999
            ],
            [
                1615.42,
                1620.335
            ],
            [
                1630.056,
                1634.15
            ],
            [
                1638.191,
                1652.413
            ],
            [
                1667.083,
                1676.086
            ],
            [
                1993.503,
                1995.474
            ]
        ]
    },
    "D": {
        "duration": 225.75900000000033,
        "intervals": [
            [
                13.591,
                18.912999999999997
            ],
            [
                31.146,
                36.626
            ],
            [
                149.415,
                159.37
            ],
            [
                220.342,
                221.346
            ],
            [
                224.331,
                228.41
            ],
            [
                262.189,
                262.326
            ],
            [
                270.542,
                275.665
            ],
            [
                498.623,
                508.303
            ],
            [
                512.992,
                513.944
            ],
            [
                516.211,
                520.201
            ],
            [
                636.787,
                766.7909999999999
            ],
            [
                831.136,
                840.2090000000001
            ],
            [
                871.136,
                875.48
            ],
            [
                1025.776,
                1025.8890000000001
            ],
            [
                1067.108,
                1073.51
            ],
            [
                1244.486,
                1245.534
            ],
            [
                1367.523,
                1367.528
            ],
            [
                1749.603,
                1751.379
            ],
            [
                1817.434,
                1827.758
            ],
            [
                1836.994,
                1839.232
            ],
            [
                1842.394,
                1857.104
            ]
        ]
    },
    "E": {
        "duration": 299.53099999999984,
        "intervals": [
            [
                10.935,
                13.191
            ],
            [
                866.037,
                870.527
            ],
            [
                886.154,
                989.443
            ],
            [
                1299.859,
                1349.283
            ],
            [
                1664.56,
                1667.0829999999999
            ],
            [
                1815.777,
                1816.712
            ],
            [
                1863.392,
                1958.699
            ],
            [
                1963.352,
                1981.137
            ],
            [
                1982.809,
                1993.206
            ],
            [
                1995.638,
                2008.7630000000001
            ]
        ]
    },
    "F": {
        "duration": 261.37299999999993,