{
    "A": {
        "duration": 491.74699999999933,
        "intervals": [
            [
                0.41,
                8.274000000000001
            ],
            [
                8.861,
                35.968999999999994
            ],
            [
                39.383,
                109.843
            ],
            [
                111.216,
                171.028
            ],
            [
                226.874,
                284.531
            ],
            [
                285.697,
                378.518
            ],
            [
                380.992,
                386.674
            ],
            [
                394.139,
                399.13399999999996
            ],
            [
                402.226,
                410.51099999999997
            ],
            [
                448.079,
                451.047
            ],
            [
                471.315,
                473.421
            ],
            [
                596.715,
                607.991
            ],
            [
                631.834,
                632.991
            ],
            [
                639.363,
                652.406
            ],
            [
                657.273,
                665.313
            ],
            [
                666.75,
                670.01
            ],
            [
                691.31,
                694.636
            ],
            [
                699.19,
                699.2570000000001
            ],
            [
                706.112,
                709.043
            ],
            [
                743.575,
                750.846
            ],
            [
                753.752,
                756.223
            ],
            [
                758.816,
                766.823
            ],
            [
                769.404,
                777.8140000000001
            ],
            [
                881.791,
                894.4509999999999
            ],
            [
                895.666,
                916.08
            ],
            [
                974.15,
                976.592
            ],
            [
                984.592,
                996.788
            ],
            [
                1001.683,
                1021.737
            ],
            [
                1029.088,
                1030.1979999999999
            ],
            [
                1133.556,
                1137.461
            ],
            [
                1139.351,
                1149.3
            ]
        ]
    },
    "B": {
        "duration": 54.025000000000006,
        "intervals": [
            [
                172.015,
                206.475
            ],
            [
                209.049,
                225.35
            ],
            [
                632.991,
                636.255
            ]
        ]
    },
    "C": {
        "duration": 187.0729999999998,
        "intervals": [
            [
                8.753,
                8.861
            ],
            [
                37.29,
                37.975
            ],
            [
                111.198,
                111.217
            ],
            [
                284.531,
                284.91700000000003
            ],
            [
                379.46,
                380.47299999999996
            ],
            [
                386.934,
                393.931
            ],
            [
                400.086,
                401.392
            ],
            [
                442.792,
                448.078
            ],
            [
                451.41,
                471.315
            ],
            [
                474.306,
                476.727
            ],
            [
                519.502,
                520.543
            ],
            [
                537.227,
                537.583
            ],
            [
                589.926,
                591.215
            ],
            [
                595.281,
                596.05
            ],
            [
                608.497,
                613.103
            ],
            [
                621.748,
                628.528
            ],
            [
                636.255,
                638.818
            ],
            [
                652.732,
                656.8779999999999
            ],
            [
                670.439,
                690.805
            ],
            [
                694.636,
                698.829
            ],
            [
                699.258,
                706.112
            ],
            [
                709.45,
                743.127
            ],
            [
                750.846,
                753.409
            ],
            [
                767.355,
                768.421
            ],
            [
                877.573,
                881.792
            ],
            [
                936.863,
                973.991
            ],
            [
                976.592,
                984.592
            ],
            [
                997.095,
                1001.412
            ],
            [
                1055.963,
                1056.503
            ],
            [
                1083.281,
                1084.415
            ],
            [
                1099.793,
                1100.846
            ],
            [
                1118.411,
                1118.438
            ],
            [
                1123.394,
                1124.695
            ],
            [
                1137.893,
                1138.852
            ]
        ]
    },
    "D": {
        "duration": 97.36399999999992,
        "intervals": [
            [
                628.528,
                631.017
            ],
            [
                782.124,
                876.9989999999999
            ]
        ]
    },
    "E": {
        "duration": 269.2560000000004,
        "intervals": [
            [
                206.699,
                209.05
            ],
            [
                225.35,
                226.688
            ],
            [
                410.511,
                442.79200000000003
            ],
            [
                478.95,
                518.468
            ],
            [
                520.543,
                536.789
            ],
            [
                538.016,
                589.199
            ],
            [
                591.671,
                594.5210000000001
            ],
            [
                616.437,
                621.4830000000001
            ],
            [
                665.688,
                666.749
            ],
            [
                757.061,
                758.3330000000001
            ],
            [
                895.649,
                895.666
            ],
            [
                920.511,
                936.637
            ],
            [
                1024.858,
                1028.825
            ],
            [
                1030.199,
                1055.22
            ],
            [
                1056.503,
                1082.442
            ],
            [
                1084.415,
                1099.7920000000001
            ],
            [
                1101.171,
                1117.356
            ],
            [
                1118.438,
                1123.055
            ],
            [
                1124.695,
                1133.556
            ]
        ]
    }
}