{
    "A": {
        "duration": 160.81300000000016,
        "intervals": [
            [
                92.467,
                94.084
            ],
            [
                137.722,
                144.055
            ],
            [
                145.132,
                154.91
            ],
            [
                220.048,
                220.411
            ],
            [
                232.445,
                238.763
            ],
            [
                338.791,
                338.875
            ],
            [
                556.239,
                560.0020000000001
            ],
            [
                570.237,
                572.4359999999999
            ],
            [
                1131.762,
                1182.556
            ],
            [
                1185.592,
                1187.9920000000002
            ],
            [
                1193.009,
                1197.602
            ],
            [
                1508.225,
                1509.2949999999998
            ],
            [
                1556.319,
                1560.398
            ],
            [
                1580.192,
                1581.513
            ],
            [
                1863.478,
                1868.409
            ],
            [
                1896.733,
                1903.291
            ],
            [
                1909.656,
                1956.484
            ],
            [
                1957.886,
                1962.459
            ],
            [
                1971.913,
                1975.124
            ]
        ]
    },
    "B": {
        "duration": 76.546,
        "intervals": [
            [
                0.01,
                0.064
            ],
            [
                39.412,
                49.159
            ],
            [
                76.796,
                90.471
            ],
            [
                98.477,
                118.526
            ],
            [
                132.298,
                136.441
            ],
            [
                156.291,
                178.021
            ],
            [
                294.32,
                299.219
            ],
            [
                308.455,
                310.704
            ]
        ]
    },
    "C": {
        "duration": 117.98899999999992,
        "intervals": [
            [
                360.361,
                376.952
            ],
            [
                387.791,
                389.592
            ],
            [
                400.074,
                417.005
            ],
            [
                481.672,
                484.17
            ],
            [
                505.671,
                509.23
            ],
            [
                515.899,
                517.85
            ],
            [
                525.435,
                533.593
            ],
            [
                550.94,
                556.238
            ],
            [
                608.936,
                611.842
            ],
            [
                1010.765,
                1012.606
            ],
            [
                1095.621,
                1096.412
            ],
            [
                1197.602,
                1201.7800000000002
            ],
            [
                1208.588,
                1212.81
            ],
            [
                1220.989,
                1224.852
            ],
            [
                1525.794,
                1528.45
            ],
            [
                1757.953,
                1758.603
            ],
            [
                1761.191,
                1766.193
            ],
            [
                1770.466,
                1772.2969999999998
            ],
            [
                1837.647,
                1839.748
            ],
            [
                1963.688,
                1964.9640000000002
            ],
            [
                1967.73,
                1971.913
            ],
            [
                1975.124,
                2000.8259999999998
            ]
        ]
    },
    "D": {
        "duration": 151.55400000000049,
        "intervals": [
            [
                16.016,
                21.431
            ],
            [
                38.411,
                39.029
            ],
            [
                49.159,
                53.992000000000004
            ],
            [
                183.514,
                185.871
            ],
            [
                305.554,
                308.455
            ],
            [
                437.041,
                481.671
            ],
            [
                484.424,
                495.27000000000004
            ],
            [
                499.735,
                505.672
            ],
            [
                509.23,
                515.599
            ],
            [
                1239.666,
                1266.6090000000002
            ],
            [
                1281.194,
                1283.715
            ],
            [
                1290.706,
                1320.468
            ],
            [
                1326.648,
                1332.299
            ],
            [
                1708.611,
                1711.382
            ]
        ]
    },
    "E": {
        "duration": 317.7510000000004,
        "intervals": [
            [
                91.282,
                92.194
            ],
            [
                203.486,
                204.593
            ],
            [
                222.478,
                232.209
            ],
            [
                238.984,
                243.021
            ],
            [
                560.002,
                570.2370000000001
            ],
            [
                572.758,
                586.044
            ],
            [
                588.593,
                601.889
            ],
            [
                604.407,
                608.629
            ],
            [
                612.387,
                676.159
            ],
            [
                733.06,
                734.8299999999999
            ],
            [
                737.453,
                738.01
            ],
            [
                755.141,
                761.408
            ],
            [
                792.644,
                795.811
            ],
            [
                811.048,
                813.681
            ],
            [
                1012.606,
                1016.391
            ],
            [
                1020.269,
                1024.905
            ],
            [
                1037.453,
                1042.894
            ],
            [
                1066.412,
                1070.393
            ],
            [
                1535.185,
                1535.855
            ],
            [
                1542.62,
                1556.3190000000002
            ],
            [
                1560.398,
                1565.579
            ],
            [
                1568.445,
                1580.191
            ],
            [
                1581.81,
                1608.0079999999998
            ],
            [
                1683.393,
                1687.809
            ],
            [
                1773.91,
                1837.647
            ],
            [
                1840.362,
                1863.127
            ],
            [
                1868.408,
                1875.992
            ],
            [
                1893.792,
                1896.733
            ],
            [
                1904.097,
                1907.607
            ],
            [
                1964.964,
                1967.433
            ]
        ]
    },
    "F": {
        "duration": 108.23600000000016,