{
    "A": {
        "duration": 362.84499999999997,
        "intervals": [
            [
                169.628,
                303.47099999999995
            ],
            [
                510.551,
                616.427
            ],
            [
                1101.05,
                1170.809
            ],
            [
                1619.266,
                1667.549
            ],
            [
                1708.867,
                1713.951
            ]
        ]
    },
    "B": {
        "duration": 215.70899999999992,
        "intervals": [
            [
                42.193,
                47.677
            ],
            [
                939.192,
                947.626
            ],
            [
                992.922,
                1000.597
            ],
            [
                1090.209,
                1097.914
            ],
            [
                1170.809,
                1183.73
            ],
            [
                1202.07,
                1208.1399999999999
            ],
            [
                1208.814,
                1243.4759999999999
            ],
            [
                1315.197,
                1321.4930000000002
            ],
            [
                1437.92,
                1452.24
            ],
            [
                1539.84,
                1563.0249999999999
            ],
            [
                1566.57,
                1577.051
            ],
            [
                1692.876,
                1698.762
            ],
            [
                1719.517,
                1735.431
            ],
            [
                1745.95,
                1753.392
            ],
            [
                1789.302,
                1797.098
            ],
            [
                1822.937,
                1864.375
            ]
        ]
    },
    "C": {
        "duration": 705.8010000000011,
        "intervals": [
            [
                16.465,
                33.087
            ],
            [
                48.106,
                57.031
            ],
            [
                66.072,
                73.109
            ],
            [
                73.938,
                86.592
            ],
            [
                91.096,
                129.97699999999998
            ],
            [
                131.439,
                139.793
            ],
            [
                143.821,
                152.25300000000001
            ],
            [
                154.222,
                165.079
            ],
            [
                318.214,
                326.255
            ],
            [
                327.578,
                467.13100000000003
            ],
            [
                468.03,
                506.55
            ],
            [
                616.915,
                674.097
            ],
            [
                682.076,
                688.4309999999999
            ],
            [
                692.035,
                781.669
            ],
            [
                828.411,
                841.0020000000001
            ],
            [
                845.323,
                872.3629999999999
            ],
            [
                873.583,
                886.6610000000001
            ],
            [
                889.76,
                897.636
            ],
            [
                899.978,
                920.104
            ],
            [
                1327.116,
                1343.3110000000001
            ],
            [
                1345.223,
                1362.794
            ],
            [
                1365.314,
                1374.746
            ],
            [
                1460.727,
                1517.421
            ],
            [
                1519.914,
                1526.971
            ],
            [
                1531.968,
                1539.8400000000001
            ],
            [
                1577.401,
                1614.401
            ],
            [
                1669.238,
                1678.3690000000001
            ],
            [
                1780.061,
                1785.847
            ],
            [
                1801.793,
                1809.0980000000002
            ]
        ]
    },
    "D": {
        "duration": 52.76700000000005,
        "intervals": [
            [
                785.791,
                813.048
            ],
            [
                814.568,
                828.4110000000001
            ],
            [
                927.524,
                939.191
            ]
        ]
    },
    "E": {
        "duration": 156.87400000000014,
        "intervals": [
            [
                955.373,
                961.816
            ],
            [
                965.626,
                982.707
            ],
            [
                986.219,
                992.922
            ],
            [
                1000.596,
                1005.657
            ],
            [
                1009.783,
                1090.209
            ],
            [
                1189.328,
                1200.278
            ],
            [
                1395.46,
                1410.1970000000001
            ],
            [
                1415.809,
                1423.31
            ],
            [
                1678.369,
                1686.341
            ]
        ]
    },
    "F": {
        "duration": 91.87199999999984,
        "intervals": [
            [
                1251.845,
                1311.1789999999999
            ],
            [
                1375.998,
                1390.993
            ],
            [
                1702.394,
                1708.611
            ],
            [
                1713.952,
                1719.517
            ],
            [
                1817.176,
                1822.937
            ]
        ]
    }
}