{
    "176": {
        "duration": 0.3930000000000291,
        "intervals": [
            [
                655.808,
                656.201
            ]
        ]
    },
    "177": {
        "duration": 0.6730000000000018,
        "intervals": [
            [
                657.254,
                657.927
            ]
        ]
    },
    "A": {
        "duration": 291.2469999999999,
        "intervals": [
            [
                0.277,
                8.005
            ],
            [
                11.386,
                100.678
            ],
            [
                102.571,
                110.072
            ],
            [
                160.016,
                164.781
            ],
            [
                252.722,
                296.21999999999997
            ],
            [
                298.586,
                305.653
            ],
            [
                320.244,
                321.471
            ],
            [
                326.391,
                338.45599999999996
            ],
            [
                339.275,
                364.301
            ],
            [
                394.835,
                413.117
            ],
            [
                415.604,
                429.407
            ],
            [
                443.355,
                458.34
            ],
            [
                461.077,
                465.13
            ],
            [
                468.604,
                474.068
            ],
            [
                477.083,
                478.00800000000004
            ],
            [
                498.309,
                500.49800000000005
            ],
            [
                621.277,
                654.654
            ]
        ]
    },
    "B": {
        "duration": 115.55400000000013,
        "intervals": [
            [
                9.35,
                10.013
            ],
            [
                100.678,
                101.196
            ],
            [
                114.261,
                158.18900000000002
            ],
            [
                309.123,
                319.99800000000005
            ],
            [
                321.47,
                325.869
            ],
            [
                338.695,
                339.11199999999997
            ],
            [
                367.63,
                394.83500000000004
            ],
            [
                413.659,
                415.605
            ],
            [
                430.292,
                442.961
            ],
            [
                459.154,
                461.078
            ],
            [
                465.649,
                468.145
            ],
            [
                474.331,
                475.66200000000003
            ],
            [
                479.594,
                486.777
            ]
        ]
    },
    "C": {
        "duration": 109.00200000000004,
        "intervals": [
            [
                168.893,
                244.691
            ],
            [
                244.944,
                252.337
            ],
            [
                487.239,
                488.964
            ],
            [
                492.141,
                497.23199999999997
            ],
            [
                500.99,
                503.16700000000003
            ],
            [
                504.816,
                516.918
            ],
            [
                540.867,
                540.899
            ],
            [
                557.106,
                561.79
            ]
        ]
    },
    "D": {
        "duration": 101.72400000000007,
        "intervals": [
            [
                244.912,
                244.94400000000002
            ],
            [
                296.674,
                297.592
            ],
            [
                490.381,
                491.631
            ],
            [
                503.909,
                504.815
            ],
            [
                517.465,
                540.109
            ],
            [
                540.899,
                557.107
            ],
            [
                562.38,
                621.277
            ],
            [
                658.37,
                659.239
            ]
        ]
    }
}