{
    "A": {
        "duration": 220.65599999999995,
        "intervals": [
            [
                42.172,
                43.263999999999996
            ],
            [
                437.063,
                439.851
            ],
            [
                443.694,
                445.90000000000003
            ],
            [
                453.209,
                454.694
            ],
            [
                459.962,
                460.443
            ],
            [
                467.846,
                469.474
            ],
            [
                476.589,
                478.428
            ],
            [
                484.918,
                557.79
            ],
            [
                576.749,
                582.636
            ],
            [
                584.844,
                611.277
            ],
            [
                658.22,
                658.628
            ],
            [
                1092.58,
                1098.2959999999998
            ],
            [
                1109.793,
                1120.0649999999998
            ],
            [
                1142.277,
                1142.69
            ],
            [
                1277.481,
                1278.74
            ],
            [
                1358.615,
                1362.5910000000001
            ],
            [
                1416.678,
                1417.765
            ],
            [
                1463.562,
                1466.3919999999998
            ],
            [
                1472.609,
                1473.2959999999998
            ],
            [
                1488.392,
                1493.444
            ],
            [
                1596.723,
                1599.998
            ],
            [
                1868.184,
                1895.172
            ],
            [
                1897.493,
                1939.4750000000001
            ]
        ]
    },
    "B": {
        "duration": 142.54799999999994,
        "intervals": [
            [
                17.211,
                17.991
            ],
            [
                70.328,
                103.913
            ],
            [
                127.442,
                162.071
            ],
            [
                184.92,
                217.468
            ],
            [
                234.681,
                275.68699999999995
            ]
        ]
    },
    "C": {
        "duration": 252.48100000000017,
        "intervals": [
            [
                43.767,
                53.345000000000006
            ],
            [
                58.637,
                62.317
            ],
            [
                63.936,
                68.296
            ],
            [
                103.913,
                108.862
            ],
            [
                113.694,
                125.566
            ],
            [
                162.309,
                167.814
            ],
            [
                168.728,
                180.276
            ],
            [
                218.195,
                218.23
            ],
            [
                224.184,
                225.841
            ],
            [
                288.107,
                292.927
            ],
            [
                295.566,
                300.25800000000004
            ],
            [
                302.969,
                308.838
            ],
            [
                311.135,
                312.009
            ],
            [
                316.872,
                322.59099999999995
            ],
            [
                325.011,
                328.708
            ],
            [
                330.919,
                337.738
            ],
            [
                339.098,
                342.426
            ],
            [
                395.808,
                397.519
            ],
            [
                408.871,
                413.166
            ],
            [
                420.758,
                422.302
            ],
            [
                441.195,
                443.195
            ],
            [
                445.9,
                453.208
            ],
            [
                455.983,
                459.182
            ],
            [
                460.443,
                467.433
            ],
            [
                469.93,
                476.067
            ],
            [
                558.152,
                563.2090000000001
            ],
            [
                565.854,
                568.61
            ],
            [
                574.169,
                576.749
            ],
            [
                611.277,
                613.942
            ],
            [
                624.004,
                625.766
            ],
            [
                626.608,
                629.295
            ],
            [
                630.99,
                635.4920000000001
            ],
            [
                670.967,
                673.664
            ],
            [
                677.781,
                678.4259999999999
            ],
            [
                691.274,
                693.574
            ],
            [
                699.595,
                701.649
            ],
            [
                739.751,
                744.947
            ],
            [
                791.009,
                791.2330000000001
            ],
            [
                1002.498,
                1005.635
            ],
            [
                1012.129,
                1021.392
            ],
            [
                1032.65,
                1035.0410000000002
            ],
            [
                1056.765,
                1059.7920000000001
            ],
            [
                1072.072,
                1073.54
            ],
            [
                1297.806,
                1301.027
            ],
            [
                1302.595,
                1307.364
            ],
            [
                1310.688,
                1313.8180000000002
            ],
            [
                1372.074,
                1374.992
            ],
            [
                1380.12,
                1386.4569999999999
            ],
            [
                1394.216,
                1399.194
            ],
            [
                1403.035,
                1406.4840000000002
            ],
            [
                1417.966,
                1426.447
            ],
            [
                1436.392,
                1438.49
            ],
            [
                1447.468,
                1451.673
            ],
            [
                1460.047,
                1462.84
            ],
            [
                1466.392,
                1470.884
            ],
            [
                1476.959,
                1482.8890000000001
            ],
            [
                1485.667,
                1488.3919999999998
            ],
            [
                1493.63,
                1496.5700000000002
            ],
            [
                1505.947,
                1507.8339999999998
            ],
            [
                1511.679,
                1515.542
            ],
            [
                1536.342,
                1540.8000000000002
            ],
            [
                1632.41,
                1632.488
            ],
            [
                1636.536,
                1639.084
            ],
            [
                1816.082,
                1816.6660000000002
            ]
        ]
    },
    "D": {
        "duration": 533.2009999999995,