{
    "A": {
        "duration": 669.7399999999997,
        "intervals": [
            [
                27.096,
                28.211
            ],
            [
                40.274,
                49.714
            ],
            [
                60.286,
                62.066
            ],
            [
                63.214,
                65.431
            ],
            [
                239.677,
                428.411
            ],
            [
                463.995,
                498.95000000000005
            ],
            [
                503.859,
                564.646
            ],
            [
                568.873,
                569.067
            ],
            [
                578.222,
                590.928
            ],
            [
                599.339,
                601.264
            ],
            [
                611.609,
                649.131
            ],
            [
                676.769,
                771.232
            ],
            [
                785.528,
                838.9419999999999
            ],
            [
                875.792,
                937.012
            ],
            [
                962.348,
                1053.9959999999999
            ],
            [
                1066.519,
                1084.1390000000001
            ]
        ]
    },
    "B": {
        "duration": 405.659,
        "intervals": [
            [
                0.555,
                26.266000000000002
            ],
            [
                28.212,
                40.273999999999994
            ],
            [
                50.446,
                59.721
            ],
            [
                62.461,
                63.214
            ],
            [
                65.431,
                238.43699999999998
            ],
            [
                428.743,
                462.522
            ],
            [
                499.196,
                503.27000000000004
            ],
            [
                564.793,
                568.49
            ],
            [
                569.45,
                577.837
            ],
            [
                590.927,
                598.717
            ],
            [
                601.96,
                611.609
            ],
            [
                650.005,
                675.2810000000001
            ],
            [
                771.231,
                785.11
            ],
            [
                838.942,
                875.792
            ],
            [
                937.011,
                961.065
            ],
            [
                1054.298,
                1065.614
            ],
            [
                1086.364,
                1092.465
            ]
        ]
    }
}