{
    "A": {
        "duration": 142.38499999999996,
        "intervals": [
            [
                142.822,
                157.792
            ],
            [
                243.95,
                260.743
            ],
            [
                266.824,
                270.697
            ],
            [
                274.995,
                311.73400000000004
            ],
            [
                314.778,
                320.279
            ],
            [
                328.656,
                332.556
            ],
            [
                347.163,
                348.95300000000003
            ],
            [
                355.544,
                364.316
            ],
            [
                366.215,
                371.12899999999996
            ],
            [
                423.755,
                436.392
            ],
            [
                450.488,
                451.97
            ],
            [
                480.421,
                482.331
            ],
            [
                487.703,
                490.405
            ],
            [
                507.382,
                507.392
            ],
            [
                516.068,
                519.0989999999999
            ],
            [
                521.989,
                522.438
            ],
            [
                525.768,
                526.2710000000001
            ],
            [
                552.376,
                556.338
            ],
            [
                561.185,
                567.088
            ],
            [
                569.739,
                574.451
            ],
            [
                576.172,
                580.716
            ],
            [
                586.288,
                587.797
            ],
            [
                614.709,
                616.4879999999999
            ]
        ]
    },
    "B": {
        "duration": 113.75300000000004,
        "intervals": [
            [
                129.357,
                142.822
            ],
            [
                157.791,
                165.547
            ],
            [
                202.994,
                218.092
            ],
            [
                382.305,
                423.60900000000004
            ],
            [
                436.393,
                447.811
            ],
            [
                455.25,
                479.962
            ]
        ]
    },
    "C": {
        "duration": 283.92100000000016,
        "intervals": [
            [
                84.876,
                88.553
            ],
            [
                169.732,
                171.391
            ],
            [
                173.543,
                178.373
            ],
            [
                271.504,
                274.995
            ],
            [
                311.734,
                314.77799999999996
            ],
            [
                320.93,
                328.65599999999995
            ],
            [
                332.756,
                333.416
            ],
            [
                336.248,
                345.976
            ],
            [
                348.953,
                355.545
            ],
            [
                364.694,
                366.214
            ],
            [
                371.129,
                377.87
            ],
            [
                447.81,
                450.176
            ],
            [
                451.97,
                454.898
            ],
            [
                482.331,
                487.702
            ],
            [
                490.404,
                502.65200000000004
            ],
            [
                513.741,
                515.307
            ],
            [
                519.492,
                521.012
            ],
            [
                527.632,
                552.172
            ],
            [
                556.72,
                560.616
            ],
            [
                574.624,
                575.697
            ],
            [
                587.797,
                614.344
            ],
            [
                616.488,
                640.265
            ],
            [
                644.161,
                652.5970000000001
            ],
            [
                655.641,
                661.2180000000001
            ],
            [
                664.691,
                668.4250000000001
            ],
            [
                671.222,
                684.198
            ],
            [
                687.224,
                755.286
            ],
            [
                856.226,
                862.394
            ],
            [
                865.399,
                866.474
            ],
            [
                871.501,
                875.207
            ],
            [
                877.384,
                878.3929999999999
            ],
            [
                995.134,
                999.817
            ],
            [
                1097.913,
                1101.9089999999999
            ],
            [
                1105.159,
                1105.2230000000002
            ],
            [
                1107.334,
                1111.7250000000001
            ],
            [
                1141.187,
                1145.731
            ]
        ]
    },
    "D": {
        "duration": 104.65399999999997,
        "intervals": [
            [
                197.93,
                202.994
            ],
            [
                218.418,
                221.776
            ],
            [
                333.416,
                336.248
            ],
            [
                762.826,
                856.226
            ]
        ]
    },
    "E": {
        "duration": 116.74099999999999,
        "intervals": [
            [
                878.393,
                995.134
            ]
        ]
    },
    "F": {
        "duration": 257.29700000000014,