{
    "A": {
        "duration": 304.693,
        "intervals": [
            [
                1577.716,
                1631.5259999999998
            ],
            [
                1634.3,
                1734.7359999999999
            ],
            [
                1738.788,
                1749.946
            ],
            [
                1751.888,
                1754.8300000000002
            ],
            [
                1756.826,
                1767.7459999999999
            ],
            [
                2251.255,
                2274.033
            ],
            [
                2277.627,
                2298.059
            ],
            [
                2299.411,
                2326.356
            ],
            [
                2331.72,
                2386.9919999999997
            ]
        ]
    },
    "B": {
        "duration": 269.645,
        "intervals": [
            [
                181.261,
                181.59199999999998
            ],
            [
                195.161,
                197.814
            ],
            [
                203.411,
                203.507
            ],
            [
                232.448,
                234.37
            ],
            [
                1167.436,
                1170.5559999999998
            ],
            [
                1299.824,
                1451.5919999999999
            ],
            [
                1631.526,
                1634.0020000000002
            ],
            [
                1829.206,
                1936.277
            ],
            [
                2387.22,
                2387.428
            ]
        ]
    },
    "C": {
        "duration": 615.6640000000007,
        "intervals": [
            [
                2.793,
                18.159000000000002
            ],
            [
                18.714,
                23.500999999999998
            ],
            [
                26.904,
                28.018
            ],
            [
                29.219,
                30.316000000000003
            ],
            [
                33.191,
                35.169000000000004
            ],
            [
                37.611,
                49.992
            ],
            [
                56.865,
                59.005
            ],
            [
                60.296,
                66.244
            ],
            [
                68.761,
                84.451
            ],
            [
                86.457,
                104.26700000000001
            ],
            [
                106.405,
                107.424
            ],
            [
                110.312,
                143.264
            ],
            [
                143.711,
                174.767
            ],
            [
                175.505,
                179.856
            ],
            [
                244.542,
                248.656
            ],
            [
                259.686,
                260.52099999999996
            ],
            [
                262.813,
                265.771
            ],
            [
                269.187,
                274.65099999999995
            ],
            [
                279.485,
                282.06
            ],
            [
                284.249,
                300.627
            ],
            [
                304.746,
                308.048
            ],
            [
                311.381,
                316.16200000000003
            ],
            [
                368.69,
                374.287
            ],
            [
                380.742,
                389.198
            ],
            [
                469.441,
                474.434
            ],
            [
                476.931,
                477.74399999999997
            ],
            [
                483.207,
                494.662
            ],
            [
                497.192,
                512.154
            ],
            [
                517.055,
                521.7159999999999
            ],
            [
                524.107,
                525.552
            ],
            [
                528.972,
                552.135
            ],
            [
                560.716,
                561.538
            ],
            [
                564.815,
                565.35
            ],
            [
                572.648,
                574.1460000000001
            ],
            [
                580.723,
                585.687
            ],
            [
                588.293,
                592.4419999999999
            ],
            [
                596.585,
                608.8449999999999
            ],
            [
                612.617,
                630.507
            ],
            [
                634.08,
                645.1650000000001
            ],
            [
                647.759,
                650.9010000000001
            ],
            [
                653.9,
                657.4699999999999
            ],
            [
                668.807,
                669.992
            ],
            [
                671.603,
                676.218
            ],
            [
                679.379,
                683.619
            ],
            [
                685.083,
                692.343
            ],
            [
                697.668,
                714.2230000000001
            ],
            [
                719.447,
                729.821
            ],
            [
                734.894,
                746.796
            ],
            [
                1014.15,
                1015.058
            ],
            [
                1020.862,
                1021.7339999999999
            ],
            [
                1027.99,
                1033.876
            ],
            [
                1041.157,
                1042.36
            ],
            [
                1046.593,
                1048.046
            ],
            [
                1050.607,
                1051.292
            ],
            [
                1262.501,
                1267.461
            ],
            [
                1288.457,
                1290.21
            ],
            [
                1459.291,
                1460.712
            ],
            [
                1465.992,
                1482.297
            ],
            [
                1552.93,
                1563.519
            ],
            [
                1565.951,
                1575.3149999999998
            ],
            [
                1773.694,
                1781.2930000000001
            ],
            [
                1787.515,
                1792.9009999999998
            ],
            [
                1795.949,
                1798.0720000000001
            ],
            [
                1799.589,
                1815.23
            ],
            [
                1818.632,
                1828.295
            ],
            [
                2164.951,
                2191.3790000000004
            ],
            [
                2191.715,
                2199.967
            ],
            [
                2201.867,
                2203.259
            ],
            [
                2207.292,
                2216.477
            ],
            [
                2219.257,
                2239.993
            ],
            [
                2241.899,
                2250.874
            ],
            [
                2387.777,
                2392.7000000000003
            ],
            [
                2399.421,
                2401.8089999999997
            ],
            [
                2406.23,
                2407.136
            ],
            [
                2409.855,
                2411.7920000000004
            ],
            [
                2414.392,
                2421.944
            ],
            [
