{
    "A": {
        "duration": 323.2929999999998,
        "intervals": [
            [
                46.931,
                53.050000000000004
            ],
            [
                65.267,
                72.047
            ],
            [
                74.979,
                84.265
            ],
            [
                92.748,
                99.191
            ],
            [
                129.799,
                139.747
            ],
            [
                350.325,
                362.993
            ],
            [
                389.372,
                395.47700000000003
            ],
            [
                443.278,
                450.413
            ],
            [
                503.081,
                509.033
            ],
            [
                556.146,
                561.428
            ],
            [
                579.182,
                585.679
            ],
            [
                612.871,
                619.6809999999999
            ],
            [
                680.002,
                692.425
            ],
            [
                724.911,
                732.3919999999999
            ],
            [
                754.019,
                761.456
            ],
            [
                937.148,
                945.231
            ],
            [
                983.423,
                989.78
            ],
            [
                1057.393,
                1066.87
            ],
            [
                1087.643,
                1097.72
            ],
            [
                1101.06,
                1106.416
            ],
            [
                1147.758,
                1155.271
            ],
            [
                1199.416,
                1206.4950000000001
            ],
            [
                1251.352,
                1258.772
            ],
            [
                1272.969,
                1278.9070000000002
            ],
            [
                1308.852,
                1314.721
            ],
            [
                1354.148,
                1360.933
            ],
            [
                1471.682,
                1476.84
            ],
            [
                1658.397,
                1664.026
            ],
            [
                1683.727,
                1689.11
            ],
            [
                1840.42,
                1845.469
            ],
            [
                1849.34,
                1855.632
            ],
            [
                2062.473,
                2076.469
            ],
            [
                2080.181,
                2087.574
            ],
            [
                2096.564,
                2101.7830000000004
            ],
            [
                2138.297,
                2143.42
            ],
            [
                2285.597,
                2292.256
            ],
            [
                2312.702,
                2318.723
            ],
            [
                2359.903,
                2368.209
            ],
            [
                2399.212,
                2408.662
            ],
            [
                2516.392,
                2529.5170000000003
            ],
            [
                2576.541,
                2583.009
            ],
            [
                2673.508,
                2681.8019999999997
            ],
            [
                2750.984,
                2760.392
            ]
        ]
    },
    "B": {
        "duration": 894.0090000000051,
        "intervals": [
            [
                84.265,
                92.38199999999999
            ],
            [
                99.191,
                104.289
            ],
            [
                108.915,
                116.30699999999999
            ],
            [
                139.747,
                179.47899999999998
            ],
            [
                184.398,
                193.217
            ],
            [
                195.666,
                202.81
            ],
            [
                211.834,
                223.391
            ],
            [
                228.428,
                237.233
            ],
            [
                241.302,
                246.423
            ],
            [
                249.554,
                257.406
            ],
            [
                263.792,
                271.98900000000003
            ],
            [
                395.849,
                403.96200000000005
            ],
            [
                420.554,
                426.92900000000003
            ],
            [
                546.541,
                555.876
            ],
            [
                561.428,
                570.6030000000001
            ],
            [
                586.18,
                598.6659999999999
            ],
            [
                602.303,
                612.617
            ],
            [
                692.425,
                698.294
            ],
            [
                740.077,
                753.631
            ],
            [
                768.655,
                778.537
            ],
            [
                783.392,
                789.745
            ],
            [
                902.006,
                920.0930000000001
            ],
            [
                926.098,
                932.566
            ],
            [
                964.61,
                976.02
            ],
            [
                977.233,
                983.006
            ],
            [
                990.132,
                996.308
            ],
            [
                1076.887,
                1087.19
            ],
            [
                1160.35,
                1166.066
            ],
            [
                1168.595,
                1185.072
            ],
            [
                1191.166,
                1198.545
            ],
            [
                1227.349,
                1241.0230000000001
            ],
            [
                1263.885,
                1272.547
            ],
            [
                1279.225,
                1284.529
            ],
            [
                1289.252,
                1295.592
            ],
            [
                1298.155,
                1303.7630000000001
            ],
            [
                1325.025,
                1336.134
            ],
            [
                1339.369,
                1346.271
            ],
            [
                1384.597,
                1390.06
            ],
            [
                1458.439,
                1471.682
            ],
            [
                1477.232,
                1498.9240000000002
            ],
            [
                1528.617,
                1535.3619999999999
            ],
            [
                1540.922,
                1548.504
            ],
            [
                1552.52,
                1560.6879999999999
            ],
            [
                1564.637,
                1589.547
            ],
            [
                1594.855,
                1601.286
            ],
            [
                1712.443,
                1733.01
            ],
            [
                1739.764,
                1744.997
            ],
            [
                1755.061,
                1760.183
            ],
            [
                1823.59,
                1831.8839999999998
            ],
            [
                1832.537,
                1838.3120000000001
            ],
            [
                1856.01,
                1904.064
            ],
            [
                1905.636,
                1920.758
            ],
            [
                1949.925,
                1955.017
            ],
            [
