{
    "A": {
        "duration": 173.28000000000043,
        "intervals": [
            [
                838.969,
                849.927
            ],
            [
                854.27,
                866.273
            ],
            [
                1089.924,
                1095.022
            ],
            [
                1581.798,
                1600.897
            ],
            [
                1608.409,
                1633.3000000000002
            ],
            [
                1645.701,
                1657.1100000000001
            ],
            [
                1663.406,
                1672.741
            ],
            [
                1768.404,
                1783.006
            ],
            [
                1794.803,
                1802.316
            ],
            [
                2717.385,
                2725.3920000000003
            ],
            [
                2784.524,
                2792.255
            ],
            [
                2795.01,
                2800.4840000000004
            ],
            [
                2813.803,
                2827.5969999999998
            ],
            [
                3048.422,
                3064.346
            ],
            [
                3154.898,
                3162.34
            ]
        ]
    },
    "B": {
        "duration": 129.46399999999994,
        "intervals": [
            [
                659.963,
                699.325
            ],
            [
                703.083,
                717.02
            ],
            [
                721.072,
                734.616
            ],
            [
                1043.731,
                1068.399
            ],
            [
                2227.453,
                2242.79
            ],
            [
                2247.828,
                2260.852
            ],
            [
                2580.822,
                2590.414
            ]
        ]
    },
    "C": {
        "duration": 239.73700000000008,
        "intervals": [
            [
                1340.788,
                1396.688
            ],
            [
                1452.001,
                1463.903
            ],
            [
                1511.995,
                1521.096
            ],
            [
                1541.506,
                1546.756
            ],
            [
                2380.615,
                2427.428
            ],
            [
                2431.392,
                2436.6099999999997
            ],
            [
                2728.239,
                2780.504
            ],
            [
                3109.544,
                3152.912
            ],
            [
                3162.34,
                3172.26
            ]
        ]
    },
    "D": {
        "duration": 159.26199999999938,
        "intervals": [
            [
                791.654,
                801.109
            ],
            [
                1080.791,
                1089.924
            ],
            [
                1095.334,
                1101.622
            ],
            [
                1133.158,
                1142.009
            ],
            [
                1411.41,
                1432.27
            ],
            [
                1633.299,
                1645.701
            ],
            [
                2269.151,
                2274.6099999999997
            ],
            [
                2280.921,
                2293.9269999999997
            ],
            [
                2436.61,
                2450.474
            ],
            [
                2590.829,
                2595.833
            ],
            [
                2603.303,
                2614.493
            ],
            [
                2836.485,
                2849.129
            ],
            [
                2870.146,
                2884.992
            ],
            [
                2887.206,
                2895.936
            ],
            [
                3084.929,
                3092.459
            ]
        ]
    },
    "E": {
        "duration": 260.2669999999996,
        "intervals": [
            [
                131.919,
                141.869
            ],
            [
                210.47,
                217.649
            ],
            [
                242.904,
                249.27599999999998
            ],
            [
                415.56,
                423.818
            ],
            [
                507.166,
                513.722
            ],
            [
                516.945,
                522.393
            ],
            [
                524.693,
                530.2979999999999
            ],
            [
                573.893,
                583.2959999999999
            ],
            [
                592.591,
                599.631
            ],
            [
                639.863,
                644.951
            ],
            [
                815.861,
                828.4590000000001
            ],
            [
                867.993,
                873.8100000000001
            ],
            [
                907.04,
                912.2969999999999
            ],
            [
                1074.875,
                1080.791
            ],
            [
                1213.024,
                1219.705
            ],
            [
                1223.915,
                1241.093
            ],
            [
                1246.21,
                1254.376
            ],
            [
                1273.119,
                1279.7359999999999
            ],
            [
                1700.29,
                1705.72
            ],
            [
                1718.408,
                1723.449
            ],
            [
                1725.113,
                1730.408
            ],
            [
                1731.353,
                1737.193
            ],
            [
                1804.675,
                1813.143
            ],
            [
                2112.143,
                2119.982
            ],
            [
                2133.434,
                2148.412
            ],
            [
                2330.411,
                2336.17
            ],
            [
                2359.792,
                2365.792
            ],
            [
                2452.391,
                2459.176
            ],
            [
                2683.257,
                2689.254
            ],
            [
                2711.975,
                2717.095
            ],
            [
                2806.044,
                2811.23
            ],
            [
                2927.708,
                2935.824
            ],
            [
                3379.111,
                3388.041
            ],
            [
                3405.758,
                3422.112
            ]
        ]
    },
    "F": {
        "duration": 71.33600000000001,
        "intervals": [
            [
                1905.402,
                1938.028
            ],
            [
                2027.29,
                2035.02
            ],
            [
                3257.071,
                3288.051
            ]
        ]
    },
    "G": {
        "duration": 79.05200000000013,
        "intervals": [
            [
                1955.011,
                1996.79
            ],
            [
                3306.774,
                3344.047
            ]
        ]
    },
    "H": {
        "duration": 73.57100000000014,