{
    "A": {
        "duration": 321.86799999999994,
        "intervals": [
            [
                329.483,
                370.05
            ],
            [
                373.208,
                401.64799999999997
            ],
            [
                954.804,
                1036.238
            ],
            [
                1488.618,
                1562.644
            ],
            [
                1905.407,
                1952.923
            ],
            [
                2911.059,
                2952.961
            ],
            [
                2976.38,
                2981.4390000000003
            ],
            [
                3058.509,
                3061.31
            ],
            [
                3135.287,
                3135.41
            ]
        ]
    },
    "B": {
        "duration": 263.5530000000002,
        "intervals": [
            [
                1.212,
                8.362
            ],
            [
                595.343,
                599.661
            ],
            [
                687.997,
                755.419
            ],
            [
                1158.297,
                1159.7050000000002
            ],
            [
                1369.972,
                1406.105
            ],
            [
                1450.803,
                1479.216
            ],
            [
                2374.21,
                2374.748
            ],
            [
                2705.263,
                2783.227
            ],
            [
                2786.15,
                2789.8830000000003
            ],
            [
                2816.861,
                2850.0640000000003
            ],
            [
                3137.938,
                3138.578
            ],
            [
                3143.325,
                3145.9559999999997
            ]
        ]
    },
    "C": {
        "duration": 333.1900000000002,
        "intervals": [
            [
                501.42,
                530.6949999999999
            ],
            [
                531.993,
                564.462
            ],
            [
                566.138,
                582.8090000000001
            ],
            [
                1072.433,
                1129.81
            ],
            [
                1788.792,
                1852.9479999999999
            ],
            [
                1858.197,
                1897.545
            ],
            [
                2573.392,
                2610.321
            ],
            [
                2617.206,
                2674.1710000000003
            ]
        ]
    },
    "D": {
        "duration": 322.4880000000004,
        "intervals": [
            [
                11.141,
                24.455
            ],
            [
                26.713,
                27.948
            ],
            [
                37.463,
                37.5
            ],
            [
                41.339,
                44.824
            ],
            [
                53.236,
                55.513999999999996
            ],
            [
                56.773,
                61.532000000000004
            ],
            [
                74.091,
                75.463
            ],
            [
                80.76,
                81.536
            ],
            [
                84.883,
                89.095
            ],
            [
                91.964,
                93.798
            ],
            [
                136.495,
                136.87
            ],
            [
                371.203,
                371.863
            ],
            [
                481.881,
                491.457
            ],
            [
                530.957,
                531.9929999999999
            ],
            [
                668.01,
                674.939
            ],
            [
                755.792,
                761.74
            ],
            [
                766.702,
                768.484
            ],
            [
                900.877,
                902.0459999999999
            ],
            [
                1045.315,
                1054.403
            ],
            [
                1064.401,
                1065.0900000000001
            ],
            [
                1129.81,
                1138.022
            ],
            [
                1215.609,
                1219.009
            ],
            [
                1260.191,
                1263.75
            ],
            [
                1407.468,
                1411.332
            ],
            [
                1428.352,
                1431.303
            ],
            [
                1436.28,
                1439.692
            ],
            [
                1565.009,
                1570.963
            ],
            [
                1577.219,
                1581.49
            ],
            [
                1585.911,
                1591.392
            ],
            [
                1603.592,
                1610.45
            ],
            [
                1650.593,
                1662.7140000000002
            ],
            [
                1780.005,
                1783.009
            ],
            [
                1852.948,
                1858.1970000000001
            ],
            [
                1897.545,
                1905.4070000000002
            ],
            [
                1977.394,
                1980.948
            ],
            [
                1990.096,
                1993.434
            ],
            [
                1999.488,
                2008.81
            ],
            [
                2014.156,
                2015.3
            ],
            [
                2021.22,
                2023.527
            ],
            [
                2161.895,
                2167.204
            ],
            [
                2172.012,
                2180.193
            ],
            [
                2187.181,
                2197.8030000000003
            ],
            [
                2198.45,
                2199.2039999999997
            ],
            [
                2266.442,
                2290.022
            ],
            [
                2292.416,
                2293.03
            ],
            [
                2309.494,
                2311.288
            ],
            [
                2320.412,
                2321.777
            ],
            [
                2388.692,
                2391.667
            ],
            [
                2418.139,
                2421.953
            ],
            [
                2512.91,
                2516.2439999999997
            ],
            [
                2520.249,
                2535.2850000000003
            ],
            [
                2538.376,
                2538.59
            ],
            [
                2546.789,
                2550.344
            ],
            [
                2551.922,
                2555.093
            ],
            [
                2560.035,
                2561.68
            ],
            [
                2674.171,
                2682.283
            ],
            [
                2687.074,
                2690.992
            ],
            [
                2783.757,
                2785.59
            ],
            [
                2789.883,
                2797.6220000000003
            ],
            [
                2798.874,
                2800.703
            ],
            [
                2810.624,
                2816.3199999999997
            ],
            [
                2850.064,
                2853.8779999999997
            ],
            [
                2908.44,
                2910.701
            ],
            [
                2953.544,
                2955.194
            ],
            [
                2985.952,
                2993.225
