{
    "A": {
        "duration": 54.79400000000007,
        "intervals": [
            [
                165.019,
                166.30100000000002
            ],
            [
                335.796,
                383.408
            ],
            [
                461.425,
                463.60900000000004
            ],
            [
                651.125,
                651.891
            ],
            [
                724.287,
                727.2370000000001
            ]
        ]
    },
    "B": {
        "duration": 92.75699999999989,
        "intervals": [
            [
                428.914,
                440.84000000000003
            ],
            [
                445.905,
                461.01
            ],
            [
                466.584,
                484.797
            ],
            [
                549.666,
                563.2149999999999
            ],
            [
                622.652,
                637.301
            ],
            [
                654.654,
                656.593
            ],
            [
                662.089,
                665.894
            ],
            [
                710.716,
                724.287
            ]
        ]
    },
    "C": {
        "duration": 102.26499999999993,
        "intervals": [
            [
                13.65,
                14.291
            ],
            [
                136.519,
                137.321
            ],
            [
                169.619,
                198.521
            ],
            [
                283.792,
                284.49899999999997
            ],
            [
                286.291,
                288.191
            ],
            [
                306.992,
                308.499
            ],
            [
                463.609,
                466.584
            ],
            [
                484.797,
                490.24100000000004
            ],
            [
                548.431,
                548.903
            ],
            [
                563.215,
                566.538
            ],
            [
                573.492,
                603.116
            ],
            [
                616.088,
                620.091
            ],
            [
                656.593,
                659.7249999999999
            ],
            [
                708.456,
                709.106
            ],
            [
                727.237,
                730.2339999999999
            ],
            [
                783.812,
                798.998
            ]
        ]
    },
    "D": {
        "duration": 517.352,
        "intervals": [
            [
                0.398,
                13.449
            ],
            [
                15.576,
                135.492
            ],
            [
                138.002,
                163.37
            ],
            [
                166.592,
                167.35000000000002
            ],
            [
                200.401,
                282.895
            ],
            [
                285.905,
                286.01099999999997
            ],
            [
                288.191,
                305.756
            ],
            [
                310.436,
                335.49
            ],
            [
                383.408,
                427.03900000000004
            ],
            [
                441.926,
                445.61699999999996
            ],
            [
                490.517,
                546.8629999999999
            ],
            [
                566.538,
                573.072
            ],
            [
                604.395,
                616.0880000000001
            ],
            [
                620.42,
                622.6529999999999
            ],
            [
                638.24,
                650.174
            ],
            [
                652.723,
                654.1650000000001
            ],
            [
                660.337,
                662.0889999999999
            ],
            [
                666.333,
                706.725
            ],
            [
                730.234,
                783.626
            ]
        ]
    }
}