{
    "A": {
        "duration": 109.47500000000025,
        "intervals": [
            [
                979.631,
                979.99
            ],
            [
                1453.901,
                1535.384
            ],
            [
                1537.01,
                1561.1180000000002
            ],
            [
                1598.267,
                1601.7920000000001
            ]
        ]
    },
    "B": {
        "duration": 228.858,
        "intervals": [
            [
                306.133,
                435.50300000000004
            ],
            [
                836.683,
                836.703
            ],
            [
                861.069,
                862.496
            ],
            [
                1009.39,
                1010.197
            ],
            [
                1068.728,
                1069.41
            ],
            [
                1109.978,
                1110.184
            ],
            [
                1289.306,
                1291.593
            ],
            [
                1451.454,
                1452.682
            ],
            [
                1535.99,
                1536.797
            ],
            [
                1586.717,
                1598.2669999999998
            ],
            [
                1601.792,
                1680.7910000000002
            ],
            [
                2332.766,
                2333.991
            ],
            [
                2480.328,
                2480.578
            ]
        ]
    },
    "C": {
        "duration": 473.885000000001,
        "intervals": [
            [
                1.897,
                6.203
            ],
            [
                35.377,
                38.247
            ],
            [
                41.276,
                44.118
            ],
            [
                54.903,
                61.933
            ],
            [
                67.426,
                71.29899999999999
            ],
            [
                76.273,
                78.65599999999999
            ],
            [
                80.188,
                84.04299999999999
            ],
            [
                99.989,
                104.347
            ],
            [
                110.241,
                111.55199999999999
            ],
            [
                127.609,
                129.715
            ],
            [
                150.036,
                152.559
            ],
            [
                163.446,
                167.798
            ],
            [
                184.437,
                185.591
            ],
            [
                191.244,
                192.894
            ],
            [
                201.626,
                201.709
            ],
            [
                205.98,
                208.153
            ],
            [
                224.944,
                228.791
            ],
            [
                233.646,
                235.66099999999997
            ],
            [
                248.974,
                250.678
            ],
            [
                265.162,
                266.421
            ],
            [
                267.901,
                275.112
            ],
            [
                288.227,
                290.808
            ],
            [
                295.004,
                300.331
            ],
            [
                440.61,
                464.273
            ],
            [
                465.261,
                469.237
            ],
            [
                472.389,
                477.12899999999996
            ],
            [
                479.491,
                481.49899999999997
            ],
            [
                481.781,
                484.265
            ],
            [
                512.987,
                515.903
            ],
            [
                517.609,
                519.3670000000001
            ],
            [
                801.338,
                815.294
            ],
            [
                818.827,
                824.91
            ],
            [
                829.484,
                831.811
            ],
            [
                1110.502,
                1142.582
            ],
            [
                1143.809,
                1152.437
            ],
            [
                1161.359,
                1173.2340000000002
            ],
            [
                1174.731,
                1178.041
            ],
            [
                1182.821,
                1183.8539999999998
            ],
            [
                1391.585,
                1396.553
            ],
            [
                1405.627,
                1411.623
            ],
            [
                1412.2,
                1415.81
            ],
            [
                1420.959,
                1433.7839999999999
            ],
            [
                1434.232,
                1443.6080000000002
            ],
            [
                1444.664,
                1449.893
            ],
            [
                1568.396,
                1581.297
            ],
            [
                1583.007,
                1584.8410000000001
            ],
            [
                1686.209,
                1694.7250000000001
            ],
            [
                1695.592,
                1704.21
            ],
            [
                1704.881,
                1711.895
            ],
            [
                1931.006,
                1946.286
            ],
            [
                1947.125,
                1963.293
            ],
            [
                1963.72,
                1975.3690000000001
            ],
            [
                1976.036,
                1980.2820000000002
            ],
            [
                1981.491,
                1990.776
            ],
            [
                1993.088,
                2009.4279999999999
            ],
            [
                2012.929,
                2022.673
            ],
            [
                2025.655,
                2026.512
            ],
            [
                2036.259,
                2045.383
            ],
            [
                2047.005,
                2052.63
            ],
            [
                2053.244,
                2065.515
            ],
            [
                2065.792,
                2081.6090000000004
            ],
            [
                2358.286,
                2361.04
            ],
            [
                2365.61,
                2388.191
            ],
            [
                2389.12,
                2401.927
            ],
            [
                2414.116,
                2432.862
            ],
            [
                2439.3,
                2441.7870000000003
            ],
            [
                2452.327,
                2454.1580000000004
            ],
            [
                2456.803,
                2462.427
            ],
            [
                2467.827,
                2469.393
            ],
            [
                2471.644,
                2478.19
            ]
        ]
    },
    "D": {
        "duration": 376.51099999999906,