{
    "A": {
        "duration": 122.05000000000001,
        "intervals": [
            [
                192.308,
                283.309
            ],
            [
                285.802,
                316.851
            ]
        ]
    },
    "B": {
        "duration": 318.9229999999998,
        "intervals": [
            [
                0.84,
                13.693999999999999
            ],
            [
                17.746,
                28.833
            ],
            [
                34.85,
                35.64
            ],
            [
                38.213,
                42.111000000000004
            ],
            [
                47.463,
                61.404999999999994
            ],
            [
                64.895,
                77.414
            ],
            [
                80.607,
                100.312
            ],
            [
                106.458,
                142.38500000000002
            ],
            [
                148.478,
                153.58499999999998
            ],
            [
                156.745,
                160.12
            ],
            [
                165.485,
                178.649
            ],
            [
                183.332,
                185.888
            ],
            [
                188.992,
                190.42299999999997
            ],
            [
                283.583,
                285.802
            ],
            [
                316.852,
                321.50600000000003
            ],
            [
                324.457,
                327.231
            ],
            [
                329.856,
                335.222
            ],
            [
                338.686,
                340.83099999999996
            ],
            [
                344.336,
                358.79200000000003
            ],
            [
                362.229,
                366.413
            ],
            [
                368.744,
                371.25800000000004
            ],
            [
                375.41,
                389.42999999999995
            ],
            [
                398.758,
                401.397
            ],
            [
                406.296,
                421.45099999999996
            ],
            [
                613.759,
                619.6899999999999
            ],
            [
                627.394,
                647.942
            ],
            [
                659.816,
                660.839
            ],
            [
                664.453,
                664.5169999999999
            ],
            [
                665.579,
                666.2829999999999
            ],
            [
                672.246,
                676.031
            ],
            [
                678.733,
                681.165
            ],
            [
                686.009,
                693.299
            ],
            [
                696.313,
                699.4209999999999
            ],
            [
                703.266,
                710.726
            ],
            [
                715.875,
                717.012
            ],
            [
                725.585,
                727.971
            ],
            [
                730.139,
                732.1610000000001
            ],
            [
                732.633,
                737.856
            ],
            [
                739.255,
                740.062
            ],
            [
                742.107,
                744.338
            ],
            [
                863.372,
                866.05
            ],
            [
                872.122,
                873.3639999999999
            ],
            [
                945.413,
                946.753
            ],
            [
                950.474,
                953.647
            ],
            [
                1022.898,
                1027.15
            ],
            [
                1031.449,
                1038.905
            ],
            [
                1042.45,
                1045.449
            ],
            [
                1046.618,
                1056.091
            ],
            [
                1090.267,
                1094.865
            ],
            [
                1110.475,
                1117.113
            ],
            [
                1119.785,
                1120.9930000000002
            ],
            [
                1122.525,
                1123.759
            ]
        ]
    },
    "C": {
        "duration": 222.88400000000007,
        "intervals": [
            [
                424.234,
                613.162
            ],
            [
                620.914,
                621.81
            ],
            [
                624.745,
                627.394
            ],
            [
                700.365,
                703.266
            ],
            [
                717.348,
                718.814
            ],
            [
                908.005,
                908.626
            ],
            [
                960.181,
                961.987
            ],
            [
                1056.944,
                1080.5610000000001
            ]
        ]
    },
    "D": {
        "duration": 277.96900000000016,