{
    "A": {
        "duration": 360.27100000000013,
        "intervals": [
            [
                0.123,
                114.774
            ],
            [
                252.928,
                327.31100000000004
            ],
            [
                382.83,
                392.262
            ],
            [
                482.196,
                519.35
            ],
            [
                611.477,
                625.102
            ],
            [
                633.7,
                635.437
            ],
            [
                638.034,
                647.664
            ],
            [
                704.265,
                713.094
            ],
            [
                721.504,
                722.2330000000001
            ],
            [
                744.662,
                746.422
            ],
            [
                775.01,
                796.932
            ],
            [
                806.119,
                812.471
            ],
            [
                814.33,
                825.297
            ],
            [
                834.992,
                884.092
            ]
        ]
    },
    "B": {
        "duration": 192.72199999999992,
        "intervals": [
            [
                118.932,
                183.337
            ],
            [
                187.751,
                252.751
            ],
            [
                331.364,
                382.829
            ],
            [
                466.599,
                467.303
            ],
            [
                471.889,
                474.01
            ],
            [
                627.748,
                630.568
            ],
            [
                635.801,
                637.75
            ],
            [
                647.664,
                651.922
            ]
        ]
    },
    "C": {
        "duration": 85.398,
        "intervals": [
            [
                183.671,
                187.095
            ],
            [
                396.554,
                466.257
            ],
            [
                467.561,
                471.88899999999995
            ],
            [
                474.285,
                482.19599999999997
            ],
            [
                887.996,
                888.028
            ]
        ]
    },
    "D": {
        "duration": 131.65200000000004,
        "intervals": [
            [
                525.003,
                611.478
            ],
            [
                717.641,
                720.409
            ],
            [
                722.685,
                744.355
            ],
            [
                747.254,
                757.971
            ],
            [
                796.932,
                805.469
            ],
            [
                812.653,
                814.138
            ]
        ]
    },
    "E": {
        "duration": 83.55599999999993,
        "intervals": [
            [
                396.53,
                396.554
            ],
            [
                625.499,
                627.748
            ],
            [
                630.879,
                633.28
            ],
            [
                651.922,
                704.264
            ],
            [
                757.971,
                775.01
            ],
            [
                825.491,
                834.992
            ]
        ]
    }
}