{
    "A": {
        "duration": 450.8809999999993,
        "intervals": [
            [
                91.916,
                92.218
            ],
            [
                768.115,
                768.5
            ],
            [
                1205.066,
                1206.195
            ],
            [
                1245.545,
                1247.8990000000001
            ],
            [
                1281.248,
                1284.25
            ],
            [
                1314.206,
                1316.0549999999998
            ],
            [
                1321.77,
                1324.0249999999999
            ],
            [
                1330.346,
                1337.231
            ],
            [
                1357.376,
                1456.815
            ],
            [
                1471.319,
                1624.984
            ],
            [
                1630.847,
                1631.694
            ],
            [
                1639.499,
                1677.076
            ],
            [
                1695.286,
                1773.6019999999999
            ],
            [
                1774.207,
                1832.274
            ],
            [
                1836.211,
                1838.396
            ],
            [
                1844.21,
                1846.834
            ]
        ]
    },
    "B": {
        "duration": 105.11599999999976,
        "intervals": [
            [
                1854.476,
                1959.5919999999999
            ]
        ]
    },
    "C": {
        "duration": 313.3219999999999,
        "intervals": [
            [
                0.037,
                1.365
            ],
            [
                107.546,
                146.98
            ],
            [
                165.642,
                198.693
            ],
            [
                203.703,
                288.277
            ],
            [
                311.818,
                375.72499999999997
            ],
            [
                412.14,
                473.757
            ],
            [
                488.396,
                517.2959999999999
            ],
            [
                1311.01,
                1311.521
            ]
        ]
    },
    "D": {
        "duration": 620.292000000001,
        "intervals": [
            [
                1.693,
                91.517
            ],
            [
                93.032,
                106.731
            ],
            [
                147.606,
                164.519
            ],
            [
                199.257,
                202.316
            ],
            [
                288.679,
                310.711
            ],
            [
                376.81,
                411.14500000000004
            ],
            [
                474.296,
                487.549
            ],
            [
                517.766,
                640.101
            ],
            [
                705.333,
                715.848
            ],
            [
                768.705,
                781.932
            ],
            [
                831.36,
                855.696
            ],
            [
                933.139,
                990.986
            ],
            [
                1052.926,
                1076.0900000000001
            ],
            [
                1146.255,
                1204.806
            ],
            [
                1273.625,
                1278.47
            ],
            [
                1284.668,
                1308.8200000000002
            ],
            [
                1317.133,
                1319.073
            ],
            [
                1324.024,
                1327.06
            ],
            [
                1337.997,
                1354.393
            ],
            [
                1458.228,
                1468.942
            ],
            [
                1625.214,
                1630.3190000000002
            ],
            [
                1631.694,
                1636.477
            ],
            [
                1677.812,
                1692.528
            ],
            [
                1773.601,
                1774.0410000000002
            ],
            [
                1832.664,
                1836.211
            ],
            [
                1838.837,
                1844.209
            ],
            [
                1846.834,
                1852.952
            ],
            [
                1959.593,
                1975.631
            ]
        ]
    },
    "E": {
        "duration": 364.94399999999996,
        "intervals": [
            [
                642.026,
                704.603
            ],
            [
                717.547,
                767.146
            ],
            [
                782.953,
                830.615
            ],
            [
                856.811,
                932.801
            ],
            [
                991.691,
                1052.713
            ],
            [
                1077.339,
                1145.433
            ]
        ]
    },
    "F": {
        "duration": 61.57500000000027,
        "intervals": [
            [
                1207.639,
                1245.152
            ],
            [
                1248.404,
                1272.4660000000001
            ]
        ]
    }
}