{
    "A": {
        "duration": 329.8579999999998,
        "intervals": [
            [
                7.315,
                37.103
            ],
            [
                39.164,
                95.05699999999999
            ],
            [
                97.57,
                106.171
            ],
            [
                199.916,
                207.233
            ],
            [
                208.872,
                234.751
            ],
            [
                289.992,
                343.937
            ],
            [
                417.192,
                432.555
            ],
            [
                467.392,
                511.86499999999995
            ],
            [
                580.249,
                593.913
            ],
            [
                595.122,
                601.062
            ],
            [
                660.056,
                665.3330000000001
            ],
            [
                701.042,
                704.765
            ],
            [
                709.793,
                716.589
            ],
            [
                718.98,
                720.792
            ],
            [
                749.255,
                753.454
            ],
            [
                754.792,
                777.992
            ],
            [
                788.52,
                789.1659999999999
            ],
            [
                827.434,
                828.656
            ],
            [
                854.429,
                866.307
            ],
            [
                910.361,
                910.43
            ],
            [
                922.285,
                926.7959999999999
            ],
            [
                930.353,
                933.8549999999999
            ],
            [
                955.609,
                957.769
            ]
        ]
    },
    "B": {
        "duration": 96.26899999999995,
        "intervals": [
            [
                349.588,
                411.501
            ],
            [
                433.036,
                467.392
            ]
        ]
    },
    "C": {
        "duration": 70.54400000000024,
        "intervals": [
            [
                3.593,
                4.82
            ],
            [
                515.843,
                564.099
            ],
            [
                566.838,
                570.4620000000001
            ],
            [
                574.793,
                577.491
            ],
            [
                601.062,
                603.673
            ],
            [
                603.992,
                610.477
            ],
            [
                728.703,
                730.831
            ],
            [
                833.234,
                836.749
            ]
        ]
    },
    "D": {
        "duration": 270.53,
        "intervals": [
            [
                107.031,
                199.916
            ],
            [
                235.42,
                289.99199999999996
            ],
            [
                593.914,
                594.707
            ],
            [
                617.657,
                652.329
            ],
            [
                665.332,
                690.255
            ],
            [
                720.792,
                728.703
            ],
            [
                731.494,
                740.802
            ],
            [
                817.268,
                820.613
            ],
            [
                867.89,
                910.0110000000001
            ]
        ]
    },
    "E": {
        "duration": 159.8059999999999,
        "intervals": [
            [
                37.103,
                38.259
            ],
            [
                95.918,
                96.77000000000001
            ],
            [
                207.736,
                208.70999999999998
            ],
            [
                411.5,
                416.633
            ],
            [
                564.099,
                566.581
            ],
            [
                570.461,
                574.793
            ],
            [
                577.491,
                579.749
            ],
            [
                603.99,
                603.992
            ],
            [
                610.477,
                617.6569999999999
            ],
            [
                652.328,
                660.055
            ],
            [
                690.255,
                700.532
            ],
            [
                705.056,
                709.793
            ],
            [
                717.02,
                718.711
            ],
            [
                740.802,
                748.69
            ],
            [
                754.48,
                754.792
            ],
            [
                777.992,
                788.3209999999999
            ],
            [
                789.617,
                816.985
            ],
            [
                820.613,
                827.02
            ],
            [
                828.655,
                833.233
            ],
            [
                836.749,
                854.275
            ],
            [
                866.557,
                866.643
            ],
            [
                910.43,
                922.284
            ],
            [
                926.795,
                929.9939999999999
            ],
            [
                934.151,
                955.609
            ]
        ]
    }
}