{
    "A": {
        "duration": 135.87800000000013,
        "intervals": [
            [
                146.242,
                147.373
            ],
            [
                156.533,
                157.468
            ],
            [
                167.756,
                171.372
            ],
            [
                211.083,
                301.148
            ],
            [
                600.978,
                629.2790000000001
            ],
            [
                637.025,
                639.28
            ],
            [
                645.211,
                651.193
            ],
            [
                652.816,
                656.409
            ]
        ]
    },
    "B": {
        "duration": 137.15399999999994,
        "intervals": [
            [
                342.409,
                344.876
            ],
            [
                350.701,
                364.826
            ],
            [
                373.577,
                374.112
            ],
            [
                376.993,
                378.734
            ],
            [
                383.937,
                395.337
            ],
            [
                420.269,
                502.08799999999997
            ],
            [
                509.434,
                510.31800000000004
            ],
            [
                651.193,
                652.47
            ],
            [
                656.409,
                667.183
            ],
            [
                670.795,
                678.5409999999999
            ],
            [
                693.424,
                697.81
            ]
        ]
    },
    "C": {
        "duration": 156.48200000000003,
        "intervals": [
            [
                111.181,
                145.076
            ],
            [
                150.134,
                156.532
            ],
            [
                160.424,
                167.756
            ],
            [
                337.416,
                337.983
            ],
            [
                348.722,
                348.99899999999997
            ],
            [
                381.932,
                383.611
            ],
            [
                515.413,
                539.016
            ],
            [
                542.126,
                579.685
            ],
            [
                633.609,
                636.128
            ],
            [
                642.344,
                643.7360000000001
            ],
            [
                678.809,
                681.2339999999999
            ],
            [
                684.902,
                693.4240000000001
            ],
            [
                697.81,
                728.124
            ]
        ]
    },
    "D": {
        "duration": 280.3209999999998,
        "intervals": [
            [
                0.01,
                110.048
            ],
            [
                175.325,
                209.252
            ],
            [
                301.285,
                335.76899999999995
            ],
            [
                338.904,
                342.409
            ],
            [
                344.876,
                346.08599999999996
            ],
            [
                364.979,
                373.222
            ],
            [
                374.112,
                376.993
            ],
            [
                396.434,
                414.28999999999996
            ],
            [
                502.089,
                509.121
            ],
            [
                510.707,
                514.943
            ],
            [
                539.016,
                542.126
            ],
            [
                579.685,
                596.2829999999999
            ],
            [
                629.279,
                633.609
            ],
            [
                639.279,
                642.143
            ],
            [
                643.975,
                644.9440000000001
            ],
            [
                667.496,
                670.795
            ],
            [
                681.234,
                684.903
            ],
            [
                728.413,
                750.483
            ]
        ]
    }
}