{
    "A": {
        "duration": 633.853,
        "intervals": [
            [
                66.903,
                126.57400000000001
            ],
            [
                127.641,
                266.07599999999996
            ],
            [
                316.825,
                362.65700000000004
            ],
            [
                411.644,
                418.933
            ],
            [
                424.676,
                432.41700000000003
            ],
            [
                476.44,
                482.90599999999995
            ],
            [
                492.532,
                504.205
            ],
            [
                521.935,
                530.662
            ],
            [
                544.997,
                554.114
            ],
            [
                573.623,
                581.924
            ],
            [
                584.103,
                609.005
            ],
            [
                631.591,
                661.571
            ],
            [
                665.958,
                677.192
            ],
            [
                678.971,
                688.7919999999999
            ],
            [
                777.809,
                795.5500000000001
            ],
            [
                799.748,
                813.976
            ],
            [
                833.632,
                853.2560000000001
            ],
            [
                889.957,
                929.3380000000001
            ],
            [
                1016.656,
                1033.22
            ],
            [
                1197.755,
                1210.211
            ],
            [
                1233.61,
                1240.53
            ],
            [
                1242.068,
                1250.202
            ],
            [
                1452.873,
                1460.5040000000001
            ],
            [
                1463.619,
                1484.032
            ],
            [
                1494.263,
                1503.158
            ],
            [
                1514.297,
                1524.732
            ],
            [
                1527.301,
                1542.357
            ],
            [
                1613.798,
                1621.5929999999998
            ],
            [
                1655.323,
                1663.879
            ],
            [
                1764.794,
                1774.475
            ],
            [
                1819.193,
                1844.9279999999999
            ],
            [
                1867.519,
                1872.938
            ]
        ]
    },
    "B": {
        "duration": 44.19300000000004,
        "intervals": [
            [
                270.344,
                314.53700000000003
            ]
        ]
    },
    "C": {
        "duration": 97.68999999999994,
        "intervals": [
            [
                691.494,
                777.81
            ],
            [
                1033.219,
                1044.593
            ]
        ]
    },
    "D": {
        "duration": 106.30299999999966,
        "intervals": [
            [
                935.606,
                1015.077
            ],
            [
                1314.104,
                1321.905
            ],
            [
                1406.236,
                1412.135
            ],
            [
                1678.612,
                1684.459
            ],
            [
                1852.862,
                1860.147
            ]
        ]
    },
    "E": {
        "duration": 277.99300000000073,
        "intervals": [
            [
                819.146,
                833.6320000000001
            ],
            [
                853.949,
                867.441
            ],
            [
                880.784,
                889.957
            ],
            [
                1071.186,
                1076.8760000000002
            ],
            [
                1080.874,
                1094.642
            ],
            [
                1097.471,
                1120.135
            ],
            [
                1178.007,
                1194.878
            ],
            [
                1210.211,
                1215.679
            ],
            [
                1264.54,
                1270.7230000000002
            ],
            [
                1275.288,
                1292.354
            ],
            [
                1299.365,
                1304.538
            ],
            [
                1336.827,
                1403.2830000000001
            ],
            [
                1432.252,
                1438.648
            ],
            [
                1556.206,
                1564.338
            ],
            [
                1581.707,
                1587.439
            ],
            [
                1634.815,
                1639.854
            ],
            [
                1696.206,
                1706.2089999999998
            ],
            [
                1709.753,
                1715.658
            ],
            [
                1718.027,
                1726.781
            ],
            [
                1727.762,
                1736.173
            ],
            [
                1782.412,
                1788.213
            ],
            [
                1793.742,
                1804.403
            ],
            [
                1860.85,
                1867.519
            ]
        ]
    },
    "F": {
        "duration": 127.40699999999981,
        "intervals": [
            [
                397.663,
                410.822
            ],
            [
                513.093,
                520.677
            ],
            [
                1052.453,
                1062.417
            ],
            [
                1124.996,
                1131.8890000000001
            ],
            [
                1134.537,
                1159.3909999999998
            ],
            [
                1162.509,
                1172.6670000000001
            ],
            [
                1292.497,
                1299.365
            ],
            [
                1549.056,
                1555.819
            ],
            [
                1564.475,
                1581.7079999999999
            ],
            [
                1588.353,
                1605.0240000000001
            ],
            [
                1736.52,
                1743.78
            ]
        ]
    }
}