{
    "A": {
        "duration": 67.47600000000003,
        "intervals": [
            [
                13.843,
                14.739
            ],
            [
                37.378,
                39.071
            ],
            [
                148.811,
                151.19400000000002
            ],
            [
                155.582,
                157.796
            ],
            [
                163.812,
                170.192
            ],
            [
                174.445,
                178.99200000000002
            ],
            [
                182.613,
                188.49099999999999
            ],
            [
                190.475,
                207.048
            ],
            [
                214.164,
                227.60999999999999
            ],
            [
                258.996,
                265.591
            ],
            [
                268.01,
                272.818
            ],
            [
                277.665,
                279.345
            ],
            [
                368.356,
                368.739
            ]
        ]
    },
    "B": {
        "duration": 246.538,
        "intervals": [
            [
                43.792,
                52.67
            ],
            [
                227.61,
                258.995
            ],
            [
                367.377,
                367.73
            ],
            [
                369.782,
                470.244
            ],
            [
                490.281,
                490.701
            ],
            [
                676.689,
                721.996
            ],
            [
                837.488,
                868.337
            ],
            [
                881.663,
                910.547
            ]
        ]
    },
    "C": {
        "duration": 134.19600000000003,
        "intervals": [
            [
                39.071,
                43.793
            ],
            [
                170.193,
                172.572
            ],
            [
                561.48,
                595.817
            ],
            [
                596.671,
                638.974
            ],
            [
                641.947,
                654.273
            ],
            [
                666.082,
                670.48
            ],
            [
                1820.806,
                1844.998
            ],
            [
                1857.507,
                1867.046
            ]
        ]
    },
    "D": {
        "duration": 258.823999999999,
        "intervals": [
            [
                1.856,
                3.712
            ],
            [
                57.608,
                64.198
            ],
            [
                68.381,
                73.526
            ],
            [
                82.959,
                84.38300000000001
            ],
            [
                88.803,
                88.815
            ],
            [
                92.789,
                95.94500000000001
            ],
            [
                98.137,
                103.393
            ],
            [
                106.048,
                118.41900000000001
            ],
            [
                124.136,
                129.439
            ],
            [
                132.408,
                140.384
            ],
            [
                299.415,
                304.56399999999996
            ],
            [
                306.337,
                309.42499999999995
            ],
            [
                322.463,
                324.154
            ],
            [
                341.415,
                341.827
            ],
            [
                343.891,
                344.993
            ],
            [
                350.656,
                352.593
            ],
            [
                356.462,
                356.681
            ],
            [
                361.36,
                363.027
            ],
            [
                476.103,
                490.281
            ],
            [
                495.909,
                498.358
            ],
            [
                502.948,
                505.739
            ],
            [
                507.455,
                515.0590000000001
            ],
            [
                520.02,
                520.688
            ],
            [
                523.135,
                525.5920000000001
            ],
            [
                559.195,
                560.585
            ],
            [
                596.246,
                596.6709999999999
            ],
            [
                658.781,
                666.0809999999999
            ],
            [
                731.369,
                733.905
            ],
            [
                737.205,
                742.8349999999999
            ],
            [
                749.032,
                749.052
            ],
            [
                755.069,
                775.039
            ],
            [
                778.194,
                779.137
            ],
            [
                780.109,
                783.212
            ],
            [
                831.998,
                833.517
            ],
            [
                877.5,
                881.6629999999999
            ],
            [
                1154.203,
                1182.3029999999999
            ],
            [
                1226.141,
                1228.746
            ],
            [
                1236.911,
                1240.8809999999999
            ],
            [
                1252.14,
                1253.308
            ],
            [
                1257.047,
                1259.68
            ],
            [
                1267.199,
                1267.769
            ],
            [
                1272.529,
                1273.806
            ],
            [
                1622.253,
                1624.533
            ],
            [
                1628.1,
                1629.733
            ],
            [
                1633.038,
                1633.32
            ],
            [
                1636.757,
                1641.3690000000001
            ],
            [
                1688.064,
                1712.377
            ],
            [
                1720.344,
                1729.4789999999998
            ],
            [
                1731.512,
                1735.251
            ],
            [
                1819.211,
                1820.446
            ],
            [
                2014.897,
                2044.669
            ]
        ]
    },
    "E": {
        "duration": 471.91799999999904,