{
    "A": {
        "duration": 289.8290000000002,
        "intervals": [
            [
                53.796,
                70.887
            ],
            [
                76.839,
                101.483
            ],
            [
                111.402,
                147.83700000000002
            ],
            [
                158.711,
                168.81400000000002
            ],
            [
                232.829,
                243.339
            ],
            [
                298.693,
                305.05400000000003
            ],
            [
                397.011,
                404.67100000000005
            ],
            [
                407.486,
                413.006
            ],
            [
                418.922,
                426.124
            ],
            [
                427.592,
                433.77299999999997
            ],
            [
                449.594,
                454.682
            ],
            [
                467.993,
                473.71
            ],
            [
                622.439,
                628.762
            ],
            [
                644.531,
                679.431
            ],
            [
                680.618,
                689.278
            ],
            [
                705.998,
                711.26
            ],
            [
                728.468,
                734.017
            ],
            [
                958.373,
                965.59
            ],
            [
                967.71,
                985.455
            ],
            [
                986.96,
                1005.168
            ],
            [
                1012.696,
                1024.152
            ],
            [
                1045.703,
                1054.112
            ],
            [
                1060.528,
                1078.41
            ],
            [
                1105.885,
                1111.591
            ]
        ]
    },
    "B": {
        "duration": 420.3880000000002,
        "intervals": [
            [
                0.068,
                22.41
            ],
            [
                33.011,
                47.034
            ],
            [
                168.814,
                176.679
            ],
            [
                179.72,
                197.88299999999998
            ],
            [
                348.476,
                377.192
            ],
            [
                473.71,
                492.31899999999996
            ],
            [
                496.952,
                502.127
            ],
            [
                513.29,
                520.96
            ],
            [
                615.809,
                622.4399999999999
            ],
            [
                742.341,
                762.992
            ],
            [
                766.041,
                776.4050000000001
            ],
            [
                782.551,
                808.93
            ],
            [
                923.138,
                939.6610000000001
            ],
            [
                1228.46,
                1315.096
            ],
            [
                1345.223,
                1359.5069999999998
            ],
            [
                1414.371,
                1419.3970000000002
            ],
            [
                1558.703,
                1568.123
            ],
            [
                1577.176,
                1586.606
            ],
            [
                1592.009,
                1609.291
            ],
            [
                1611.416,
                1618.433
            ],
            [
                1635.788,
                1645.7250000000001
            ],
            [
                1913.914,
                1949.481
            ],
            [
                1952.846,
                1963.622
            ],
            [
                1977.274,
                1989.176
            ]
        ]
    },
    "C": {
        "duration": 90.46300000000008,
        "intervals": [
            [
                525.346,
                615.8090000000001
            ]
        ]
    },
    "D": {
        "duration": 301.462,
        "intervals": [
            [
                820.339,
                919.995
            ],
            [
                1433.464,
                1447.008
            ],
            [
                1469.551,
                1475.791
            ],
            [
                1477.82,
                1549.333
            ],
            [
                1701.791,
                1707.6989999999998
            ],
            [
                1775.255,
                1791.8890000000001
            ],
            [
                1819.164,
                1841.642
            ],
            [
                1845.701,
                1911.1899999999998
            ]
        ]
    },
    "E": {
        "duration": 326.34799999999973,
        "intervals": [
            [
                70.887,
                76.52
            ],
            [
                101.483,
                111.402
            ],
            [
                211.587,
                232.82899999999998
            ],
            [
                243.339,
                249.119
            ],
            [
                266.21,
                276.87
            ],
            [
                281.009,
                290.248
            ],
            [
                293.21,
                298.692
            ],
            [
                305.358,
                317.507
            ],
            [
                320.093,
                326.462
            ],
            [
                329.663,
                338.56600000000003
            ],
            [
                377.192,
                385.209
            ],
            [
                390.115,
                396.61
            ],
            [
                413.006,
                418.76
            ],
            [
                434.008,
                439.449
            ],
            [
                458.185,
                467.993
            ],
            [
                635.632,
                644.53
            ],
            [
                698.735,
                705.998
            ],
            [
                717.076,
                728.223
            ],
            [
                943.046,
                954.125
            ],
            [
                1024.152,
                1044.539
            ],
            [
                1054.112,
                1060.528
            ],
            [
                1084.236,
                1092.699
            ],
            [
                1093.991,
                1105.699
            ],
            [
                1114.592,
                1136.6670000000001
            ],
            [
                1140.438,
                1228.4589999999998
            ]
        ]
    },
    "F": {
        "duration": 40.274000000000115,
        "intervals": [
            [
                1319.434,
                1341.704
            ],
            [
                1369.84,
                1387.844
            ]
        ]
    },
    "G": {
        "duration": 187.05900000000014,