{
    "A": {
        "duration": 121.5449999999999,
        "intervals": [
            [
                149.761,
                154.525
            ],
            [
                160.841,
                164.351
            ],
            [
                169.084,
                173.59300000000002
            ],
            [
                244.824,
                291.938
            ],
            [
                709.892,
                763.453
            ],
            [
                938.118,
                942.1850000000001
            ],
            [
                951.146,
                953.7919999999999
            ],
            [
                958.48,
                959.854
            ]
        ]
    },
    "B": {
        "duration": 279.20100000000014,
        "intervals": [
            [
                49.54,
                101.898
            ],
            [
                200.728,
                240.16500000000002
            ],
            [
                292.098,
                310.598
            ],
            [
                343.192,
                353.533
            ],
            [
                375.992,
                386.856
            ],
            [
                455.139,
                486.332
            ],
            [
                530.332,
                533.898
            ],
            [
                539.421,
                567.317
            ],
            [
                595.392,
                608.216
            ],
            [
                692.796,
                707.854
            ],
            [
                768.661,
                772.996
            ],
            [
                792.438,
                795.622
            ],
            [
                807.393,
                810.172
            ],
            [
                837.662,
                838.666
            ],
            [
                843.49,
                855.318
            ],
            [
                919.372,
                924.288
            ],
            [
                943.424,
                948.154
            ],
            [
                1000.424,
                1004.039
            ],
            [
                1030.617,
                1051.39
            ]
        ]
    },
    "C": {
        "duration": 231.90399999999997,
        "intervals": [
            [
                6.566,
                45.498
            ],
            [
                106.392,
                117.26
            ],
            [
                121.616,
                149.418
            ],
            [
                155.054,
                157.101
            ],
            [
                158.976,
                160.361
            ],
            [
                164.351,
                168.68900000000002
            ],
            [
                175.07,
                175.392
            ],
            [
                192.169,
                200.728
            ],
            [
                312.166,
                312.33
            ],
            [
                319.813,
                337.138
            ],
            [
                338.41,
                343.192
            ],
            [
                354.402,
                375.992
            ],
            [
                658.425,
                659.4209999999999
            ],
            [
                708.801,
                709.5
            ],
            [
                763.746,
                768.662
            ],
            [
                824.087,
                837.486
            ],
            [
                838.666,
                843.4910000000001
            ],
            [
                924.288,
                938.119
            ],
            [
                948.154,
                951.145
            ],
            [
                953.792,
                957.923
            ],
            [
                961.635,
                983.63
            ],
            [
                998.399,
                999.665
            ],
            [
                1005.49,
                1030.231
            ]
        ]
    },
    "D": {
        "duration": 197.4989999999998,
        "intervals": [
            [
                105.477,
                106.39200000000001
            ],
            [
                119.397,
                120.813
            ],
            [
                157.721,
                158.654
            ],
            [
                175.392,
                191.838
            ],
            [
                314.72,
                319.81300000000005
            ],
            [
                567.317,
                595.392
            ],
            [
                608.216,
                658.2189999999999
            ],
            [
                659.421,
                692.7959999999999
            ],
            [
                772.997,
                792.439
            ],
            [
                795.623,
                807.393
            ],
            [
                810.172,
                823.856
            ],
            [
                959.853,
                961.4309999999999
            ],
            [
                983.63,
                998.399
            ]
        ]
    },
    "E": {
        "duration": 168.8590000000001,
        "intervals": [
            [
                118.503,
                119.397
            ],
            [
                337.613,
                338.41
            ],
            [
                392.443,
                455.139
            ],
            [
                490.431,
                530.332
            ],
            [
                533.898,
                539.422
            ],
            [
                860.325,
                919.3720000000001
            ]
        ]
    }
}