{
    "A": {
        "duration": 142.55400000000003,
        "intervals": [
            [
                59.623,
                106.173
            ],
            [
                157.012,
                157.451
            ],
            [
                243.98,
                324.23400000000004
            ],
            [
                330.796,
                331.842
            ],
            [
                538.886,
                542.649
            ],
            [
                574.015,
                576.352
            ],
            [
                583.882,
                588.858
            ],
            [
                602.713,
                605.9019999999999
            ]
        ]
    },
    "B": {
        "duration": 173.88499999999996,
        "intervals": [
            [
                41.676,
                43.903
            ],
            [
                332.708,
                356.129
            ],
            [
                364.596,
                364.864
            ],
            [
                377.936,
                523.99
            ],
            [
                536.007,
                537.6099999999999
            ],
            [
                600.593,
                600.905
            ]
        ]
    },
    "C": {
        "duration": 244.41299999999998,
        "intervals": [
            [
                2.307,
                41.091
            ],
            [
                44.231,
                56.052
            ],
            [
                107.111,
                142.235
            ],
            [
                153.384,
                154.13799999999998
            ],
            [
                158.419,
                162.381
            ],
            [
                181.244,
                183.792
            ],
            [
                204.473,
                220.35600000000002
            ],
            [
                236.226,
                243.599
            ],
            [
                324.932,
                328.96999999999997
            ],
            [
                356.128,
                363.835
            ],
            [
                365.322,
                367.771
            ],
            [
                369.239,
                376.753
            ],
            [
                524.168,
                531.871
            ],
            [
                543.016,
                544.265
            ],
            [
                554.192,
                559.073
            ],
            [
                605.902,
                639.593
            ],
            [
                651.876,
                655.393
            ],
            [
                657.946,
                675.792
            ],
            [
                684.251,
                688.816
            ],
            [
                697.675,
                730.679
            ]
        ]
    },
    "D": {
        "duration": 137.93900000000014,
        "intervals": [
            [
                143.432,
                152.912
            ],
            [
                162.879,
                181.245
            ],
            [
                183.792,
                204.47299999999998
            ],
            [
                220.948,
                233.964
            ],
            [
                367.77,
                368.96099999999996
            ],
            [
                532.904,
                536.007
            ],
            [
                538.048,
                538.8870000000001
            ],
            [
                544.264,
                554.192
            ],
            [
                559.074,
                574.015
            ],
            [
                576.352,
                583.687
            ],
            [
                588.858,
                600.594
            ],
            [
                641.485,
                651.876
            ],
            [
                655.393,
                657.946
            ],
            [
                675.791,
                682.4870000000001
            ],
            [
                689.992,
                697.675
            ]
        ]
    }
}