{
    "A": {
        "duration": 263.71699999999987,
        "intervals": [
            [
                296.246,
                315.407
            ],
            [
                321.842,
                329.017
            ],
            [
                1245.826,
                1256.793
            ],
            [
                1264.673,
                1271.96
            ],
            [
                1327.101,
                1346.4330000000002
            ],
            [
                1349.717,
                1362.609
            ],
            [
                1382.15,
                1389.008
            ],
            [
                1392.557,
                1400.055
            ],
            [
                1403.448,
                1411.7440000000001
            ],
            [
                1473.552,
                1487.5939999999998
            ],
            [
                1503.409,
                1543.0479999999998
            ],
            [
                1580.81,
                1588.047
            ],
            [
                1672.65,
                1679.457
            ],
            [
                1771.826,
                1778.809
            ],
            [
                1780.714,
                1801.7369999999999
            ],
            [
                1803.765,
                1818.8680000000002
            ],
            [
                1863.046,
                1874.046
            ],
            [
                1874.846,
                1890.373
            ],
            [
                1892.847,
                1899.41
            ],
            [
                1972.315,
                1981.1100000000001
            ],
            [
                2086.466,
                2097.998
            ]
        ]
    },
    "B": {
        "duration": 160.1799999999996,
        "intervals": [
            [
                903.962,
                910.0939999999999
            ],
            [
                947.017,
                967.69
            ],
            [
                1023.474,
                1041.471
            ],
            [
                1048.147,
                1060.9969999999998
            ],
            [
                1362.609,
                1368.915
            ],
            [
                1569.792,
                1580.617
            ],
            [
                1588.346,
                1618.21
            ],
            [
                1909.811,
                1941.107
            ],
            [
                2549.472,
                2573.709
            ]
        ]
    },
    "C": {
        "duration": 438.2599999999992,
        "intervals": [
            [
                616.476,
                624.723
            ],
            [
                644.644,
                657.52
            ],
            [
                910.481,
                935.682
            ],
            [
                980.264,
                1017.149
            ],
            [
                1067.938,
                1075.623
            ],
            [
                1220.827,
                1245.611
            ],
            [
                1271.96,
                1291.16
            ],
            [
                1302.733,
                1308.3829999999998
            ],
            [
                1368.915,
                1382.1499999999999
            ],
            [
                1423.686,
                1447.117
            ],
            [
                1450.15,
                1469.5269999999998
            ],
            [
                1625.192,
                1633.795
            ],
            [
                1634.793,
                1640.139
            ],
            [
                1660.407,
                1672.454
            ],
            [
                1679.457,
                1688.718
            ],
            [
                1899.41,
                1906.673
            ],
            [
                1987.041,
                1993.2269999999999
            ],
            [
                2023.513,
                2031.365
            ],
            [
                2036.001,
                2070.904
            ],
            [
                2097.998,
                2108.021
            ],
            [
                2112.809,
                2120.199
            ],
            [
                2131.208,
                2148.083
            ],
            [
                2178.806,
                2189.771
            ],
            [
                2190.409,
                2198.556
            ],
            [
                2250.393,
                2272.221
            ],
            [
                2274.792,
                2283.927
            ],
            [
                2341.793,
                2351.359
            ],
            [
                2359.26,
                2365.2470000000003
            ],
            [
                2434.209,
                2444.41
            ],
            [
                2451.327,
                2485.122
            ],
            [
                2584.01,
                2590.326
            ]
        ]
    },
    "D": {
        "duration": 153.39899999999966,
        "intervals": [
            [
                513.635,
                536.007
            ],
            [
                638.791,
                644.643
            ],
            [
                2284.077,
                2327.3999999999996
            ],
            [
                2393.213,
                2411.088
            ],
            [
                2419.691,
                2434.209
            ],
            [
                2485.412,
                2495.6099999999997
            ],
            [
                2496.7,
                2535.9610000000002
            ]
        ]
    },
    "E": {
        "duration": 81.83100000000002,
        "intervals": [
            [
                271.75,
                281.752
            ],
            [
                289.833,
                295.319
            ],
            [
                315.407,
                320.868
            ],
            [
                329.017,
                336.899
            ],
            [
                343.379,
                359.52200000000005
            ],
            [
                364.012,
                385.192
            ],
            [
                388.92,
                394.725
            ],
            [
                970.392,
                980.264
            ]
        ]
    },
    "F": {
        "duration": 171.28699999999992,
        "intervals": [
            [
                567.609,
                575.7900000000001
            ],
            [
                722.309,
                766.223
            ],
            [
                771.81,
                782.647
            ],
            [
                799.902,
                836.865
            ],
            [
                1487.594,
                1503.409
            ],
            [
                1835.21,
                1846.32
            ],
            [
                1851.709,
                1862.797
            ],
            [
                2212.279,
                2224.861
            ],
            [
                2232.52,
                2243.916
            ],
            [
                2327.4,
                2336.801
            ]
        ]
    },
    "G": {
        "duration": 774.6690000000002,