{
    "A": {
        "duration": 84.33099999999992,
        "intervals": [
            [
                67.009,
                92.163
            ],
            [
                113.518,
                123.873
            ],
            [
                143.967,
                189.882
            ],
            [
                294.757,
                295.133
            ],
            [
                708.006,
                710.5369999999999
            ]
        ]
    },
    "B": {
        "duration": 115.04799999999986,
        "intervals": [
            [
                0.01,
                0.06899999999999999
            ],
            [
                108.245,
                109.833
            ],
            [
                125.024,
                141.898
            ],
            [
                260.354,
                260.597
            ],
            [
                288.411,
                289.511
            ],
            [
                292.447,
                293.793
            ],
            [
                301.192,
                302.982
            ],
            [
                306.499,
                307.675
            ],
            [
                313.133,
                313.59
            ],
            [
                315.282,
                317.255
            ],
            [
                507.392,
                509.881
            ],
            [
                519.321,
                585.011
            ],
            [
                675.658,
                680.024
            ],
            [
                1052.669,
                1063.673
            ],
            [
                1068.263,
                1070.5919999999999
            ],
            [
                1088.775,
                1089.285
            ],
            [
                1526.383,
                1528.4370000000001
            ]
        ]
    },
    "C": {
        "duration": 248.16300000000015,
        "intervals": [
            [
                26.209,
                27.525
            ],
            [
                321.676,
                327.034
            ],
            [
                330.698,
                333.09799999999996
            ],
            [
                341.526,
                343.88800000000003
            ],
            [
                369.615,
                372.003
            ],
            [
                385.061,
                387.97499999999997
            ],
            [
                388.793,
                397.55
            ],
            [
                405.773,
                407.41
            ],
            [
                409.533,
                409.795
            ],
            [
                413.75,
                417.97
            ],
            [
                440.755,
                449.13500000000005
            ],
            [
                496.204,
                500.286
            ],
            [
                593.301,
                608.836
            ],
            [
                613.891,
                615.5989999999999
            ],
            [
                635.175,
                639.6569999999999
            ],
            [
                644.436,
                656.058
            ],
            [
                691.394,
                694.653
            ],
            [
                697.731,
                701.621
            ],
            [
                825.852,
                828.792
            ],
            [
                841.497,
                860.259
            ],
            [
                860.974,
                868.439
            ],
            [
                870.483,
                875.3729999999999
            ],
            [
                875.711,
                890.894
            ],
            [
                944.497,
                949.858
            ],
            [
                958.522,
                970.657
            ],
            [
                990.163,
                1011.827
            ],
            [
                1047.409,
                1052.669
            ],
            [
                1118.421,
                1121.953
            ],
            [
                1171.113,
                1174.346
            ],
            [
                1184.119,
                1191.7259999999999
            ],
            [
                1195.044,
                1214.296
            ],
            [
                1220.576,
                1223.961
            ],
            [
                1401.206,
                1404.173
            ],
            [
                1424.599,
                1424.874
            ],
            [
                1434.994,
                1436.3909999999998
            ],
            [
                1439.77,
                1442.49
            ],
            [
                1553.005,
                1555.7510000000002
            ],
            [
                1592.603,
                1594.201
            ],
            [
                1650.691,
                1656.563
            ],
            [
                1701.992,
                1711.2900000000002
            ],
            [
                1713.759,
                1715.76
            ],
            [
                1748.294,
                1752.342
            ]
        ]
    },
    "D": {
        "duration": 170.84400000000005,
        "intervals": [
            [
                28.19,
                28.782
            ],
            [
                639.657,
                644.436
            ],
            [
                701.62,
                705.392
            ],
            [
                710.827,
                729.8760000000001
            ],
            [
                732.682,
                765.408
            ],
            [
                769.434,
                796.485
            ],
            [
                799.494,
                806.381
            ],
            [
                814.011,
                817.025
            ],
            [
                1445.85,
                1503.289
            ],
            [
                1511.882,
                1522.193
            ],
            [
                1534.852,
                1540.076
            ]
        ]
    },
    "E": {
        "duration": 330.8719999999996,