{
    "A": {
        "duration": 468.10599999999994,
        "intervals": [
            [
                7.185,
                50.944
            ],
            [
                54.042,
                79.908
            ],
            [
                81.302,
                110.841
            ],
            [
                194.657,
                207.31300000000002
            ],
            [
                208.506,
                251.132
            ],
            [
                253.814,
                289.551
            ],
            [
                411.802,
                429.445
            ],
            [
                471.049,
                473.393
            ],
            [
                509.667,
                514.4000000000001
            ],
            [
                517.452,
                582.605
            ],
            [
                611.258,
                641.636
            ],
            [
                646.777,
                648.431
            ],
            [
                651.011,
                652.876
            ],
            [
                689.177,
                690.053
            ],
            [
                695.017,
                696.811
            ],
            [
                713.252,
                713.449
            ],
            [
                733.345,
                739.025
            ],
            [
                774.887,
                819.5219999999999
            ],
            [
                910.011,
                935.614
            ],
            [
                938.13,
                938.869
            ],
            [
                1059.806,
                1065.076
            ],
            [
                1066.927,
                1105.163
            ],
            [
                1108.364,
                1124.345
            ],
            [
                1130.073,
                1145.215
            ]
        ]
    },
    "B": {
        "duration": 105.71000000000001,
        "intervals": [
            [
                113.074,
                115.838
            ],
            [
                121.886,
                125.361
            ],
            [
                132.681,
                134.67200000000003
            ],
            [
                161.138,
                167.493
            ],
            [
                295.763,
                365.335
            ],
            [
                433.105,
                454.658
            ]
        ]
    },
    "C": {
        "duration": 279.6540000000001,
        "intervals": [
            [
                3.593,
                4.82
            ],
            [
                112.875,
                113.074
            ],
            [
                116.284,
                121.437
            ],
            [
                125.962,
                132.148
            ],
            [
                135.743,
                137.506
            ],
            [
                140.84,
                144.197
            ],
            [
                148.969,
                161.137
            ],
            [
                167.493,
                192.491
            ],
            [
                365.335,
                375.088
            ],
            [
                379.092,
                406.703
            ],
            [
                454.658,
                465.99100000000004
            ],
            [
                474.392,
                509.66700000000003
            ],
            [
                514.401,
                517.452
            ],
            [
                583.259,
                584.023
            ],
            [
                682.182,
                684.205
            ],
            [
                690.053,
                695.018
            ],
            [
                854.304,
                858.717
            ],
            [
                866.211,
                868.54
            ],
            [
                892.234,
                895.207
            ],
            [
                905.999,
                907.594
            ],
            [
                936.731,
                937.624
            ],
            [
                939.484,
                1055.933
            ],
            [
                1065.076,
                1066.252
            ]
        ]
    },
    "D": {
        "duration": 111.84000000000026,
        "intervals": [
            [
                588.409,
                611.258
            ],
            [
                644.218,
                645.649
            ],
            [
                648.96,
                650.7660000000001
            ],
            [
                656.927,
                680.6940000000001
            ],
            [
                697.928,
                711.993
            ],
            [
                714.987,
                733.345
            ],
            [
                739.025,
                764.485
            ],
            [
                767.316,
                770.591
            ],
            [
                822.03,
                822.8589999999999
            ]
        ]
    },
    "E": {
        "duration": 124.32500000000006,
        "intervals": [
            [
                52.029,
                53.202000000000005
            ],
            [
                80.573,
                81.30199999999999
            ],
            [
                138.659,
                140.439
            ],
            [
                144.742,
                148.762
            ],
            [
                207.522,
                208.506
            ],
            [
                251.608,
                253.814
            ],
            [
                375.303,
                379.091
            ],
            [
                406.703,
                411.563
            ],
            [
                430.529,
                432.773
            ],
            [
                465.991,
                470.866
            ],
            [
                473.681,
                474.39099999999996
            ],
            [
                641.814,
                644.2189999999999
            ],
            [
                684.205,
                689.008
            ],
            [
                764.485,
                767.317
            ],
            [
                770.592,
                774.5
            ],
            [
                823.06,
                853.99
            ],
            [
                858.716,
                866.2099999999999
            ],
            [
                868.841,
                892.234
            ],
            [
                896.307,
                904.955
            ],
            [
                907.593,
                910.011
            ],
            [
                1055.933,
                1059.806
            ],
            [
                1105.442,
                1106.912
            ],
            [
                1124.955,
                1129.7369999999999
            ]
        ]
    }
}