{
    "A": {
        "duration": 205.76599999999974,
        "intervals": [
            [
                442.054,
                446.27599999999995
            ],
            [
                452.061,
                457.719
            ],
            [
                496.392,
                503.942
            ],
            [
                504.976,
                507.521
            ],
            [
                849.791,
                854.7120000000001
            ],
            [
                860.075,
                878.216
            ],
            [
                884.382,
                888.7929999999999
            ],
            [
                921.557,
                922.046
            ],
            [
                1089.006,
                1090.376
            ],
            [
                1107.255,
                1110.795
            ],
            [
                1165.192,
                1173.6680000000001
            ],
            [
                1179.691,
                1187.205
            ],
            [
                1192.384,
                1195.773
            ],
            [
                1224.568,
                1227.2359999999999
            ],
            [
                1667.501,
                1671.119
            ],
            [
                1680.647,
                1684.832
            ],
            [
                1703.688,
                1707.009
            ],
            [
                1717.472,
                1733.196
            ],
            [
                1791.906,
                1796.81
            ],
            [
                1815.332,
                1817.6370000000002
            ],
            [
                1824.112,
                1829.39
            ],
            [
                1833.992,
                1843.4650000000001
            ],
            [
                1848.606,
                1863.9740000000002
            ],
            [
                1870.094,
                1879.855
            ],
            [
                1885.329,
                1890.501
            ],
            [
                2017.681,
                2018.326
            ],
            [
                2021.276,
                2021.748
            ],
            [
                2045.091,
                2049.941
            ],
            [
                2515.474,
                2517.072
            ],
            [
                2524.881,
                2530.084
            ],
            [
                2536.599,
                2550.97
            ],
            [
                2555.41,
                2573.797
            ],
            [
                2601.534,
                2604.701
            ],
            [
                2609.866,
                2610.295
            ],
            [
                2613.009,
                2615.65
            ]
        ]
    },
    "B": {
        "duration": 35.02899999999989,
        "intervals": [
            [
                0.073,
                21.905
            ],
            [
                1947.161,
                1948.162
            ],
            [
                2704.134,
                2716.33
            ]
        ]
    },
    "C": {
        "duration": 348.12099999999987,
        "intervals": [
            [
                285.117,
                346.594
            ],
            [
                581.121,
                581.664
            ],
            [
                652.347,
                706.8779999999999
            ],
            [
                825.991,
                826.453
            ],
            [
                1378.036,
                1437.434
            ],
            [
                1462.21,
                1462.782
            ],
            [
                1609.46,
                1613.967
            ],
            [
                1687.593,
                1694.3870000000002
            ],
            [
                2066.798,
                2149.601
            ],
            [
                2293.664,
                2367.002
            ],
            [
                2388.434,
                2391.661
            ],
            [
                2668.994,
                2669.463
            ]
        ]
    },
    "D": {
        "duration": 337.67499999999995,
        "intervals": [
            [
                203.896,
                256.294
            ],
            [
                259.288,
                269.67900000000003
            ],
            [
                927.793,
                945.596
            ],
            [
                947.865,
                1009.429
            ],
            [
                1466.864,
                1590.352
            ],
            [
                2405.152,
                2472.743
            ],
            [
                2550.97,
                2555.41
            ]
        ]
    },
    "E": {
        "duration": 278.2650000000016,