{
    "A": {
        "duration": 63.322,
        "intervals": [
            [
                36.278,
                49.989
            ],
            [
                79.211,
                91.466
            ],
            [
                116.211,
                153.435
            ],
            [
                173.969,
                174.101
            ]
        ]
    },
    "B": {
        "duration": 366.3050000000008,
        "intervals": [
            [
                159.276,
                160.62400000000002
            ],
            [
                175.328,
                175.725
            ],
            [
                179.552,
                180.851
            ],
            [
                186.74,
                187.42700000000002
            ],
            [
                205.617,
                228.992
            ],
            [
                231.593,
                304.147
            ],
            [
                309.994,
                313.165
            ],
            [
                315.843,
                317.51500000000004
            ],
            [
                325.112,
                327.593
            ],
            [
                329.12,
                337.613
            ],
            [
                341.113,
                347.4
            ],
            [
                349.334,
                358.635
            ],
            [
                365.246,
                368.965
            ],
            [
                381.665,
                384.627
            ],
            [
                404.669,
                413.00399999999996
            ],
            [
                416.958,
                420.32800000000003
            ],
            [
                425.407,
                428.647
            ],
            [
                435.48,
                448.317
            ],
            [
                518.4,
                535.671
            ],
            [
                539.404,
                547.798
            ],
            [
                554.266,
                558.69
            ],
            [
                561.48,
                575.22
            ],
            [
                604.997,
                606.274
            ],
            [
                621.857,
                623.88
            ],
            [
                628.514,
                632.885
            ],
            [
                875.131,
                880.617
            ],
            [
                888.565,
                889.557
            ],
            [
                899.637,
                907.571
            ],
            [
                925.769,
                928.332
            ],
            [
                930.545,
                931.679
            ],
            [
                1164.105,
                1167.828
            ],
            [
                1172.87,
                1174.7649999999999
            ],
            [
                1178.724,
                1183.0729999999999
            ],
            [
                1193.192,
                1193.643
            ],
            [
                1199.468,
                1201.736
            ],
            [
                1220.996,
                1232.025
            ],
            [
                1246.752,
                1250.269
            ],
            [
                1257.83,
                1258.375
            ],
            [
                1276.373,
                1279.642
            ],
            [
                1289.994,
                1294.3919999999998
            ],
            [
                1297.48,
                1313.729
            ],
            [
                1348.844,
                1368.824
            ],
            [
                1372.418,
                1380.849
            ],
            [
                1512.574,
                1512.593
            ],
            [
                1607.484,
                1609.069
            ],
            [
                1655.465,
                1657.635
            ],
            [
                1660.514,
                1660.9189999999999
            ],
            [
                1748.802,
                1749.99
            ],
            [
                1805.188,
                1806.7420000000002
            ],
            [
                1809.913,
                1819.611
            ],
            [
                1836.402,
                1844.7920000000001
            ],
            [
                1845.114,
                1849.939
            ],
            [
                1855.464,
                1858.2569999999998
            ],
            [
                1896.87,
                1897.8029999999999
            ],
            [
                1907.558,
                1909.409
            ],
            [
                1914.143,
                1921.419
            ],
            [
                1948.215,
                1956.5919999999999
            ]
        ]
    },
    "C": {
        "duration": 394.3239999999998,