{
    "A": {
        "duration": 484.4319999999998,
        "intervals": [
            [
                0.211,
                25.247
            ],
            [
                159.599,
                163.69799999999998
            ],
            [
                164.924,
                167.773
            ],
            [
                169.344,
                170.238
            ],
            [
                172.049,
                199.67
            ],
            [
                202.4,
                217.536
            ],
            [
                220.453,
                223.876
            ],
            [
                251.755,
                293.46
            ],
            [
                295.63,
                384.198
            ],
            [
                533.392,
                535.12
            ],
            [
                539.792,
                541.725
            ],
            [
                550.365,
                552.791
            ],
            [
                555.792,
                566.4399999999999
            ],
            [
                580.79,
                595.253
            ],
            [
                599.216,
                618.636
            ],
            [
                625.241,
                640.288
            ],
            [
                652.401,
                655.319
            ],
            [
                657.656,
                663.0269999999999
            ],
            [
                668.301,
                673.6120000000001
            ],
            [
                678.959,
                681.102
            ],
            [
                685.716,
                689.744
            ],
            [
                693.338,
                714.1410000000001
            ],
            [
                727.427,
                731.335
            ],
            [
                749.663,
                761.241
            ],
            [
                763.481,
                766.468
            ],
            [
                773.056,
                777.3639999999999
            ],
            [
                780.602,
                783.034
            ],
            [
                784.833,
                787.2379999999999
            ],
            [
                789.845,
                794.78
            ],
            [
                795.4,
                812.236
            ],
            [
                913.192,
                936.873
            ],
            [
                940.349,
                948.2109999999999
            ],
            [
                950.788,
                971.99
            ],
            [
                1020.759,
                1027.805
            ],
            [
                1029.127,
                1050.2540000000001
            ],
            [
                1051.949,
                1052.3020000000001
            ],
            [
                1086.443,
                1086.889
            ],
            [
                1125.892,
                1153.0939999999998
            ],
            [
                1155.868,
                1157.701
            ],
            [
                1160.052,
                1165.341
            ],
            [
                1166.694,
                1170.126
            ]
        ]
    },
    "B": {
        "duration": 125.26999999999998,
        "intervals": [
            [
                26.895,
                42.949000000000005
            ],
            [
                44.412,
                91.49300000000001
            ],
            [
                93.687,
                119.62599999999999
            ],
            [
                122.982,
                143.728
            ],
            [
                202.395,
                202.4
            ],
            [
                227.802,
                229.411
            ],
            [
                232.75,
                235.207
            ],
            [
                238.386,
                240.153
            ],
            [
                470.693,
                472.50899999999996
            ],
            [
                479.179,
                480.441
            ],
            [
                485.198,
                486.85299999999995
            ],
            [
                500.924,
                502.13599999999997
            ],
            [
                573.585,
                575.3430000000001
            ],
            [
                783.457,
                783.838
            ],
            [
                973.748,
                973.767
            ],
            [
                1056.912,
                1058.421
            ]
        ]
    },
    "C": {
        "duration": 265.419,