{
    "A": {
        "duration": 539.0350000000004,
        "intervals": [
            [
                14.826,
                22.54
            ],
            [
                23.245,
                28.026
            ],
            [
                69.532,
                75.595
            ],
            [
                90.44,
                102.59
            ],
            [
                108.376,
                191.487
            ],
            [
                281.462,
                301.65000000000003
            ],
            [
                363.614,
                368.194
            ],
            [
                433.991,
                438.198
            ],
            [
                478.124,
                510.26599999999996
            ],
            [
                702.994,
                715.504
            ],
            [
                817.442,
                836.6700000000001
            ],
            [
                1046.471,
                1064.681
            ],
            [
                1227.494,
                1228.761
            ],
            [
                1349.141,
                1366.0049999999999
            ],
            [
                1486.137,
                1517.4299999999998
            ],
            [
                1545.991,
                1554.0149999999999
            ],
            [
                1647.628,
                1682.7220000000002
            ],
            [
                1843.899,
                1864.303
            ],
            [
                1911.099,
                1925.792
            ],
            [
                1972.902,
                1980.409
            ],
            [
                1991.215,
                2012.845
            ],
            [
                2078.708,
                2091.666
            ],
            [
                2140.445,
                2148.243
            ],
            [
                2215.763,
                2247.899
            ],
            [
                2401.324,
                2442.474
            ],
            [
                2631.739,
                2695.072
            ]
        ]
    },
    "B": {
        "duration": 530.6849999999981,
        "intervals": [
            [
                10.783,
                10.788
            ],
            [
                86.1,
                86.42899999999999
            ],
            [
                840.196,
                841.894
            ],
            [
                1067.194,
                1067.6109999999999
            ],
            [
                1225.5,
                1226.135
            ],
            [
                1346.191,
                1346.343
            ],
            [
                1518.671,
                1544.221
            ],
            [
                1554.793,
                1579.269
            ],
            [
                1582.372,
                1646.788
            ],
            [
                1683.728,
                1741.783
            ],
            [
                1742.698,
                1759.165
            ],
            [
                1760.236,
                1800.609
            ],
            [
                1801.938,
                1816.0169999999998
            ],
            [
                1817.407,
                1829.164
            ],
            [
                1830.306,
                1842.212
            ],
            [
                1865.855,
                1899.931
            ],
            [
                1900.525,
                1909.791
            ],
            [
                1927.412,
                1932.144
            ],
            [
                1932.67,
                1957.48
            ],
            [
                1959.787,
                1971.231
            ],
            [
                1981.638,
                1988.5939999999998
            ],
            [
                2012.845,
                2017.54
            ],
            [
                2018.648,
                2059.2389999999996
            ],
            [
                2060.682,
                2061.4309999999996
            ],
            [
                2064.103,
                2069.398
            ],
            [
                2071.327,
                2075.4950000000003
            ],
            [
                2092.811,
                2139.662
            ],
            [
                2148.917,
                2214.3849999999998
            ],
            [
                2707.401,
                2708.67
            ]
        ]
    },
    "C": {
        "duration": 398.8379999999997,
        "intervals": [
            [
                75.792,
                79.025
            ],
            [
                89.735,
                89.953
            ],
            [
                197.637,
                281.05400000000003
            ],
            [
                307.073,
                363.614
            ],
            [
                369.593,
                433.99100000000004
            ],
            [
                438.458,
                477.854
            ],
            [
                700.026,
                702.9939999999999
            ],
            [
                1071.097,
                1202.616
            ],
            [
                1206.497,
                1222.626
            ],
            [
                1348.637,
                1348.907
            ],
            [
                1580.21,
                1580.839
            ],
            [
                1742.578,
                1742.6979999999999
            ]
        ]
    },
    "D": {
        "duration": 379.8340000000002,
        "intervals": [
            [
                79.837,
                82.593
            ],
            [
                516.365,
                700.0260000000001
            ],
            [
                782.975,
                784.63
            ],
            [
                1759.474,
                1759.791
            ],
            [
                1925.792,
                1927.1119999999999
            ],
            [
                1957.89,
                1959.083
            ],
            [
                2017.54,
                2018.23
            ],
            [
                2059.444,
                2059.871
            ],
            [
                2258.256,
                2261.8959999999997
            ],
            [
                2447.564,
                2631.739
            ]
        ]
    },
    "E": {
        "duration": 95.6669999999998,
        "intervals": [
            [
                721.165,
                782.644
            ],
            [
                784.898,
                815.692
            ],
            [
                2265.511,
                2268.9049999999997
            ]
        ]
    },
    "F": {
        "duration": 321.22299999999984,
        "intervals": [
            [
                83.825,
                85.658
            ],
            [
                88.526,
                89.53
            ],
            [
                842.813,
                1046.1709999999998
            ],
            [
                1234.568,
                1346.192
            ],
            [
                1829.588,
                1830.093
            ],
            [
                1864.303,
                1865.1060000000002
            ],
            [
                1900.339,
                1900.5249999999999
            ],
            [
                2062.193,
                2064.103
            ]
        ]
    },
    "G": {
        "duration": 305.99099999999976,