{
    "A": {
        "duration": 682.3319999999994,
        "intervals": [
            [
                5.228,
                79.112
            ],
            [
                157.445,
                177.775
            ],
            [
                178.889,
                203.089
            ],
            [
                205.838,
                265.99399999999997
            ],
            [
                327.763,
                348.529
            ],
            [
                426.198,
                450.995
            ],
            [
                482.799,
                490.794
            ],
            [
                502.119,
                504.598
            ],
            [
                626.365,
                637.571
            ],
            [
                661.365,
                664.591
            ],
            [
                668.994,
                690.439
            ],
            [
                696.929,
                703.733
            ],
            [
                707.338,
                710.313
            ],
            [
                713.711,
                720.05
            ],
            [
                722.542,
                741.96
            ],
            [
                744.471,
                751.623
            ],
            [
                754.21,
                755.339
            ],
            [
                760.256,
                765.8080000000001
            ],
            [
                937.897,
                955.832
            ],
            [
                1049.259,
                1056.196
            ],
            [
                1081.991,
                1085.977
            ],
            [
                1087.96,
                1091.6409999999998
            ],
            [
                1171.142,
                1181.404
            ],
            [
                1184.323,
                1199.5040000000001
            ],
            [
                1310.742,
                1314.561
            ],
            [
                1319.141,
                1347.221
            ],
            [
                1370.474,
                1381.598
            ],
            [
                1415.099,
                1416.466
            ],
            [
                1459.46,
                1472.192
            ],
            [
                1472.637,
                1477.905
            ],
            [
                1497.273,
                1500.9699999999998
            ],
            [
                1536.123,
                1537.79
            ],
            [
                1551.393,
                1556.833
            ],
            [
                1568.091,
                1596.613
            ],
            [
                1599.787,
                1626.1589999999999
            ],
            [
                1713.633,
                1714.563
            ],
            [
                1720.249,
                1727.192
            ],
            [
                1751.795,
                1757.109
            ],
            [
                1758.869,
                1760.0919999999999
            ],
            [
                1769.528,
                1774.012
            ],
            [
                1833.238,
                1848.778
            ],
            [
                1861.799,
                1866.897
            ],
            [
                1893.397,
                1894.3519999999999
            ],
            [
                1900.805,
                1903.54
            ],
            [
                1912.81,
                1921.936
            ],
            [
                1924.995,
                1934.066
            ],
            [
                2087.627,
                2091.093
            ],
            [
                2139.355,
                2154.9210000000003
            ],
            [
                2157.335,
                2172.614
            ],
            [
                2311.87,
                2342.982
            ],
            [
                2345.217,
                2394.784
            ]
        ]
    },
    "B": {
        "duration": 442.44699999999864,