{
    "A": {
        "duration": 230.378,
        "intervals": [
            [
                68.167,
                196.546
            ],
            [
                215.02,
                316.354
            ],
            [
                417.403,
                418.06800000000004
            ]
        ]
    },
    "B": {
        "duration": 141.52699999999982,
        "intervals": [
            [
                14.075,
                15.317
            ],
            [
                55.264,
                56.661
            ],
            [
                63.577,
                67.38900000000001
            ],
            [
                201.609,
                204.952
            ],
            [
                316.889,
                330.222
            ],
            [
                383.618,
                416.556
            ],
            [
                425.687,
                433.178
            ],
            [
                468.695,
                477.134
            ],
            [
                497.762,
                503.17900000000003
            ],
            [
                506.885,
                508.969
            ],
            [
                511.731,
                514.137
            ],
            [
                524.338,
                526.444
            ],
            [
                531.914,
                532.1129999999999
            ],
            [
                533.321,
                536.009
            ],
            [
                540.066,
                540.552
            ],
            [
                612.681,
                616.635
            ],
            [
                618.611,
                627.222
            ],
            [
                629.384,
                642.5300000000001
            ],
            [
                644.217,
                649.568
            ],
            [
                654.986,
                657.006
            ],
            [
                719.434,
                728.606
            ],
            [
                730.954,
                734.289
            ],
            [
                816.706,
                817.563
            ],
            [
                841.07,
                848.77
            ]
        ]
    },
    "C": {
        "duration": 52.60400000000004,
        "intervals": [
            [
                331.013,
                383.617
            ]
        ]
    },
    "D": {
        "duration": 82.82599999999991,
        "intervals": [
            [
                212.645,
                213.811
            ],
            [
                419.177,
                425.68699999999995
            ],
            [
                436.02,
                437.714
            ],
            [
                452.262,
                456.998
            ],
            [
                484.928,
                496.852
            ],
            [
                504.836,
                506.724
            ],
            [
                509.158,
                511.731
            ],
            [
                543.156,
                543.6519999999999
            ],
            [
                557.084,
                608.425
            ],
            [
                628.236,
                628.734
            ]
        ]
    },
    "E": {
        "duration": 64.24200000000002,
        "intervals": [
            [
                482.738,
                484.552
            ],
            [
                657.006,
                719.434
            ]
        ]
    },
    "F": {
        "duration": 244.9810000000001,
        "intervals": [
            [
                0.01,
                13.755
            ],
            [
                15.611,
                55.264
            ],
            [
                57.125,
                62.392
            ],
            [
                196.764,
                201.609
            ],
            [
                205.733,
                212.645
            ],
            [
                434.126,
                435.40299999999996
            ],
            [
                437.714,
                452.021
            ],
            [
                456.999,
                468.35
            ],
            [
                477.134,
                482.738
            ],
            [
                514.137,
                524.0490000000001
            ],
            [
                526.856,
                531.534
            ],
            [
                532.113,
                533.0820000000001
            ],
            [
                536.794,
                538.278
            ],
            [
                541.087,
                542.329
            ],
            [
                543.817,
                552.925
            ],
            [
                608.425,
                612.6809999999999
            ],
            [
                616.903,
                617.58
            ],
            [
                643.115,
                643.726
            ],
            [
                649.979,
                654.621
            ],
            [
                730.384,
                730.9540000000001
            ],
            [
                734.289,
                815.856
            ],
            [
                818.243,
                840.547
            ]
        ]
    }
}