{
    "A": {
        "duration": 376.6859999999998,
        "intervals": [
            [
                0.089,
                0.209
            ],
            [
                1302.978,
                1393.9189999999999
            ],
            [
                1398.392,
                1434.585
            ],
            [
                1434.822,
                1439.1589999999999
            ],
            [
                1463.213,
                1537.4080000000001
            ],
            [
                1573.082,
                1573.2420000000002
            ],
            [
                1592.308,
                1595.643
            ],
            [
                2167.015,
                2283.792
            ],
            [
                2288.523,
                2304.6189999999997
            ],
            [
                2388.369,
                2391.8720000000003
            ],
            [
                2400.327,
                2422.472
            ],
            [
                2437.509,
                2446.393
            ]
        ]
    },
    "B": {
        "duration": 153.0949999999998,
        "intervals": [
            [
                1541.201,
                1560.989
            ],
            [
                1565.792,
                1572.846
            ],
            [
                1574.215,
                1592.309
            ],
            [
                1612.008,
                1687.017
            ],
            [
                1692.703,
                1697.5919999999999
            ],
            [
                1894.58,
                1894.59
            ],
            [
                2145.833,
                2160.7239999999997
            ],
            [
                2424.614,
                2434.17
            ],
            [
                2462.297,
                2464.33
            ],
            [
                2489.638,
                2490.656
            ],
            [
                2677.393,
                2678.146
            ]
        ]
    },
    "C": {
        "duration": 399.1889999999995,
        "intervals": [
            [
                9.968,
                16.455000000000002
            ],
            [
                964.452,
                1037.3809999999999
            ],
            [
                1132.969,
                1158.087
            ],
            [
                1287.303,
                1298.076
            ],
            [
                1394.091,
                1398.3919999999998
            ],
            [
                1434.807,
                1434.8220000000001
            ],
            [
                1439.394,
                1459.097
            ],
            [
                1537.409,
                1540.5900000000001
            ],
            [
                1560.99,
                1565.7930000000001
            ],
            [
                1573.579,
                1574.215
            ],
            [
                1595.643,
                1612.008
            ],
            [
                1687.017,
                1692.702
            ],
            [
                1697.591,
                1720.6380000000001
            ],
            [
                1860.111,
                1889.756
            ],
            [
                2008.625,
                2012.133
            ],
            [
                2081.541,
                2145.098
            ],
            [
                2161.016,
                2162.845
            ],
            [
                2283.942,
                2288.198
            ],
            [
                2304.88,
                2306.792
            ],
            [
                2384.735,
                2388.036
            ],
            [
                2391.873,
                2400.013
            ],
            [
                2424.598,
                2424.613
            ],
            [
                2446.392,
                2461.797
            ],
            [
                2464.331,
                2485.175
            ],
            [
                2623.323,
                2677.0570000000002
            ]
        ]
    },
    "D": {
        "duration": 367.93400000000065,
        "intervals": [
            [
                1162.817,
                1286.7540000000001
            ],
            [
                1771.728,
                1772.3490000000002
            ],
            [
                1894.59,
                1961.874
            ],
            [
                1963.157,
                1965.953
            ],
            [
                1967.097,
                2008.3500000000001
            ],
            [
                2490.656,
                2622.699
            ]
        ]
    },
    "E": {
        "duration": 155.97399999999993,
        "intervals": [
            [
                1042.801,
                1131.8690000000001
            ],
            [
                1818.653,
                1820.393
            ],
            [
                1892.045,
                1892.084
            ],
            [
                1962.498,
                1963.156
            ],
            [
                1966.354,
                1967.096
            ],
            [
                2008.596,
                2008.625
            ],
            [
                2016.768,
                2080.466
            ]
        ]
    },
    "F": {
        "duration": 213.68000000000075,
        "intervals": [
            [
                1724.62,
                1771.4370000000001
            ],
            [
                1772.349,
                1818.6519999999998
            ],
            [
                1820.748,
                1860.111
            ],
            [
                2306.792,
                2384.07
            ],
            [
                2422.675,
                2424.3610000000003
            ],
            [
                2434.625,
                2436.858
            ]
        ]
    },
    "G": {
        "duration": 664.271,
        "intervals": [
            [
                9.136,
                9.968
            ],
            [
                21.041,
                106.792
            ],
            [
                130.756,
                189.21
            ],
            [
                227.006,
                258.068
            ],
            [
                294.023,
                316.12100000000004
            ],
            [
                344.888,
                384.168
            ],
            [
                417.206,
                453.706
            ],
            [
                484.102,
                530.333
            ],
            [
                555.49,
                613.492
            ],
            [
                637.883,
                709.404
            ],
            [
                732.653,
                733.5930000000001
            ],
            [
                750.035,
                963.635
            ]
        ]
    },
    "H": {
        "duration": 272.0200000000001,