{
    "A": {
        "duration": 429.0139999999999,
        "intervals": [
            [
                0.064,
                18.688
            ],
            [
                25.252,
                26.413
            ],
            [
                30.596,
                39.391
            ],
            [
                48.136,
                55.204
            ],
            [
                57.405,
                59.651
            ],
            [
                66.3,
                69.983
            ],
            [
                73.56,
                76.152
            ],
            [
                80.981,
                82.893
            ],
            [
                93.226,
                99.299
            ],
            [
                104.266,
                111.133
            ],
            [
                114.883,
                121.49
            ],
            [
                123.135,
                125.61200000000001
            ],
            [
                128.723,
                130.63500000000002
            ],
            [
                137.325,
                137.534
            ],
            [
                145.189,
                155.12699999999998
            ],
            [
                156.732,
                159.709
            ],
            [
                162.447,
                181.663
            ],
            [
                185.471,
                198.117
            ],
            [
                203.872,
                204.94500000000002
            ],
            [
                209.667,
                213.243
            ],
            [
                215.393,
                218.446
            ],
            [
                227.858,
                233.87099999999998
            ],
            [
                241.603,
                244.892
            ],
            [
                247.636,
                255.057
            ],
            [
                262.131,
                265.808
            ],
            [
                268.928,
                271.968
            ],
            [
                400.862,
                411.358
            ],
            [
                416.092,
                421.683
            ],
            [
                423.463,
                424.543
            ],
            [
                558.367,
                574.186
            ],
            [
                579.015,
                579.828
            ],
            [
                588.038,
                588.591
            ],
            [
                590.61,
                591.128
            ],
            [
                732.827,
                735.66
            ],
            [
                741.101,
                750.2679999999999
            ],
            [
                755.055,
                757.3689999999999
            ],
            [
                758.609,
                760.825
            ],
            [
                1016.101,
                1026.231
            ],
            [
                1035.882,
                1040.045
            ],
            [
                1099.494,
                1106.302
            ],
            [
                1112.189,
                1113.427
            ],
            [
                1129.586,
                1132.046
            ],
            [
                1139.635,
                1142.451
            ],
            [
                1149.535,
                1156.5990000000002
            ],
            [
                1160.452,
                1162.197
            ],
            [
                1170.401,
                1171.7910000000002
            ],
            [
                1518.364,
                1523.0330000000001
            ],
            [
                1529.167,
                1530.6009999999999
            ],
            [
                1534.098,
                1558.577
            ],
            [
                1562.878,
                1566.135
            ],
            [
                1570.192,
                1571.589
            ],
            [
                1682.227,
                1695.9160000000002
            ],
            [
                1698.82,
                1701.31
            ],
            [
                1708.091,
                1719.4859999999999
            ],
            [
                1723.268,
                1724.392
            ],
            [
                1731.648,
                1733.3909999999998
            ],
            [
                1736.686,
                1743.898
            ],
            [
                1745.872,
                1747.391
            ],
            [
                1826.646,
                1834.209
            ],
            [
                1835.676,
                1840.1209999999999
            ],
            [
                1892.275,
                1894.192
            ],
            [
                1977.251,
                1984.475
            ],
            [
                1989.495,
                1996.134
            ],
            [
                1997.173,
                2000.332
            ],
            [
                2006.294,
                2009.247
            ],
            [
                2013.992,
                2014.994
            ],
            [
                2016.436,
                2020.106
            ],
            [
                2075.475,
                2076.295
            ],
            [
                2098.275,
                2124.6440000000002
            ],
            [
                2126.485,
                2129.3340000000003
            ],
            [
                2382.713,
                2394.669
            ],
            [
                2397.62,
                2401.882
            ],
            [
                2404.392,
                2405.7219999999998
            ],
            [
                2421.233,
                2422.203
            ],
            [
                2430.103,
                2430.594
            ],
            [
                2567.256,
                2575.783
            ],
            [
                2579.234,
                2580.765
            ],
            [
                2583.325,
                2585.6099999999997
            ],
            [
                2587.795,
                2588.003
            ],
            [
                2601.318,
                2612.084
            ],
            [
                2616.221,
                2621.373
            ],
            [
                2625.632,
                2628.791
            ]
        ]
    },
    "B": {
        "duration": 260.5939999999997,
        "intervals": [
            [
                275.103,
                396.926
            ],
            [
                1899.215,
                1971.424
            ],
            [
                2023.061,
                2069.758
            ],
            [
                2078.293,
                2097.9739999999997
            ],
            [
                2150.037,
                2150.221
            ]
        ]
    },
    "C": {
        "duration": 378.58000000000004,