{
    "A": {
        "duration": 282.55500000000063,
        "intervals": [
            [
                120.835,
                121.91499999999999
            ],
            [
                344.193,
                347.803
            ],
            [
                364.932,
                367.619
            ],
            [
                426.583,
                427.639
            ],
            [
                934.583,
                937.165
            ],
            [
                1260.1,
                1263.269
            ],
            [
                1290.308,
                1296.653
            ],
            [
                1299.768,
                1302.301
            ],
            [
                1483.07,
                1615.1039999999998
            ],
            [
                1617.639,
                1626.162
            ],
            [
                1636.32,
                1636.3719999999998
            ],
            [
                1966.061,
                1990.948
            ],
            [
                1992.819,
                2025.484
            ],
            [
                2028.206,
                2053.392
            ],
            [
                2054.346,
                2065.496
            ],
            [
                2067.729,
                2074.0190000000002
            ],
            [
                2077.866,
                2096.572
            ]
        ]
    },
    "B": {
        "duration": 33.43700000000001,
        "intervals": [
            [
                516.291,
                518.883
            ],
            [
                519.882,
                550.727
            ]
        ]
    },
    "C": {
        "duration": 112.77700000000004,
        "intervals": [
            [
                564.449,
                619.201
            ],
            [
                625.509,
                629.837
            ],
            [
                654.478,
                655.232
            ],
            [
                703.564,
                716.865
            ],
            [
                723.477,
                729.812
            ],
            [
                770.81,
                773.81
            ],
            [
                813.208,
                815.699
            ],
            [
                925.737,
                926.223
            ],
            [
                944.123,
                959.649
            ],
            [
                964.28,
                976.084
            ]
        ]
    },
    "D": {
        "duration": 109.0540000000002,
        "intervals": [
            [
                633.329,
                654.479
            ],
            [
                656.044,
                703.564
            ],
            [
                729.812,
                764.2710000000001
            ],
            [
                804.06,
                804.529
            ],
            [
                807.752,
                813.208
            ]
        ]
    },
    "E": {
        "duration": 106.82000000000033,
        "intervals": [
            [
                442.655,
                448.39799999999997
            ],
            [
                467.409,
                468.719
            ],
            [
                484.009,
                485.737
            ],
            [
                494.554,
                495.875
            ],
            [
                815.699,
                871.1129999999999
            ],
            [
                1072.975,
                1073.002
            ],
            [
                1075.94,
                1077.249
            ],
            [
                1078.269,
                1079.217
            ],
            [
                1081.554,
                1083.005
            ],
            [
                1083.348,
                1088.427
            ],
            [
                1091.357,
                1104.294
            ],
            [
                1106.59,
                1112.005
            ],
            [
                1115.319,
                1119.33
            ],
            [
                1162.509,
                1168.677
            ],
            [
                1174.611,
                1175.8110000000001
            ],
            [
                1396.437,
                1396.52
            ],
            [
                1420.21,
                1420.424
            ],
            [
                2325.473,
                2327.935
            ]
        ]
    },
    "F": {
        "duration": 58.69999999999993,
        "intervals": [
            [
                764.27,
                767.0459999999999
            ],
            [
                1010.806,
                1066.73
            ]
        ]
    },
    "G": {
        "duration": 91.08499999999981,
        "intervals": [
            [
                1176.35,
                1200.147
            ],
            [
                1203.819,
                1226.4279999999999
            ],
            [
                1229.151,
                1259.7740000000001
            ],
            [
                1278.548,
                1290.0169999999998
            ],
            [
                1296.991,
                1299.578
            ]
        ]
    },
    "H": {
        "duration": 118.5609999999997,
        "intervals": [
            [
                630.357,
                633.04
            ],
            [
                798.694,
                799.992
            ],
            [
                959.649,
                963.967
            ],
            [
                1325.452,
                1375.4579999999999
            ],
            [
                1388.899,
                1395.848
            ],
            [
                1396.519,
                1418.742
            ],
            [
                1433.135,
                1456.952
            ],
            [
                1903.873,
                1906.409
            ],
            [
                2298.508,
                2300.8979999999997
            ],
            [
                2309.651,
                2311.9919999999997
            ]
        ]
    },
    "I": {
        "duration": 198.4799999999998,
        "intervals": [
            [
                374.515,
                377.762
            ],
            [
                455.73,
                457.458
            ],
            [
                906.631,
                907.586
            ],
            [
                910.562,
                917.321
            ],
            [
                919.715,
                925.738
            ],
            [
                926.64,
                933.93
            ],
            [
                937.452,
                943.63
            ],
            [
                1456.952,
                1459.439
            ],
            [
                1636.372,
                1637.6299999999999
            ],
            [
                1654.206,
                1785.204
            ],
            [
                1794.425,
                1797.231
            ],
            [
                1799.54,
                1817.529
            ],
            [
                2173.724,
                2176.0710000000004
            ],
            [
                2201.094,
                2204.035
            ],
            [
                2294.288,
                2296.64
            ],
            [
                2428.608,
                2431.73
            ]
        ]
    },
    "J": {
        "duration": 218.1449999999994,