{
    "A": {
        "duration": 359.953,
        "intervals": [
            [
                114.234,
                114.65599999999999
            ],
            [
                1014.074,
                1015.4019999999999
            ],
            [
                1352.071,
                1355.0320000000002
            ],
            [
                1355.54,
                1440.0330000000001
            ],
            [
                1440.83,
                1450.609
            ],
            [
                1451.464,
                1454.068
            ],
            [
                1954.068,
                1959.676
            ],
            [
                1963.862,
                1977.1889999999999
            ],
            [
                1979.152,
                2030.704
            ],
            [
                2033.473,
                2073.272
            ],
            [
                2351.023,
                2433.621
            ],
            [
                2434.912,
                2440.032
            ],
            [
                2442.646,
                2463.62
            ],
            [
                2684.121,
                2687.92
            ],
            [
                2795.749,
                2831.323
            ],
            [
                2861.254,
                2861.269
            ]
        ]
    },
    "B": {
        "duration": 323.694,
        "intervals": [
            [
                6.612,
                8.706
            ],
            [
                655.172,
                656.669
            ],
            [
                667.531,
                668.511
            ],
            [
                793.727,
                796.8639999999999
            ],
            [
                802.501,
                803.655
            ],
            [
                1178.267,
                1237.295
            ],
            [
                1238.883,
                1296.773
            ],
            [
                1297.669,
                1327.528
            ],
            [
                1355.535,
                1355.5400000000002
            ],
            [
                1440.491,
                1440.83
            ],
            [
                1450.609,
                1451.328
            ],
            [
                1960.198,
                1963.6170000000002
            ],
            [
                1977.696,
                1978.825
            ],
            [
                2075.637,
                2112.2639999999997
            ],
            [
                2114.411,
                2159.251
            ],
            [
                2160.727,
                2207.522
            ],
            [
                2209.054,
                2235.238
            ],
            [
                2306.038,
                2308.242
            ],
            [
                2318.321,
                2318.485
            ],
            [
                2434.246,
                2434.913
            ],
            [
                2854.14,
                2856.393
            ],
            [
                2861.409,
                2862.503
            ],
            [
                2865.81,
                2866.52
            ],
            [
                2927.819,
                2928.725
            ]
        ]
    },
    "C": {
        "duration": 444.5300000000001,
        "intervals": [
            [
                114.812,
                115.717
            ],
            [
                625.806,
                654.529
            ],
            [
                659.124,
                667.532
            ],
            [
                668.777,
                793.728
            ],
            [
                797.334,
                802.06
            ],
            [
                803.655,
                816.5630000000001
            ],
            [
                1790.932,
                1880.468
            ],
            [
                1881.679,
                1934.5700000000002
            ],
            [
                2112.612,
                2113.66
            ],
            [
                2159.6,
                2160.145
            ],
            [
                2440.211,
                2442.3759999999997
            ],
            [
                2669.851,
                2684.121
            ],
            [
                2688.395,
                2742.903
            ],
            [
                2746.803,
                2795.7490000000003
            ]
        ]
    },
    "D": {
        "duration": 222.90500000000014,
        "intervals": [
            [
                9.906,
                13.052
            ],
            [
                171.224,
                210.43200000000002
            ],
            [
                221.753,
                264.61
            ],
            [
                276.517,
                345.575
            ],
            [
                538.773,
                606.6279999999999
            ],
            [
                1786.874,
                1787.105
            ],
            [
                2665.901,
                2666.4
            ],
            [
                2852.817,
                2852.819
            ],
            [
                2858.984,
                2859.033
            ]
        ]
    },
    "E": {
        "duration": 388.326,
        "intervals": [
            [
                84.991,
                94.92999999999999
            ],
            [
                96.927,
                113.78699999999999
            ],
            [
                116.559,
                132.055
            ],
            [
                377.485,
                498.32599999999996
            ],
            [
                1475.564,
                1566.2250000000001
            ],
            [
                1586.387,
                1662.385
            ],
            [
                2073.632,
                2075.637
            ],
            [
                2869.128,
                2925.654
            ]
        ]
    },
    "F": {
        "duration": 446.7690000000003,
        "intervals": [
            [
                0.083,
                4.41
            ],
            [
                9.317,
                9.329
            ],
            [
                656.669,
                658.458
            ],
            [
                847.424,
                1012.673
            ],
            [
                1689.211,
                1782.896
            ],
            [
                1880.962,
                1881.679
            ],
            [
                2208.298,
                2208.711
            ],
            [
                2470.728,
                2642.639
            ],
            [
                2742.903,
                2746.394
            ],
            [
                2847.724,
                2850.4210000000003
            ],
            [
                2853.47,
                2854.14
            ],
            [
                2858.811,
                2858.835
            ],
            [
                2859.629,
                2861.067
            ],
            [
                2865.647,
                2865.672
            ],
            [
                2866.519,
                2866.8399999999997
            ]
        ]
    },
    "G": {
        "duration": 179.37499999999966,