{
    "A": {
        "duration": 147.9709999999999,
        "intervals": [
            [
                15.724,
                15.781
            ],
            [
                81.165,
                155.202
            ],
            [
                207.935,
                271.683
            ],
            [
                667.411,
                669.3969999999999
            ],
            [
                670.727,
                671.4259999999999
            ],
            [
                673.996,
                676.1039999999999
            ],
            [
                1496.2,
                1496.674
            ],
            [
                1518.267,
                1522.5520000000001
            ],
            [
                1555.943,
                1556.52
            ]
        ]
    },
    "B": {
        "duration": 315.2510000000002,
        "intervals": [
            [
                677.464,
                677.8960000000001
            ],
            [
                681.254,
                682.629
            ],
            [
                1103.448,
                1103.6860000000001
            ],
            [
                1593.398,
                1802.908
            ],
            [
                1805.208,
                1807.9840000000002
            ],
            [
                1913.331,
                1914.5159999999998
            ],
            [
                2076.049,
                2173.244
            ],
            [
                2175.007,
                2177.547
            ]
        ]
    },
    "C": {
        "duration": 336.7869999999997,
        "intervals": [
            [
                635.168,
                635.946
            ],
            [
                640.131,
                642.8059999999999
            ],
            [
                682.842,
                685.928
            ],
            [
                705.392,
                706.2090000000001
            ],
            [
                712.928,
                714.9879999999999
            ],
            [
                715.529,
                718.064
            ],
            [
                1838.457,
                1912.311
            ],
            [
                1915.162,
                2000.722
            ],
            [
                2215.148,
                2380.57
            ]
        ]
    },
    "D": {
        "duration": 73.61299999999994,
        "intervals": [
            [
                323.231,
                357.013
            ],
            [
                370.988,
                371.028
            ],
            [
                623.528,
                634.81
            ],
            [
                636.9,
                640.131
            ],
            [
                646.272,
                654.418
            ],
            [
                655.774,
                666.869
            ],
            [
                669.765,
                670.335
            ],
            [
                671.426,
                673.365
            ],
            [
                676.277,
                677.219
            ],
            [
                678.67,
                681.254
            ],
            [
                2470.508,
                2470.5099999999998
            ]
        ]
    },
    "E": {
        "duration": 104.13300000000004,
        "intervals": [
            [
                371.029,
                437.606
            ],
            [
                685.928,
                704.708
            ],
            [
                706.367,
                712.433
            ],
            [
                714.989,
                715.1170000000001
            ],
            [
                718.436,
                731.018
            ]
        ]
    },
    "F": {
        "duration": 349.64199999999954,
        "intervals": [
            [
                4.899,
                5.297
            ],
            [
                31.037,
                36.231
            ],
            [
                43.954,
                43.976
            ],
            [
                60.504,
                64.868
            ],
            [
                67.19,
                72.511
            ],
            [
                156.391,
                161.04999999999998
            ],
            [
                161.654,
                169.33
            ],
            [
                177.839,
                178.87
            ],
            [
                191.676,
                193.33999999999997
            ],
            [
                196.585,
                197.625
            ],
            [
                272.472,
                278.995
            ],
            [
                280.523,
                283.52700000000004
            ],
            [
                289.18,
                295.407
            ],
            [
                305.07,
                306.801
            ],
            [
                359.328,
                363.905
            ],
            [
                367.33,
                369.399
            ],
            [
                438.121,
                451.59
            ],
            [
                456.786,
                465.156
            ],
            [
                474.145,
                477.031
            ],
            [
                478.081,
                482.209
            ],
            [
                482.725,
                486.149
            ],
            [
                488.783,
                496.06600000000003
            ],
            [
                556.748,
                568.663
            ],
            [
                572.014,
                578.857
            ],
            [
                582.523,
                587.279
            ],
            [
                747.91,
                752.35
            ],
            [
                765.951,
                775.0329999999999
            ],
            [
                777.419,
                778.357
            ],
            [
                791.093,
                798.935
            ],
            [
                983.737,
                991.032
            ],
            [
                994.57,
                996.4090000000001
            ],
            [
                1056.174,
                1057.009
            ],
            [
                1060.979,
                1069.826
            ],
            [
                1070.16,
                1074.88
            ],
            [
                1086.316,
                1090.98
            ],
            [
                1091.775,
                1099.379
            ],
            [
                1110.355,
                1114.44
            ],
            [
                1122.5,
                1122.991
            ],
            [
                1124.798,
                1126.555
            ],
            [
                1146.906,
                1150.2269999999999
            ],
            [
                1152.991,
                1153.47
            ],
            [
                1157.463,
                1157.725
            ],
            [
                1164.48,
                1167.566
            ],
            [
                1320.099,
                1321.365
            ],
            [
                1323.177,
                1332.148
            ],
            [
                1444.426,
                1457.7910000000002
            ],
            [
                1458.857,
                1461.3609999999999
            ],
            [
                1469.089,
                1472.3029999999999
            ],
            [
                1477.055,
                1482.178
            ],
            [
                1483.437,
                1489.3290000000002
            ],
            [
