{
    "A": {
        "duration": 390.587,
        "intervals": [
            [
                826.701,
                1017.7280000000001
            ],
            [
                1618.75,
                1817.856
            ],
            [
                1977.065,
                1977.519
            ]
        ]
    },
    "B": {
        "duration": 200.8689999999997,
        "intervals": [
            [
                553.1,
                555.549
            ],
            [
                619.922,
                622.058
            ],
            [
                629.846,
                734.792
            ],
            [
                770.146,
                804.365
            ],
            [
                1256.217,
                1258.375
            ],
            [
                1433.636,
                1434.903
            ],
            [
                1834.829,
                1867.3329999999999
            ],
            [
                1872.202,
                1893.3919999999998
            ]
        ]
    },
    "C": {
        "duration": 84.59599999999999,
        "intervals": [
            [
                83.653,
                168.249
            ]
        ]
    },
    "D": {
        "duration": 318.87200000000024,
        "intervals": [
            [
                2.244,
                16.413
            ],
            [
                19.421,
                25.78
            ],
            [
                26.733,
                28.402
            ],
            [
                34.739,
                41.702999999999996
            ],
            [
                45.092,
                53.409
            ],
            [
                59.871,
                60.305
            ],
            [
                63.769,
                70.728
            ],
            [
                73.902,
                77.194
            ],
            [
                171.857,
                172.451
            ],
            [
                176.534,
                179.74699999999999
            ],
            [
                188.428,
                205.52
            ],
            [
                211.51,
                220.946
            ],
            [
                224.81,
                227.942
            ],
            [
                228.342,
                231.459
            ],
            [
                245.41,
                246.71099999999998
            ],
            [
                253.392,
                260.53
            ],
            [
                264.038,
                264.45300000000003
            ],
            [
                270.521,
                271.65700000000004
            ],
            [
                276.973,
                282.673
            ],
            [
                299.832,
                315.86
            ],
            [
                321.162,
                324.221
            ],
            [
                331.01,
                337.336
            ],
            [
                347.694,
                349.459
            ],
            [
                353.943,
                357.78000000000003
            ],
            [
                359.471,
                373.39000000000004
            ],
            [
                374.245,
                377.84000000000003
            ],
            [
                382.777,
                384.286
            ],
            [
                530.349,
                532.106
            ],
            [
                622.058,
                628.899
            ],
            [
                742.392,
                755.416
            ],
            [
                757.436,
                763.698
            ],
            [
                807.904,
                808.231
            ],
            [
                810.042,
                813.94
            ],
            [
                815.667,
                818.677
            ],
            [
                823.463,
                823.731
            ],
            [
                1020.296,
                1021.791
            ],
            [
                1025.553,
                1030.7099999999998
            ],
            [
                1031.155,
                1032.333
            ],
            [
                1180.421,
                1181.683
            ],
            [
                1186.67,
                1189.5620000000001
            ],
            [
                1290.543,
                1293.839
            ],
            [
                1296.508,
                1301.881
            ],
            [
                1303.192,
                1304.606
            ],
            [
                1334.728,
                1336.6100000000001
            ],
            [
                1527.515,
                1529.2530000000002
            ],
            [
                1600.361,
                1602.4470000000001
            ],
            [
                1606.318,
                1609.6879999999999
            ],
            [
                1610.943,
                1616.54
            ],
            [
                1817.856,
                1834.294
            ],
            [
                1901.207,
                1902.883
            ],
            [
                1922.044,
                1932.494
            ],
            [
                1935.865,
                1937.431
            ],
            [
                1940.639,
                1956.629
            ],
            [
                1961.052,
                1966.166
            ],
            [
                1966.503,
                1972.423
            ],
            [
                1982.45,
                2015.077
            ],
            [
                2021.225,
                2027.7140000000002
            ]
        ]
    },
    "E": {
        "duration": 213.3519999999997,