{
    "A": {
        "duration": 250.8689999999997,
        "intervals": [
            [
                249.586,
                363.88599999999997
            ],
            [
                1423.864,
                1451.771
            ],
            [
                1462.546,
                1487.1979999999999
            ],
            [
                1519.592,
                1603.602
            ]
        ]
    },
    "B": {
        "duration": 441.8289999999995,
        "intervals": [
            [
                707.061,
                707.096
            ],
            [
                791.956,
                794.0600000000001
            ],
            [
                843.136,
                843.4259999999999
            ],
            [
                913.408,
                915.597
            ],
            [
                1032.826,
                1270.499
            ],
            [
                1276.641,
                1354.965
            ],
            [
                1630.304,
                1699.936
            ],
            [
                1748.272,
                1749.0359999999998
            ],
            [
                1911.843,
                1962.661
            ]
        ]
    },
    "C": {
        "duration": 494.3929999999997,
        "intervals": [
            [
                14.226,
                18.414
            ],
            [
                27.162,
                36.02
            ],
            [
                41.192,
                45.592
            ],
            [
                47.667,
                48.480000000000004
            ],
            [
                50.687,
                52.592
            ],
            [
                57.024,
                62.326
            ],
            [
                64.314,
                121.162
            ],
            [
                122.01,
                124.558
            ],
            [
                125.81,
                129.713
            ],
            [
                130.829,
                158.077
            ],
            [
                160.527,
                176.19
            ],
            [
                177.861,
                186.394
            ],
            [
                189.96,
                205.909
            ],
            [
                209.878,
                228.77599999999998
            ],
            [
                233.113,
                247.885
            ],
            [
                368.412,
                372.233
            ],
            [
                442.118,
                446.328
            ],
            [
                465.131,
                470.385
            ],
            [
                504.458,
                509.54200000000003
            ],
            [
                551.78,
                559.299
            ],
            [
                563.647,
                580.43
            ],
            [
                582.809,
                588.437
            ],
            [
                588.843,
                595.477
            ],
            [
                598.737,
                599.1909999999999
            ],
            [
                601.803,
                604.39
            ],
            [
                605.399,
                609.235
            ],
            [
                617.932,
                618.339
            ],
            [
                621.525,
                622.765
            ],
            [
                650.136,
                653.884
            ],
            [
                657.788,
                668.5250000000001
            ],
            [
                669.932,
                672.367
            ],
            [
                931.608,
                934.4409999999999
            ],
            [
                936.782,
                941.029
            ],
            [
                948.193,
                950.211
            ],
            [
                1023.184,
                1031.04
            ],
            [
                1366.588,
                1366.62
            ],
            [
                1368.698,
                1374.258
            ],
            [
                1379.53,
                1385.815
            ],
            [
                1388.151,
                1398.156
            ],
            [
                1400.347,
                1404.337
            ],
            [
                1406.477,
                1412.09
            ],
            [
                1413.836,
                1417.9669999999999
            ],
            [
                1420.274,
                1420.591
            ],
            [
                1452.156,
                1460.043
            ],
            [
                1487.197,
                1489.168
            ],
            [
                1495.555,
                1498.083
            ],
            [
                1511.98,
                1514.13
            ],
            [
                1515.974,
                1517.231
            ],
            [
                1620.766,
                1629.847
            ],
            [
                1707.276,
                1722.076
            ],
            [
                1723.668,
                1727.877
            ],
            [
                1730.973,
                1738.795
            ],
            [
                1863.4,
                1864.191
            ],
            [
                1883.486,
                1885.2120000000002
            ],
            [
                1887.393,
                1905.6319999999998
            ],
            [
                1965.006,
                2013.457
            ],
            [
                2016.775,
                2029.498
            ],
            [
                2032.634,
                2044.4240000000002
            ],
            [
                2047.604,
                2073.48
            ]
        ]
    },
    "D": {
        "duration": 367.3989999999998,
        "intervals": [
            [
                672.992,
                706.332
            ],
            [
                707.096,
                783.192
            ],
            [
                785.211,
                791.9549999999999
            ],
            [
                794.998,
                842.282
            ],
            [
                844.383,
                905.63
            ],
            [
                906.675,
                912.87
            ],
            [
                915.982,
                927.2520000000001
            ],
            [
                1740.99,
                1747.696
            ],
            [
                1749.708,
                1862.175
            ],
            [
                1864.191,
                1870.241
            ]
        ]
    },
    "E": {
        "duration": 177.71199999999993,
        "intervals": [
            [
                8.39,
                8.479000000000001
            ],
            [
                379.392,
                440.613
            ],
            [
                475.592,
                501.602
            ],
            [
                527.477,
                528.7520000000001
            ],
            [
                531.762,
                548.411
            ],
            [
                623.567,
                647.102
            ],
            [
                783.192,
                784.078
            ],
            [
                906.014,
                906.675
            ],
            [
                952.172,
                999.558
            ]
        ]
    },
    "F": {
        "duration": 262.3780000000005,