{
    "A": {
        "duration": 231.581,
        "intervals": [
            [
                186.519,
                210.698
            ],
            [
                225.782,
                244.804
            ],
            [
                247.393,
                249.212
            ],
            [
                251.741,
                261.75
            ],
            [
                267.341,
                291.834
            ],
            [
                314.359,
                345.971
            ],
            [
                348.769,
                351.791
            ],
            [
                354.888,
                373.425
            ],
            [
                374.659,
                387.42499999999995
            ],
            [
                389.661,
                418.301
            ],
            [
                420.65,
                437.85400000000004
            ],
            [
                439.187,
                441.146
            ],
            [
                443.991,
                446.25399999999996
            ],
            [
                494.792,
                519.822
            ],
            [
                523.807,
                534.438
            ],
            [
                542.076,
                542.101
            ],
            [
                545.827,
                546.197
            ]
        ]
    },
    "B": {
        "duration": 363.4259999999999,
        "intervals": [
            [
                0.01,
                182.83599999999998
            ],
            [
                210.698,
                225.012
            ],
            [
                244.804,
                247.109
            ],
            [
                249.696,
                251.23
            ],
            [
                261.927,
                266.16400000000004
            ],
            [
                291.835,
                311.731
            ],
            [
                346.51,
                348.091
            ],
            [
                352.544,
                354.30899999999997
            ],
            [
                373.425,
                373.68
            ],
            [
                387.425,
                389.118
            ],
            [
                418.559,
                420.209
            ],
            [
                438.193,
                439.187
            ],
            [
                441.519,
                443.814
            ],
            [
                446.254,
                494.792
            ],
            [
                519.823,
                523.807
            ],
            [
                534.666,
                541.763
            ],
            [
                542.101,
                545.442
            ],
            [
                546.402,
                611.5229999999999
            ]
        ]
    }
}