{
    "A": {
        "duration": 189.48600000000025,
        "intervals": [
            [
                245.192,
                245.703
            ],
            [
                264.968,
                265.51500000000004
            ],
            [
                877.132,
                879.704
            ],
            [
                1221.021,
                1281.288
            ],
            [
                1587.311,
                1712.9
            ]
        ]
    },
    "B": {
        "duration": 484.34499999999946,
        "intervals": [
            [
                230.116,
                230.664
            ],
            [
                563.254,
                565.4839999999999
            ],
            [
                855.772,
                860.4970000000001
            ],
            [
                880.126,
                882.0649999999999
            ],
            [
                891.349,
                895.157
            ],
            [
                1283.123,
                1283.9650000000001
            ],
            [
                1292.174,
                1296.868
            ],
            [
                1298.025,
                1511.5919999999999
            ],
            [
                1512.505,
                1550.293
            ],
            [
                1550.986,
                1558.213
            ],
            [
                1737.047,
                1943.622
            ],
            [
                2023.139,
                2023.541
            ]
        ]
    },
    "C": {
        "duration": 303.86599999999964,
        "intervals": [
            [
                313.212,
                421.669
            ],
            [
                458.922,
                514.373
            ],
            [
                766.193,
                779.601
            ],
            [
                784.855,
                816.2099999999999
            ],
            [
                842.668,
                851.906
            ],
            [
                860.917,
                877.132
            ],
            [
                882.065,
                887.863
            ],
            [
                896.206,
                908.021
            ],
            [
                921.896,
                973.0509999999999
            ],
            [
                1297.985,
                1298.0259999999998
            ],
            [
                1511.592,
                1512.1940000000002
            ],
            [
                1550.293,
                1550.6239999999998
            ]
        ]
    },
    "D": {
        "duration": 179.79000000000002,
        "intervals": [
            [
                215.195,
                217.22199999999998
            ],
            [
                222.316,
                224.49
            ],
            [
                238.098,
                240.459
            ],
            [
                246.923,
                252.434
            ],
            [
                257.518,
                261.37699999999995
            ],
            [
                266.024,
                273.697
            ],
            [
                552.363,
                560.619
            ],
            [
                567.412,
                602.0369999999999
            ],
            [
                605.678,
                657.715
            ],
            [
                700.198,
                754.539
            ],
            [
                887.863,
                891.349
            ],
            [
                895.381,
                895.818
            ],
            [
                920.192,
                921.315
            ],
            [
                1713.157,
                1715.037
            ]
        ]
    },
    "E": {
        "duration": 342.9119999999992,
        "intervals": [
            [
                19.394,
                20.697
            ],
            [
                30.593,
                33.62
            ],
            [
                35.63,
                35.677
            ],
            [
                37.827,
                38.565999999999995
            ],
            [
                45.784,
                47.112
            ],
            [
                53.286,
                62.009
            ],
            [
                67.272,
                69.935
            ],
            [
                72.809,
                75.227
            ],
            [
                80.128,
                87.05
            ],
            [
                93.864,
                99.08500000000001
            ],
            [
                99.522,
                102.85600000000001
            ],
            [
                110.992,
                116.61200000000001
            ],
            [
                118.169,
                119.502
            ],
            [
                120.503,
                124.33500000000001
            ],
            [
                126.451,
                140.64800000000002
            ],
            [
                151.315,
                153.288
            ],
            [
                160.677,
                162.88899999999998
            ],
            [
                165.532,
                168.333
            ],
            [
                172.814,
                173.897
            ],
            [
                181.521,
                185.68099999999998
            ],
            [
                196.641,
                215.195
            ],
            [
                217.591,
                221.918
            ],
            [
                224.76,
                228.078
            ],
            [
                233.214,
                237.81400000000002
            ],
            [
                242.863,
                244.454
            ],
            [
                252.435,
                257.51800000000003
            ],
            [
                264.139,
                264.785
            ],
            [
                286.924,
                286.926
            ],
            [
                298.73,
                302.193
            ],
            [
                307.598,
                312.291
            ],
            [
                433.914,
                437.633
            ],
            [
                447.525,
                448.47299999999996
            ],
            [
                451.61,
                453.991
            ],
            [
                522.408,
                523.611
            ],
            [
                527.393,
                527.499
            ],
            [
                535.591,
                538.649
            ],
            [
                544.393,
                544.433
            ],
            [
                603.065,
                605.677
            ],
            [
                677.592,
                686.148
            ],
            [
                687.781,
                689.298
            ],
            [
                693.475,
                694.052
            ],
            [
                762.008,
                766.193
            ],
            [
                779.964,
                783.916
            ],
            [
                825.409,
                828.524
            ],
            [
                832.732,
                838.0699999999999
            ],
            [
                855.181,
                855.3620000000001
            ],
            [
                978.092,
                981.01
            ],
            [
                983.286,
                987.449
            ],
            [
                988.792,
                992.965
            ],
            [
                998.193,
                1000.4879999999999
            ],
            [
