{
    "A": {
        "duration": 261.30499999999995,
        "intervals": [
            [
                166.006,
                285.62300000000005
            ],
            [
                399.354,
                400.65799999999996
            ],
            [
                484.247,
                581.649
            ],
            [
                788.192,
                791.425
            ],
            [
                882.097,
                921.846
            ]
        ]
    },
    "B": {
        "duration": 34.98700000000002,
        "intervals": [
            [
                302.827,
                335.985
            ],
            [
                362.561,
                364.39
            ]
        ]
    },
    "C": {
        "duration": 439.93200000000024,
        "intervals": [
            [
                0.194,
                32.038000000000004
            ],
            [
                33.88,
                159.273
            ],
            [
                288.888,
                299.66400000000004
            ],
            [
                336.909,
                360.584
            ],
            [
                367.026,
                375.734
            ],
            [
                377.153,
                380.17
            ],
            [
                381.392,
                385.26
            ],
            [
                387.772,
                396.33299999999997
            ],
            [
                401.009,
                480.627
            ],
            [
                582.591,
                591.283
            ],
            [
                618.292,
                644.6880000000001
            ],
            [
                719.192,
                725.14
            ],
            [
                728.691,
                729.4590000000001
            ],
            [
                739.01,
                756.904
            ],
            [
                803.0,
                825.644
            ],
            [
                850.326,
                854.398
            ],
            [
                871.241,
                878.254
            ],
            [
                922.146,
                973.191
            ]
        ]
    },
    "D": {
        "duration": 75.89099999999996,
        "intervals": [
            [
                364.622,
                367.027
            ],
            [
                645.707,
                719.193
            ]
        ]
    },
    "E": {
        "duration": 120.06399999999992,
        "intervals": [
            [
                33.829,
                33.88
            ],
            [
                361.564,
                362.56100000000004
            ],
            [
                376.085,
                376.46099999999996
            ],
            [
                380.717,
                380.967
            ],
            [
                386.291,
                387.31
            ],
            [
                396.995,
                398.527
            ],
            [
                591.929,
                618.0279999999999
            ],
            [
                726.541,
                728.691
            ],
            [
                730.591,
                737.564
            ],
            [
                757.569,
                788.192
            ],
            [
                791.785,
                803.0
            ],
            [
                825.79,
                849.0419999999999
            ],
            [
                855.503,
                871.0300000000001
            ]
        ]
    }
}