{
    "A": {
        "duration": 350.3840000000001,
        "intervals": [
            [
                8.422,
                11.615
            ],
            [
                14.383,
                16.573
            ],
            [
                21.711,
                25.4
            ],
            [
                36.953,
                39.661
            ],
            [
                162.795,
                163.08399999999997
            ],
            [
                171.342,
                178.627
            ],
            [
                186.97,
                199.808
            ],
            [
                270.8,
                274.80400000000003
            ],
            [
                283.871,
                288.91999999999996
            ],
            [
                302.201,
                303.22
            ],
            [
                309.592,
                335.151
            ],
            [
                335.964,
                343.04200000000003
            ],
            [
                345.668,
                355.76
            ],
            [
                359.841,
                363.43600000000004
            ],
            [
                366.147,
                366.937
            ],
            [
                368.999,
                375.585
            ],
            [
                378.025,
                381.704
            ],
            [
                392.253,
                400.93
            ],
            [
                408.0,
                418.791
            ],
            [
                422.064,
                424.406
            ],
            [
                425.707,
                427.335
            ],
            [
                431.679,
                438.86400000000003
            ],
            [
                443.085,
                458.589
            ],
            [
                467.937,
                469.108
            ],
            [
                475.514,
                477.083
            ],
            [
                479.392,
                486.167
            ],
            [
                662.19,
                667.2090000000001
            ],
            [
                672.727,
                675.1179999999999
            ],
            [
                684.178,
                687.939
            ],
            [
                691.261,
                694.02
            ],
            [
                696.889,
                698.32
            ],
            [
                851.912,
                857.5690000000001
            ],
            [
                866.634,
                871.432
            ],
            [
                880.629,
                880.9920000000001
            ],
            [
                883.497,
                883.6859999999999
            ],
            [
                892.966,
                894.242
            ],
            [
                898.525,
                909.368
            ],
            [
                913.256,
                913.5649999999999
            ],
            [
                931.525,
                932.009
            ],
            [
                1065.732,
                1071.2299999999998
            ],
            [
                1082.854,
                1083.683
            ],
            [
                1090.22,
                1092.912
            ],
            [
                1166.668,
                1167.437
            ],
            [
                1172.89,
                1173.756
            ],
            [
                1342.317,
                1343.392
            ],
            [
                1384.342,
                1388.372
            ],
            [
                1529.577,
                1529.611
            ],
            [
                1535.269,
                1538.271
            ],
            [
                1554.992,
                1555.416
            ],
            [
                1559.566,
                1561.032
            ],
            [
                1610.275,
                1615.2430000000002
            ],
            [
                1619.715,
                1621.612
            ],
            [
                1622.153,
                1629.4750000000001
            ],
            [
                1632.027,
                1632.4470000000001
            ],
            [
                1695.624,
                1700.044
            ],
            [
                1701.557,
                1705.312
            ],
            [
                1749.36,
                1755.212
            ],
            [
                1763.097,
                1765.282
            ],
            [
                1772.105,
                1772.878
            ],
            [
                1780.11,
                1785.0120000000002
            ],
            [
                1786.361,
                1788.68
            ],
            [
                1804.361,
                1806.5310000000002
            ],
            [
                1898.517,
                1907.84
            ],
            [
                1915.431,
                1925.464
            ],
            [
                1929.383,
                1936.359
            ],
            [
                1937.5,
                1942.3899999999999
            ],
            [
                2354.987,
                2364.5080000000003
            ],
            [
                2373.609,
                2377.586
            ],
            [
                2380.966,
                2386.4
            ],
            [
                2390.465,
                2393.116
            ],
            [
                2403.42,
                2404.859
            ],
            [
                2418.144,
                2418.6919999999996
            ],
            [
                2532.209,
                2538.874
            ],
            [
                2550.577,
                2565.452
            ],
            [
                2569.312,
                2572.01
            ],
            [
                2577.05,
                2585.621
            ],
            [
                2588.765,
                2593.504
            ],
            [
                2599.798,
                2601.609
            ]
        ]
    },
    "B": {
        "duration": 406.46800000000155,