{
    "A": {
        "duration": 399.35299999999944,
        "intervals": [
            [
                0.903,
                9.244000000000002
            ],
            [
                12.18,
                36.811
            ],
            [
                37.822,
                44.314
            ],
            [
                45.311,
                47.044
            ],
            [
                51.342,
                58.354
            ],
            [
                60.728,
                61.592
            ],
            [
                74.925,
                75.359
            ],
            [
                113.373,
                117.706
            ],
            [
                129.624,
                131.76
            ],
            [
                186.945,
                190.096
            ],
            [
                190.956,
                199.494
            ],
            [
                205.149,
                208.188
            ],
            [
                213.983,
                219.568
            ],
            [
                223.192,
                225.457
            ],
            [
                228.428,
                229.304
            ],
            [
                354.559,
                372.209
            ],
            [
                376.971,
                379.529
            ],
            [
                394.036,
                396.215
            ],
            [
                400.943,
                412.843
            ],
            [
                415.439,
                417.17900000000003
            ],
            [
                424.366,
                431.75899999999996
            ],
            [
                468.843,
                470.593
            ],
            [
                472.335,
                477.07
            ],
            [
                544.318,
                573.559
            ],
            [
                584.199,
                585.4720000000001
            ],
            [
                592.382,
                593.928
            ],
            [
                647.028,
                650.369
            ],
            [
                650.933,
                667.487
            ],
            [
                670.97,
                675.0930000000001
            ],
            [
                701.468,
                707.199
            ],
            [
                709.447,
                709.806
            ],
            [
                799.752,
                804.347
            ],
            [
                824.852,
                831.209
            ],
            [
                838.402,
                841.303
            ],
            [
                842.915,
                848.0029999999999
            ],
            [
                866.967,
                867.529
            ],
            [
                981.195,
                983.686
            ],
            [
                1004.27,
                1010.909
            ],
            [
                1016.715,
                1025.7069999999999
            ],
            [
                1029.837,
                1035.4299999999998
            ],
            [
                1038.58,
                1043.285
            ],
            [
                1045.548,
                1055.498
            ],
            [
                1062.48,
                1068.7189999999998
            ],
            [
                1072.18,
                1075.155
            ],
            [
                1079.198,
                1082.401
            ],
            [
                1105.107,
                1105.392
            ],
            [
                1111.192,
                1116.282
            ],
            [
                1232.005,
                1248.5800000000002
            ],
            [
                1295.371,
                1297.8890000000001
            ],
            [
                1336.994,
                1389.537
            ],
            [
                1394.12,
                1397.346
            ],
            [
                1423.999,
                1427.195
            ],
            [
                1430.246,
                1446.208
            ],
            [
                1451.392,
                1451.394
            ],
            [
                1457.403,
                1461.8310000000001
            ],
            [
                1512.815,
                1515.088
            ],
            [
                1519.741,
                1523.83
            ],
            [
                1533.846,
                1534.561
            ],
            [
                1538.632,
                1544.7749999999999
            ],
            [
                1551.255,
                1553.353
            ],
            [
                1554.566,
                1567.939
            ],
            [
                1573.481,
                1578.5249999999999
            ]
        ]
    },
    "B": {
        "duration": 95.52700000000004,
        "intervals": [
            [
                63.3,
                73.872
            ],
            [
                75.857,
                90.892
            ],
            [
                93.801,
                112.82600000000001
            ],
            [
                117.707,
                128.63000000000002
            ],
            [
                134.831,
                174.803
            ]
        ]
    },
    "C": {
        "duration": 153.3080000000001,
        "intervals": [
            [
                447.162,
                449.99199999999996
            ],
            [
                452.007,
                455.18899999999996
            ],
            [
                458.992,
                461.194
            ],
            [
                464.219,
                466.816
            ],
            [
                602.24,
                630.452
            ],
            [
                638.648,
                647.028
            ],
            [
                681.154,
                687.619
            ],
            [
                722.345,
                727.1170000000001
            ],
            [
                733.204,
                735.678
            ],
            [
                746.42,
                750.7719999999999
            ],
            [
                761.032,
                786.724
            ],
            [
                1084.307,
                1091.442
            ],
            [
                1092.536,
                1104.074
            ],
            [
                1462.138,
                1505.615
            ]
        ]
    },
    "D": {
        "duration": 237.80399999999986,