{
    "A": {
        "duration": 203.0669999999999,
        "intervals": [
            [
                736.251,
                752.0450000000001
            ],
            [
                752.939,
                831.307
            ],
            [
                1426.28,
                1426.812
            ],
            [
                2039.934,
                2098.792
            ],
            [
                2529.603,
                2579.118
            ]
        ]
    },
    "B": {
        "duration": 453.8279999999997,
        "intervals": [
            [
                0.01,
                126.613
            ],
            [
                752.188,
                752.598
            ],
            [
                831.949,
                871.746
            ],
            [
                1005.907,
                1009.296
            ],
            [
                1019.034,
                1023.035
            ],
            [
                1103.897,
                1243.5910000000001
            ],
            [
                1427.1,
                1461.218
            ],
            [
                2100.587,
                2184.29
            ],
            [
                2187.567,
                2188.883
            ],
            [
                2351.827,
                2369.8019999999997
            ],
            [
                2377.274,
                2380.096
            ]
        ]
    },
    "C": {
        "duration": 720.1560000000004,
        "intervals": [
            [
                394.148,
                706.312
            ],
            [
                1466.367,
                1715.4180000000001
            ],
            [
                2189.622,
                2348.563
            ]
        ]
    },
    "D": {
        "duration": 575.264,
        "intervals": [
            [
                874.515,
                1005.907
            ],
            [
                1009.667,
                1010.275
            ],
            [
                1012.942,
                1017.999
            ],
            [
                1023.035,
                1059.4099999999999
            ],
            [
                1279.765,
                1279.7920000000001
            ],
            [
                1745.405,
                2003.324
            ],
            [
                2185.307,
                2185.8329999999996
            ],
            [
                2371.881,
                2377.084
            ],
            [
                2380.096,
                2518.253
            ]
        ]
    },
    "E": {
        "duration": 85.70100000000002,
        "intervals": [
            [
                2653.535,
                2739.236
            ]
        ]
    },
    "F": {
        "duration": 305.58500000000004,
        "intervals": [
            [
                127.749,
                165.355
            ],
            [
                351.446,
                388.025
            ],
            [
                706.713,
                732.0129999999999
            ],
            [
                1010.642,
                1012.942
            ],
            [
                1059.409,
                1103.897
            ],
            [
                1243.591,
                1269.415
            ],
            [
                1715.764,
                1741.546
            ],
            [
                2003.538,
                2035.371
            ],
            [
                2519.878,
                2525.0730000000003
            ],
            [
                2581.73,
                2652.408
            ]
        ]
    },
    "G": {
        "duration": 332.52299999999957,
        "intervals": [
            [
                170.966,
                350.70399999999995
            ],
            [
                1274.758,
                1279.164
            ],
            [
                1279.792,
                1425.2769999999998
            ],
            [
                2348.933,
                2351.8269999999998
            ]
        ]
    }
}