{
    "A": {
        "duration": 243.95899999999935,
        "intervals": [
            [
                149.21,
                150.074
            ],
            [
                190.213,
                195.946
            ],
            [
                214.355,
                217.009
            ],
            [
                294.632,
                297.62600000000003
            ],
            [
                320.237,
                323.192
            ],
            [
                359.184,
                367.632
            ],
            [
                391.704,
                392.597
            ],
            [
                461.644,
                465.335
            ],
            [
                469.839,
                473.212
            ],
            [
                487.473,
                492.66200000000003
            ],
            [
                581.032,
                582.652
            ],
            [
                587.289,
                590.164
            ],
            [
                641.52,
                650.194
            ],
            [
                745.072,
                745.975
            ],
            [
                830.844,
                833.1790000000001
            ],
            [
                836.409,
                838.8149999999999
            ],
            [
                859.282,
                864.606
            ],
            [
                870.009,
                874.091
            ],
            [
                1021.7,
                1031.307
            ],
            [
                1125.392,
                1126.607
            ],
            [
                1129.705,
                1131.387
            ],
            [
                1190.039,
                1199.617
            ],
            [
                1236.654,
                1241.512
            ],
            [
                1244.01,
                1252.378
            ],
            [
                1260.152,
                1263.2450000000001
            ],
            [
                1267.817,
                1269.398
            ],
            [
                1271.047,
                1275.6000000000001
            ],
            [
                1361.951,
                1365.152
            ],
            [
                1374.108,
                1375.223
            ],
            [
                1380.002,
                1383.6009999999999
            ],
            [
                1390.836,
                1398.2289999999998
            ],
            [
                1492.952,
                1498.539
            ],
            [
                1509.867,
                1511.865
            ],
            [
                1594.026,
                1596.308
            ],
            [
                1603.518,
                1609.703
            ],
            [
                1667.793,
                1675.839
            ],
            [
                1683.973,
                1688.769
            ],
            [
                1696.763,
                1697.252
            ],
            [
                1700.161,
                1704.3110000000001
            ],
            [
                1705.237,
                1708.372
            ],
            [
                1771.853,
                1775.316
            ],
            [
                1829.113,
                1829.835
            ],
            [
                1848.43,
                1851.842
            ],
            [
                1860.492,
                1861.655
            ],
            [
                1865.87,
                1869.743
            ],
            [
                1875.248,
                1878.807
            ],
            [
                1883.301,
                1885.437
            ],
            [
                1930.851,
                1934.488
            ],
            [
                1938.792,
                1943.792
            ],
            [
                2072.051,
                2079.79
            ],
            [
                2094.832,
                2095.391
            ],
            [
                2097.817,
                2098.399
            ],
            [
                2187.791,
                2197.1029999999996
            ],
            [
                2237.409,
                2242.478
            ],
            [
                2248.052,
                2250.291
            ],
            [
                2252.924,
                2254.394
            ],
            [
                2291.37,
                2300.029
            ],
            [
                2319.045,
                2322.1150000000002
            ],
            [
                2330.864,
                2332.983
            ],
            [
                2428.832,
                2436.488
            ],
            [
                2529.277,
                2529.2870000000003
            ],
            [
                2541.778,
                2543.5229999999997
            ],
            [
                2548.94,
                2552.509
            ],
            [
                2555.791,
                2557.463
            ]
        ]
    },
    "B": {
        "duration": 324.0050000000002,
        "intervals": [
            [
                204.253,
                205.34799999999998
            ],
            [
                880.026,
                1021.7
            ],
            [
                1031.798,
                1032.063
            ],
            [
                1710.917,
                1755.231
            ],
            [
                1776.392,
                1827.009
            ],
            [
                1845.307,
                1847.919
            ],
            [
                2204.452,
                2237.409
            ],
            [
                2254.394,
                2291.159
            ],
            [
                2305.663,
                2318.841
            ],
            [
                2325.39,
                2325.9179999999997
            ]
        ]
    },
    "C": {
        "duration": 254.86800000000014,
        "intervals": [
            [
                65.976,
                68.126
            ],
            [
                91.528,
                93.308
            ],
            [
                237.593,
                293.286
            ],
            [
                1281.005,
                1360.8609999999999
            ],
            [
                1652.567,
                1652.997
            ],
            [
                1956.658,
                2071.617
            ]
        ]
    },
    "D": {
        "duration": 82.04400000000005,
        "intervals": [
            [
                4.276,
                43.391000000000005
            ],
            [
                70.548,
                85.264
            ],
            [
                117.624,
                143.38799999999998
            ],
            [
                2575.79,
                2578.239
            ]
        ]
    },
    "E": {
        "duration": 410.8440000000003,