{
    "A": {
        "duration": 126.94000000000003,
        "intervals": [
            [
                186.909,
                210.61
            ],
            [
                212.91,
                254.13000000000002
            ],
            [
                255.319,
                265.209
            ],
            [
                273.081,
                294.211
            ],
            [
                295.032,
                299.77200000000005
            ],
            [
                713.671,
                718.433
            ],
            [
                777.279,
                780.997
            ],
            [
                782.312,
                792.811
            ],
            [
                796.525,
                800.751
            ],
            [
                801.46,
                804.514
            ]
        ]
    },
    "B": {
        "duration": 144.37099999999998,
        "intervals": [
            [
                211.089,
                211.519
            ],
            [
                265.209,
                268.161
            ],
            [
                294.211,
                294.677
            ],
            [
                370.261,
                384.96999999999997
            ],
            [
                387.671,
                503.408
            ],
            [
                709.498,
                713.3340000000001
            ],
            [
                718.433,
                718.688
            ],
            [
                740.45,
                742.2610000000001
            ],
            [
                780.997,
                782.0419999999999
            ],
            [
                793.1,
                796.23
            ]
        ]
    },
    "C": {
        "duration": 457.36600000000044,
        "intervals": [
            [
                0.38,
                31.052
            ],
            [
                32.179,
                185.81199999999998
            ],
            [
                254.455,
                254.58200000000002
            ],
            [
                300.734,
                329.716
            ],
            [
                333.393,
                370.261
            ],
            [
                384.969,
                387.303
            ],
            [
                504.193,
                512.799
            ],
            [
                514.448,
                515.172
            ],
            [
                557.285,
                565.48
            ],
            [
                568.09,
                596.099
            ],
            [
                599.192,
                644.291
            ],
            [
                690.447,
                706.811
            ],
            [
                708.009,
                709.148
            ],
            [
                730.9,
                734.191
            ],
            [
                744.336,
                776.959
            ],
            [
                804.514,
                823.297
            ],
            [
                826.06,
                840.767
            ],
            [
                842.797,
                870.0070000000001
            ]
        ]
    },
    "D": {
        "duration": 121.65199999999987,
        "intervals": [
            [
                31.052,
                31.086
            ],
            [
                270.01,
                273.081
            ],
            [
                330.011,
                333.39300000000003
            ],
            [
                513.211,
                514.013
            ],
            [
                516.011,
                556.9739999999999
            ],
            [
                565.819,
                568.0899999999999
            ],
            [
                596.099,
                599.192
            ],
            [
                644.291,
                690.4480000000001
            ],
            [
                707.327,
                708.009
            ],
            [
                720.691,
                730.9
            ],
            [
                734.422,
                740.144
            ],
            [
                742.26,
                744.008
            ],
            [
                801.367,
                801.4599999999999
            ],
            [
                824.038,
                825.747
            ],
            [
                841.08,
                842.796
            ]
        ]
    }
}