{
    "A": {
        "duration": 130.30500000000006,
        "intervals": [
            [
                6.362,
                8.014
            ],
            [
                19.909,
                26.834999999999997
            ],
            [
                30.64,
                38.653
            ],
            [
                45.542,
                48.9
            ],
            [
                51.816,
                52.078
            ],
            [
                56.894,
                61.086
            ],
            [
                61.412,
                65.282
            ],
            [
                68.513,
                70.251
            ],
            [
                71.682,
                74.271
            ],
            [
                75.403,
                84.391
            ],
            [
                86.461,
                91.766
            ],
            [
                92.969,
                95.969
            ],
            [
                97.563,
                98.95
            ],
            [
                104.785,
                107.753
            ],
            [
                118.692,
                124.082
            ],
            [
                127.14,
                133.294
            ],
            [
                137.253,
                139.141
            ],
            [
                139.809,
                148.124
            ],
            [
                149.05,
                151.90900000000002
            ],
            [
                158.736,
                158.75799999999998
            ],
            [
                162.344,
                164.253
            ],
            [
                175.237,
                175.588
            ],
            [
                181.757,
                187.922
            ],
            [
                190.08,
                191.89700000000002
            ],
            [
                253.152,
                265.56600000000003
            ],
            [
                418.976,
                419.484
            ],
            [
                422.462,
                424.872
            ],
            [
                434.514,
                436.807
            ],
            [
                565.343,
                568.377
            ],
            [
                571.347,
                571.867
            ],
            [
                576.08,
                579.6650000000001
            ],
            [
                581.546,
                584.356
            ],
            [
                590.132,
                593.032
            ],
            [
                684.192,
                685.878
            ],
            [
                737.888,
                739.898
            ],
            [
                751.032,
                757.711
            ],
            [
                1054.704,
                1055.042
            ]
        ]
    },
    "B": {
        "duration": 87.0339999999999,
        "intervals": [
            [
                3.139,
                3.2369999999999997
            ],
            [
                3.939,
                5.009
            ],
            [
                8.014,
                9.582999999999998
            ],
            [
                271.075,
                280.91499999999996
            ],
            [
                285.257,
                316.879
            ],
            [
                322.409,
                328.631
            ],
            [
                332.682,
                333.927
            ],
            [
                913.01,
                927.931
            ],
            [
                1007.837,
                1022.4390000000001
            ],
            [
                1029.67,
                1035.5149999999999
            ]
        ]
    },
    "C": {
        "duration": 71.33100000000002,
        "intervals": [
            [
                337.289,
                408.62
            ]
        ]
    },
    "D": {
        "duration": 108.84300000000019,
        "intervals": [
            [
                452.505,
                559.595
            ],
            [
                983.132,
                983.226
            ],
            [
                1112.353,
                1114.0120000000002
            ]
        ]
    },
    "E": {
        "duration": 133.74699999999996,
        "intervals": [
            [
                593.431,
                611.361
            ],
            [
                617.428,
                684.192
            ],
            [
                686.335,
                695.6949999999999
            ],
            [
                699.411,
                713.0690000000001
            ],
            [
                714.469,
                717.172
            ],
            [
                718.35,
                719.2950000000001
            ],
            [
                721.936,
                729.1569999999999
            ],
            [
                760.615,
                771.221
            ],
            [
                803.852,
                805.327
            ],
            [
                994.638,
                997.7230000000001
            ]
        ]
    },
    "F": {
        "duration": 281.33000000000055,