{
    "A": {
        "duration": 233.2610000000004,
        "intervals": [
            [
                45.416,
                52.809000000000005
            ],
            [
                237.659,
                247.06300000000002
            ],
            [
                249.564,
                258.145
            ],
            [
                274.843,
                288.416
            ],
            [
                1525.865,
                1531.908
            ],
            [
                1541.192,
                1553.2700000000002
            ],
            [
                1556.407,
                1574.065
            ],
            [
                1575.597,
                1657.037
            ],
            [
                1658.767,
                1668.3390000000002
            ],
            [
                1670.979,
                1690.159
            ],
            [
                1950.796,
                1961.8
            ],
            [
                2105.475,
                2142.81
            ]
        ]
    },
    "B": {
        "duration": 199.66899999999964,
        "intervals": [
            [
                629.561,
                694.371
            ],
            [
                726.828,
                769.014
            ],
            [
                779.355,
                792.496
            ],
            [
                1733.454,
                1739.211
            ],
            [
                1748.795,
                1801.393
            ],
            [
                2048.799,
                2069.9759999999997
            ]
        ]
    },
    "C": {
        "duration": 1038.9810000000002,
        "intervals": [
            [
                0.842,
                40.813
            ],
            [
                85.347,
                93.545
            ],
            [
                96.793,
                124.057
            ],
            [
                127.094,
                235.28
            ],
            [
                289.691,
                296.128
            ],
            [
                298.114,
                310.468
            ],
            [
                313.529,
                355.39799999999997
            ],
            [
                359.132,
                404.659
            ],
            [
                417.145,
                465.575
            ],
            [
                558.299,
                563.4290000000001
            ],
            [
                565.245,
                574.5600000000001
            ],
            [
                583.448,
                625.126
            ],
            [
                701.327,
                726.2620000000001
            ],
            [
                769.014,
                778.5659999999999
            ],
            [
                792.496,
                807.612
            ],
            [
                809.328,
                829.3040000000001
            ],
            [
                908.761,
                913.94
            ],
            [
                918.908,
                926.809
            ],
            [
                929.124,
                942.519
            ],
            [
                944.976,
                960.188
            ],
            [
                1025.295,
                1038.2730000000001
            ],
            [
                1045.329,
                1053.716
            ],
            [
                1056.392,
                1078.643
            ],
            [
                1114.233,
                1120.212
            ],
            [
                1121.783,
                1163.202
            ],
            [
                1212.283,
                1228.633
            ],
            [
                1247.992,
                1267.309
            ],
            [
                1271.793,
                1326.243
            ],
            [
                1357.202,
                1378.644
            ],
            [
                1424.264,
                1431.127
            ],
            [
                1433.118,
                1440.795
            ],
            [
                1443.385,
                1455.248
            ],
            [
                1461.454,
                1500.716
            ],
            [
                1718.947,
                1729.502
            ],
            [
                1739.212,
                1747.211
            ],
            [
                1805.357,
                1888.992
            ],
            [
                1892.31,
                1912.754
            ],
            [
                1914.335,
                1937.0739999999998
            ],
            [
                1938.877,
                1948.229
            ],
            [
                1972.6,
                1989.8799999999999
            ],
            [
                1992.801,
                2007.509
            ],
            [
                2009.192,
                2045.132
            ],
            [
                2070.411,
                2080.286
            ],
            [
                2081.914,
                2089.464
            ],
            [
                2143.071,
                2168.1119999999996
            ]
        ]
    },
    "D": {
        "duration": 182.8069999999999,
        "intervals": [
            [
                265.078,
                274.39799999999997
            ],
            [
                466.705,
                545.3829999999999
            ],
            [
                1014.67,
                1023.2099999999999
            ],
            [
                1081.078,
                1099.53
            ],
            [
                1100.751,
                1111.659
            ],
            [
                1167.276,
                1187.3639999999998
            ],
            [
                1197.236,
                1206.7920000000001
            ],
            [
                1239.462,
                1247.992
            ],
            [
                1699.658,
                1718.393
            ]
        ]
    },
    "E": {
        "duration": 122.80700000000023,
        "intervals": [
            [
                76.437,
                84.23400000000001
            ],
            [
                838.785,
                845.566
            ],
            [
                852.809,
                908.761
            ],
            [
                963.765,
                983.701
            ],
            [
                987.733,
                997.294
            ],
            [
                1004.192,
                1014.67
            ],
            [
                1038.273,
                1044.991
            ],
            [
                1534.636,
                1540.22
            ]
        ]
    },
    "F": {
        "duration": 90.7610000000002,
        "intervals": [
            [
                1327.791,
                1357.202
            ],
            [
                1379.685,
                1392.8799999999999
            ],
            [
                1394.349,
                1424.2630000000001
            ],
            [
                1510.009,
                1522.5929999999998
            ],
            [
                1962.137,
                1967.794
            ]
        ]
    }
}