{
    "A": {
        "duration": 307.13099999999986,
        "intervals": [
            [
                885.529,
                1113.149
            ],
            [
                1775.729,
                1855.24
            ]
        ]
    },
    "B": {
        "duration": 379.00899999999956,
        "intervals": [
            [
                5.41,
                18.809
            ],
            [
                22.906,
                29.153
            ],
            [
                30.851,
                34.083
            ],
            [
                45.085,
                51.21
            ],
            [
                57.227,
                61.608999999999995
            ],
            [
                75.566,
                76.508
            ],
            [
                81.807,
                83.022
            ],
            [
                85.016,
                86.19200000000001
            ],
            [
                91.854,
                93.064
            ],
            [
                120.516,
                125.138
            ],
            [
                129.782,
                138.81199999999998
            ],
            [
                146.681,
                149.553
            ],
            [
                152.002,
                154.793
            ],
            [
                157.118,
                159.523
            ],
            [
                162.749,
                163.4
            ],
            [
                169.609,
                169.827
            ],
            [
                182.103,
                184.27100000000002
            ],
            [
                191.521,
                196.19
            ],
            [
                199.378,
                199.712
            ],
            [
                203.052,
                209.005
            ],
            [
                213.263,
                219.75300000000001
            ],
            [
                223.341,
                241.02700000000002
            ],
            [
                257.202,
                263.497
            ],
            [
                267.435,
                269.305
            ],
            [
                272.069,
                284.01
            ],
            [
                292.12,
                299.457
            ],
            [
                300.753,
                303.43100000000004
            ],
            [
                309.444,
                309.474
            ],
            [
                316.528,
                320.514
            ],
            [
                329.122,
                331.999
            ],
            [
                518.82,
                525.106
            ],
            [
                530.341,
                535.4830000000001
            ],
            [
                634.296,
                645.818
            ],
            [
                652.512,
                660.457
            ],
            [
                734.127,
                735.275
            ],
            [
                744.393,
                749.858
            ],
            [
                750.846,
                762.212
            ],
            [
                856.131,
                859.262
            ],
            [
                860.078,
                871.6659999999999
            ],
            [
                875.946,
                876.287
            ],
            [
                877.345,
                880.7660000000001
            ],
            [
                881.177,
                884.409
            ],
            [
                1114.012,
                1116.8319999999999
            ],
            [
                1120.618,
                1124.923
            ],
            [
                1126.688,
                1142.9250000000002
            ],
            [
                1147.021,
                1149.787
            ],
            [
                1157.367,
                1161.511
            ],
            [
                1165.774,
                1170.4889999999998
            ],
            [
                1180.432,
                1184.063
            ],
            [
                1191.115,
                1192.06
            ],
            [
                1198.478,
                1201.683
            ],
            [
                1205.169,
                1206.479
            ],
            [
                1208.728,
                1210.505
            ],
            [
                1215.01,
                1221.12
            ],
            [
                1452.209,
                1454.853
            ],
            [
                1548.374,
                1554.432
            ],
            [
                1560.838,
                1568.938
            ],
            [
                1571.503,
                1574.605
            ],
            [
                1588.167,
                1592.566
            ],
            [
                1600.337,
                1600.722
            ],
            [
                1730.093,
                1749.357
            ],
            [
                1752.953,
                1755.079
            ],
            [
                1763.162,
                1765.624
            ],
            [
                1767.061,
                1768.617
            ],
            [
                1859.436,
                1861.3829999999998
            ],
            [
                1867.679,
                1876.076
            ],
            [
                1878.746,
                1888.502
            ],
            [
                2079.675,
                2081.793
            ],
            [
                2087.237,
                2106.623
            ],
            [
                2116.803,
                2133.901
            ],
            [
                2138.289,
                2140.7610000000004
            ],
            [
                2142.01,
                2145.1910000000003
            ],
            [
                2147.57,
                2151.085
            ],
            [
                2162.305,
                2162.624
            ],
            [
                2181.033,
                2184.374
            ]
        ]
    },
    "C": {
        "duration": 584.0989999999997,
        "intervals": [
            [
                333.897,
                515.466
            ],
            [
                1229.177,
                1447.6119999999999
            ],
            [
                1892.047,
                2076.142
            ]
        ]
    },
    "D": {
        "duration": 251.92999999999972,
        "intervals": [
            [
                541.868,
                629.87
            ],
            [
                661.438,
                730.338
            ],
            [
                1462.884,
                1546.3069999999998
            ],
            [
                1575.909,
                1587.5140000000001
            ]
        ]
    },
    "E": {
        "duration": 383.4699999999997,