{
    "A": {
        "duration": 52.10300000000001,
        "intervals": [
            [
                157.91,
                182.21900000000002
            ],
            [
                196.955,
                224.749
            ]
        ]
    },
    "B": {
        "duration": 112.57300000000009,
        "intervals": [
            [
                294.913,
                348.556
            ],
            [
                354.267,
                372.947
            ],
            [
                862.078,
                865.242
            ],
            [
                971.278,
                971.926
            ],
            [
                1186.252,
                1206.554
            ],
            [
                1213.353,
                1229.489
            ]
        ]
    },
    "C": {
        "duration": 397.5139999999998,
        "intervals": [
            [
                1.318,
                10.613999999999999
            ],
            [
                408.746,
                417.106
            ],
            [
                420.355,
                480.25899999999996
            ],
            [
                488.298,
                638.592
            ],
            [
                643.41,
                644.914
            ],
            [
                649.706,
                708.663
            ],
            [
                713.462,
                785.81
            ],
            [
                793.112,
                809.196
            ],
            [
                818.561,
                832.6149999999999
            ],
            [
                837.704,
                844.4169999999999
            ]
        ]
    },
    "D": {
        "duration": 105.8549999999999,
        "intervals": [
            [
                227.735,
                276.256
            ],
            [
                977.39,
                1034.724
            ]
        ]
    },
    "E": {
        "duration": 434.4119999999997,
        "intervals": [
            [
                11.04,
                157.427
            ],
            [
                182.878,
                196.191
            ],
            [
                225.126,
                227.00799999999998
            ],
            [
                276.848,
                284.414
            ],
            [
                289.298,
                293.97799999999995
            ],
            [
                349.026,
                353.945
            ],
            [
                373.194,
                408.746
            ],
            [
                417.92,
                420.068
            ],
            [
                480.468,
                487.706
            ],
            [
                638.592,
                643.4100000000001
            ],
            [
                645.251,
                649.3249999999999
            ],
            [
                709.246,
                712.861
            ],
            [
                786.281,
                792.803
            ],
            [
                809.607,
                817.799
            ],
            [
                832.759,
                837.703
            ],
            [
                844.715,
                862.078
            ],
            [
                865.747,
                918.606
            ],
            [
                940.802,
                958.9150000000001
            ],
            [
                972.078,
                976.419
            ],
            [
                1035.398,
                1062.78
            ],
            [
                1122.746,
                1151.772
            ],
            [
                1162.499,
                1165.116
            ],
            [
                1206.554,
                1213.3529999999998
            ],
            [
                1229.983,
                1250.045
            ]
        ]
    },
    "F": {
        "duration": 95.53300000000013,
        "intervals": [
            [
                284.415,
                288.94300000000004
            ],
            [
                1063.039,
                1122.746
            ],
            [
                1152.006,
                1162.498
            ],
            [
                1165.116,
                1185.922
            ]
        ]
    },
    "G": {
        "duration": 82.23599999999999,
        "intervals": [
            [
                919.153,
                940.6610000000001
            ],
            [
                959.408,
                971.05
            ],
            [
                1250.044,
                1299.13
            ]
        ]
    }
}