{
    "A": {
        "duration": 336.85699999999997,
        "intervals": [
            [
                8.044,
                16.463
            ],
            [
                17.278,
                80.251
            ],
            [
                83.739,
                88.08699999999999
            ],
            [
                94.515,
                101.031
            ],
            [
                103.452,
                111.94399999999999
            ],
            [
                117.923,
                131.04299999999998
            ],
            [
                132.982,
                157.634
            ],
            [
                170.986,
                199.344
            ],
            [
                204.402,
                207.434
            ],
            [
                210.134,
                212.76999999999998
            ],
            [
                216.945,
                235.13799999999998
            ],
            [
                259.889,
                260.517
            ],
            [
                367.352,
                371.12399999999997
            ],
            [
                375.037,
                375.54499999999996
            ],
            [
                443.792,
                444.15999999999997
            ],
            [
                451.639,
                452.38100000000003
            ],
            [
                455.201,
                461.689
            ],
            [
                463.595,
                470.949
            ],
            [
                898.042,
                899.9100000000001
            ],
            [
                910.408,
                916.537
            ],
            [
                919.109,
                921.109
            ],
            [
                994.192,
                995.922
            ],
            [
                1345.505,
                1346.635
            ],
            [
                1352.789,
                1354.385
            ],
            [
                1361.645,
                1364.394
            ],
            [
                1482.005,
                1487.67
            ],
            [
                1495.817,
                1496.757
            ],
            [
                1499.475,
                1511.7930000000001
            ],
            [
                1516.892,
                1524.916
            ],
            [
                1639.305,
                1640.1490000000001
            ],
            [
                1774.487,
                1774.8670000000002
            ],
            [
                1859.495,
                1860.5939999999998
            ],
            [
                1971.894,
                1974.201
            ],
            [
                1988.609,
                1989.6009999999999
            ],
            [
                1993.199,
                1997.401
            ],
            [
                2141.114,
                2144.379
            ],
            [
                2148.932,
                2156.5800000000004
            ],
            [
                2469.773,
                2518.874
            ],
            [
                2519.925,
                2542.196
            ]
        ]
    },
    "B": {
        "duration": 309.952,
        "intervals": [
            [
                7.96,
                8.044
            ],
            [
                16.463,
                16.888
            ],
            [
                80.652,
                82.14
            ],
            [
                88.088,
                93.60900000000001
            ],
            [
                101.446,
                103.452
            ],
            [
                112.246,
                117.779
            ],
            [
                131.416,
                132.634
            ],
            [
                157.634,
                170.51500000000001
            ],
            [
                199.992,
                203.328
            ],
            [
                207.863,
                209.794
            ],
            [
                212.77,
                216.945
            ],
            [
                358.169,
                367.352
            ],
            [
                371.378,
                375.037
            ],
            [
                434.43,
                443.79200000000003
            ],
            [
                453.178,
                455.201
            ],
            [
                462.122,
                463.22700000000003
            ],
            [
                736.997,
                741.5949999999999
            ],
            [
                754.711,
                756.922
            ],
            [
                883.784,
                898.042
            ],
            [
                900.271,
                910.087
            ],
            [
                983.991,
                994.192
            ],
            [
                1058.041,
                1085.855
            ],
            [
                1132.724,
                1174.269
            ],
            [
                1346.635,
                1352.462
            ],
            [
                1354.695,
                1361.3719999999998
            ],
            [
                1475.304,
                1481.674
            ],
            [
                1488.011,
                1495.567
            ],
            [
                1497.022,
                1499.4759999999999
            ],
            [
                1511.792,
                1516.548
            ],
            [
                1589.085,
                1590.867
            ],
            [
                1631.792,
                1639.3049999999998
            ],
            [
                1770.567,
                1774.162
            ],
            [
                1849.794,
                1859.22
            ],
            [
                1860.594,
                1862.352
            ],
            [
                1964.147,
                1971.754
            ],
            [
                1974.201,
                1988.609
            ],
            [
                1989.773,
                1993.199
            ],
            [
                1997.657,
                2001.4489999999998
            ],
            [
                2122.882,
                2126.792
            ],
            [
                2127.679,
                2135.774
            ],
            [
                2139.014,
                2141.1130000000003
            ],
            [
                2144.568,
                2148.677
            ],
            [
                2260.17,
                2260.977
            ],
            [
                2307.732,
                2309.9
            ],
            [
                2442.928,
                2469.773
            ],
            [
                2519.326,
                2519.925
            ]
        ]
    },
    "C": {
        "duration": 396.04000000000053,
        "intervals": [
            [
                478.529,
                479.14
            ],
            [
                678.993,
                680.0930000000001
            ],
            [
                730.411,
                730.578
            ],
            [
                1175.413,
                1192.824
            ],
            [
                1194.352,
                1343.525
            ],
            [
                1641.686,
                1770.249
            ],
            [
                1863.11,
                1869.755
            ],
            [
                1871.551,
                1963.921
            ]
        ]
    },
    "D": {
        "duration": 642.6429999999996,