{
    "A": {
        "duration": 277.188,
        "intervals": [
            [
                1.816,
                58.102
            ],
            [
                59.603,
                97.747
            ],
            [
                103.758,
                118.532
            ],
            [
                119.521,
                130.631
            ],
            [
                141.08,
                152.393
            ],
            [
                156.715,
                169.793
            ],
            [
                182.08,
                187.841
            ],
            [
                190.353,
                197.737
            ],
            [
                208.86,
                222.01100000000002
            ],
            [
                233.201,
                246.035
            ],
            [
                253.972,
                261.254
            ],
            [
                263.318,
                269.244
            ],
            [
                269.818,
                276.08299999999997
            ],
            [
                305.935,
                313.048
            ],
            [
                411.669,
                417.561
            ],
            [
                710.908,
                718.488
            ],
            [
                826.592,
                837.6039999999999
            ],
            [
                991.313,
                999.1
            ],
            [
                1016.4,
                1024.868
            ],
            [
                1105.854,
                1112.81
            ],
            [
                1327.658,
                1332.877
            ],
            [
                1755.648,
                1763.703
            ],
            [
                1772.332,
                1778.13
            ]
        ]
    },
    "B": {
        "duration": 181.93900000000014,
        "intervals": [
            [
                433.676,
                493.528
            ],
            [
                891.39,
                913.449
            ],
            [
                955.952,
                963.225
            ],
            [
                967.562,
                977.9540000000001
            ],
            [
                1262.952,
                1317.281
            ],
            [
                1337.194,
                1346.21
            ],
            [
                1416.005,
                1427.392
            ],
            [
                1698.646,
                1706.277
            ]
        ]
    },
    "C": {
        "duration": 330.92999999999944,
        "intervals": [
            [
                246.232,
                253.58200000000002
            ],
            [
                323.757,
                328.79299999999995
            ],
            [
                330.585,
                335.812
            ],
            [
                349.952,
                357.522
            ],
            [
                360.534,
                367.754
            ],
            [
                389.298,
                399.248
            ],
            [
                401.092,
                411.669
            ],
            [
                417.759,
                431.08
            ],
            [
                493.7,
                504.512
            ],
            [
                505.843,
                512.232
            ],
            [
                576.69,
                596.388
            ],
            [
                643.687,
                652.499
            ],
            [
                674.209,
                683.813
            ],
            [
                781.331,
                787.9970000000001
            ],
            [
                837.778,
                844.533
            ],
            [
                845.807,
                866.372
            ],
            [
                870.753,
                876.14
            ],
            [
                913.449,
                926.8929999999999
            ],
            [
                937.457,
                955.952
            ],
            [
                999.412,
                1010.907
            ],
            [
                1024.868,
                1045.3690000000001
            ],
            [
                1093.481,
                1105.854
            ],
            [
                1126.639,
                1136.8419999999999
            ],
            [
                1317.281,
                1327.657
            ],
            [
                1355.582,
                1363.221
            ],
            [
                1405.355,
                1415.213
            ],
            [
                1434.616,
                1447.9309999999998
            ],
            [
                1448.795,
                1457.2830000000001
            ],
            [
                1562.06,
                1567.4089999999999
            ],
            [
                1625.67,
                1638.866
            ],
            [
                1659.592,
                1666.602
            ],
            [
                1690.106,
                1698.3549999999998
            ]
        ]
    },
    "D": {
        "duration": 150.27300000000014,
        "intervals": [
            [
                1045.676,
                1093.482
            ],
            [
                1112.81,
                1126.639
            ],
            [
                1152.348,
                1165.18
            ],
            [
                1382.565,
                1393.441
            ],
            [
                1466.655,
                1491.48
            ],
            [
                1494.674,
                1520.857
            ],
            [
                1638.866,
                1646.127
            ],
            [
                1649.992,
                1656.653
            ]
        ]
    },
    "E": {
        "duration": 121.88999999999965,
        "intervals": [
            [
                551.946,
                559.251
            ],
            [
                597.605,
                643.687
            ],
            [
                655.005,
                674.208
            ],
            [
                683.812,
                692.869
            ],
            [
                695.704,
                705.8679999999999
            ],
            [
                1181.611,
                1187.595
            ],
            [
                1204.679,
                1221.4769999999999
            ],
            [
                1719.497,
                1726.794
            ]
        ]
    },
    "F": {
        "duration": 177.90900000000056,
        "intervals": [
            [
                721.104,
                774.9350000000001
            ],
            [
                788.275,
                825.481
            ],
            [
                1221.477,
                1231.9920000000002
            ],
            [
                1237.062,
                1243.954
            ],
            [
                1252.145,
                1262.4759999999999
            ],
            [
                1524.167,
                1554.7240000000002
            ],
            [
                1706.277,
                1712.028
            ],
            [
                1712.828,
                1719.497
            ],
            [
                1727.193,
                1734.659
            ],
            [
                1740.0,
                1748.691
            ]
        ]
    },
    "G": {
        "duration": 106.34900000000016,