{
    "A": {
        "duration": 453.6579999999999,
        "intervals": [
            [
                918.478,
                918.5469999999999
            ],
            [
                1315.516,
                1317.592
            ],
            [
                1319.655,
                1500.5739999999998
            ],
            [
                1501.462,
                1584.184
            ],
            [
                1930.522,
                1992.3429999999998
            ],
            [
                2011.557,
                2064.374
            ],
            [
                2065.314,
                2108.829
            ],
            [
                2109.377,
                2135.886
            ],
            [
                2138.513,
                2141.723
            ]
        ]
    },
    "B": {
        "duration": 234.41300000000007,
        "intervals": [
            [
                259.477,
                345.421
            ],
            [
                373.135,
                407.126
            ],
            [
                1623.156,
                1737.634
            ]
        ]
    },
    "C": {
        "duration": 362.6360000000006,
        "intervals": [
            [
                11.085,
                12.81
            ],
            [
                16.192,
                43.977
            ],
            [
                45.353,
                46.703
            ],
            [
                56.58,
                58.762
            ],
            [
                61.968,
                72.318
            ],
            [
                74.969,
                81.609
            ],
            [
                84.355,
                92.21
            ],
            [
                92.492,
                128.983
            ],
            [
                133.75,
                161.161
            ],
            [
                168.991,
                191.474
            ],
            [
                195.893,
                205.4
            ],
            [
                207.64,
                213.50300000000001
            ],
            [
                217.002,
                235.537
            ],
            [
                238.192,
                245.80100000000002
            ],
            [
                249.372,
                254.372
            ],
            [
                360.88,
                368.099
            ],
            [
                413.009,
                419.88
            ],
            [
                426.742,
                431.00800000000004
            ],
            [
                435.922,
                440.65900000000005
            ],
            [
                452.53,
                453.98999999999995
            ],
            [
                568.416,
                568.791
            ],
            [
                580.851,
                582.768
            ],
            [
                669.733,
                675.272
            ],
            [
                683.168,
                688.352
            ],
            [
                830.393,
                833.522
            ],
            [
                834.887,
                837.411
            ],
            [
                848.085,
                850.1740000000001
            ],
            [
                851.357,
                860.24
            ],
            [
                865.941,
                867.0210000000001
            ],
            [
                871.768,
                878.261
            ],
            [
                882.166,
                884.041
            ],
            [
                885.846,
                887.189
            ],
            [
                1077.005,
                1084.813
            ],
            [
                1090.442,
                1092.199
            ],
            [
                1148.018,
                1151.067
            ],
            [
                1159.635,
                1166.631
            ],
            [
                1290.916,
                1293.792
            ],
            [
                1303.58,
                1307.3529999999998
            ],
            [
                1313.412,
                1313.42
            ],
            [
                1592.555,
                1594.362
            ],
            [
                1601.763,
                1603.591
            ],
            [
                1604.949,
                1608.295
            ],
            [
                1608.613,
                1616.006
            ],
            [
                1741.294,
                1741.662
            ],
            [
                1744.799,
                1746.9
            ],
            [
                1752.59,
                1757.606
            ],
            [
                1759.317,
                1761.936
            ],
            [
                1770.091,
                1772.021
            ],
            [
                1917.682,
                1920.4850000000001
            ],
            [
                1921.647,
                1923.792
            ],
            [
                1927.468,
                1929.054
            ],
            [
                2007.853,
                2008.27
            ],
            [
                2163.999,
                2173.796
            ],
            [
                2240.912,
                2241.076
            ],
            [
                2254.07,
                2254.114
            ],
            [
                2256.618,
                2258.165
            ],
            [
                2379.451,
                2384.013
            ],
            [
                2401.002,
                2408.032
            ],
            [
                2415.778,
                2423.0099999999998
            ],
            [
                2432.045,
                2448.909
            ]
        ]
    },
    "D": {
        "duration": 314.54699999999934,