{
    "A": {
        "duration": 153.44299999999976,
        "intervals": [
            [
                561.19,
                629.144
            ],
            [
                629.836,
                635.281
            ],
            [
                639.947,
                654.172
            ],
            [
                657.592,
                664.2180000000001
            ],
            [
                675.01,
                680.55
            ],
            [
                1908.871,
                1940.725
            ],
            [
                2693.49,
                2715.2889999999998
            ]
        ]
    },
    "B": {
        "duration": 273.29800000000046,
        "intervals": [
            [
                1518.76,
                1589.9930000000002
            ],
            [
                1610.739,
                1627.361
            ],
            [
                1629.75,
                1662.424
            ],
            [
                2118.742,
                2175.206
            ],
            [
                2224.636,
                2268.9120000000003
            ],
            [
                2577.01,
                2629.039
            ]
        ]
    },
    "C": {
        "duration": 325.9439999999996,
        "intervals": [
            [
                178.713,
                184.24
            ],
            [
                308.477,
                313.51599999999996
            ],
            [
                363.994,
                374.664
            ],
            [
                536.159,
                545.434
            ],
            [
                548.618,
                560.97
            ],
            [
                715.917,
                725.13
            ],
            [
                729.113,
                734.935
            ],
            [
                739.187,
                749.79
            ],
            [
                752.531,
                768.747
            ],
            [
                888.597,
                894.5070000000001
            ],
            [
                919.809,
                930.5500000000001
            ],
            [
                932.45,
                942.374
            ],
            [
                943.117,
                949.659
            ],
            [
                1085.009,
                1092.559
            ],
            [
                1094.298,
                1100.697
            ],
            [
                1158.486,
                1164.318
            ],
            [
                1165.467,
                1181.377
            ],
            [
                1680.718,
                1696.03
            ],
            [
                1700.025,
                1709.579
            ],
            [
                1724.934,
                1737.551
            ],
            [
                1806.251,
                1811.296
            ],
            [
                1954.527,
                1961.476
            ],
            [
                1964.021,
                1971.373
            ],
            [
                2090.406,
                2107.774
            ],
            [
                2269.095,
                2293.716
            ],
            [
                2296.799,
                2304.831
            ],
            [
                2345.819,
                2371.203
            ],
            [
                2373.962,
                2383.206
            ],
            [
                2473.305,
                2492.208
            ],
            [
                2633.81,
                2640.0229999999997
            ],
            [
                2644.127,
                2649.9519999999998
            ]
        ]
    },
    "D": {
        "duration": 306.3999999999983,
        "intervals": [
            [
                844.795,
                852.93
            ],
            [
                977.152,
                1015.4770000000001
            ],
            [
                1027.055,
                1034.5359999999998
            ],
            [
                1049.591,
                1059.46
            ],
            [
                1063.901,
                1085.009
            ],
            [
                1126.126,
                1135.6770000000001
            ],
            [
                1181.616,
                1190.7930000000001
            ],
            [
                1793.721,
                1805.771
            ],
            [
                1811.297,
                1823.964
            ],
            [
                1825.208,
                1852.195
            ],
            [
                1855.882,
                1871.28
            ],
            [
                1901.593,
                1908.211
            ],
            [
                2014.141,
                2024.593
            ],
            [
                2028.476,
                2039.652
            ],
            [
                2049.222,
                2060.417
            ],
            [
                2075.083,
                2086.3379999999997
            ],
            [
                2180.611,
                2188.191
            ],
            [
                2532.938,
                2538.257
            ],
            [
                2540.665,
                2547.921
            ],
            [
                2549.003,
                2562.393
            ],
            [
                2565.392,
                2577.0099999999998
            ],
            [
                2650.199,
                2666.562
            ],
            [
                2669.721,
                2675.692
            ],
            [
                2681.065,
                2689.9339999999997
            ],
            [
                2717.18,
                2725.77
            ]
        ]
    },
    "E": {
        "duration": 89.47799999999998,
        "intervals": [
            [
                196.066,
                285.544
            ]
        ]
    },
    "F": {
        "duration": 153.39900000000006,
        "intervals": [
            [
                378.506,
                501.55
            ],
            [
                2311.315,
                2341.67
            ]
        ]
    },
    "G": {
        "duration": 196.6910000000001,