{
    "A": {
        "duration": 77.17300000000006,
        "intervals": [
            [
                0.412,
                0.45799999999999996
            ],
            [
                0.822,
                0.962
            ],
            [
                12.361,
                14.715
            ],
            [
                71.962,
                121.609
            ],
            [
                132.422,
                135.507
            ],
            [
                142.101,
                143.873
            ],
            [
                145.937,
                152.984
            ],
            [
                164.18,
                168.591
            ],
            [
                182.14,
                189.439
            ],
            [
                1945.202,
                1946.574
            ]
        ]
    },
    "B": {
        "duration": 270.4010000000009,
        "intervals": [
            [
                9.323,
                9.39
            ],
            [
                10.611,
                10.646
            ],
            [
                39.882,
                40.050999999999995
            ],
            [
                197.299,
                198.273
            ],
            [
                393.096,
                396.839
            ],
            [
                443.089,
                487.27799999999996
            ],
            [
                490.408,
                517.392
            ],
            [
                520.187,
                523.609
            ],
            [
                537.511,
                555.104
            ],
            [
                678.221,
                679.659
            ],
            [
                724.155,
                725.7429999999999
            ],
            [
                914.259,
                919.897
            ],
            [
                926.007,
                928.376
            ],
            [
                952.724,
                957.128
            ],
            [
                972.77,
                977.409
            ],
            [
                989.866,
                995.614
            ],
            [
                1002.659,
                1003.18
            ],
            [
                1019.26,
                1030.077
            ],
            [
                1034.321,
                1041.076
            ],
            [
                1057.141,
                1063.496
            ],
            [
                1066.736,
                1071.8780000000002
            ],
            [
                1088.316,
                1092.192
            ],
            [
                1425.377,
                1455.8600000000001
            ],
            [
                1458.187,
                1461.0049999999999
            ],
            [
                1558.832,
                1561.2160000000001
            ],
            [
                1609.556,
                1613.7920000000001
            ],
            [
                1675.801,
                1692.654
            ],
            [
                1696.818,
                1711.812
            ],
            [
                1714.834,
                1747.9260000000002
            ],
            [
                1750.921,
                1754.1100000000001
            ],
            [
                1765.02,
                1768.808
            ],
            [
                1921.892,
                1923.7060000000001
            ],
            [
                1947.802,
                1948.086
            ]
        ]
    },
    "C": {
        "duration": 227.7309999999997,
        "intervals": [
            [
                168.591,
                181.69
            ],
            [
                195.78,
                195.991
            ],
            [
                393.081,
                393.096
            ],
            [
                396.839,
                399.08
            ],
            [
                488.806,
                490.085
            ],
            [
                523.609,
                532.398
            ],
            [
                597.903,
                677.645
            ],
            [
                679.838,
                715.5020000000001
            ],
            [
                718.684,
                723.723
            ],
            [
                725.743,
                735.335
            ],
            [
                739.483,
                740.4789999999999
            ],
            [
                928.736,
                933.331
            ],
            [
                947.104,
                952.7230000000001
            ],
            [
                962.95,
                972.202
            ],
            [
                977.408,
                980.705
            ],
            [
                983.156,
                989.866
            ],
            [
                995.772,
                997.144
            ],
            [
                1003.18,
                1011.755
            ],
            [
                1018.052,
                1019.26
            ],
            [
                1041.076,
                1046.152
            ],
            [
                1321.824,
                1321.838
            ],
            [
                1497.103,
                1499.028
            ],
            [
                1532.685,
                1536.511
            ],
            [
                1543.462,
                1544.282
            ],
            [
                1553.089,
                1558.223
            ],
            [
                1584.137,
                1589.097
            ],
            [
                1598.505,
                1599.9920000000002
            ],
            [
                1604.03,
                1606.868
            ],
            [
                1637.791,
                1639.6879999999999
            ],
            [
                1919.433,
                1921.8919999999998
            ]
        ]
    },
    "D": {
        "duration": 117.59099999999992,
        "intervals": [
            [
                154.335,
                163.289
            ],
            [
                822.98,
                891.877
            ],
            [
                905.924,
                911.0029999999999
            ],
            [
                1071.878,
                1075.712
            ],
            [
                1319.748,
                1320.796
            ],
            [
                1325.089,
                1326.913
            ],
            [
                1335.901,
                1361.75
            ],
            [
                1864.223,
                1866.329
            ]
        ]
    },
    "E": {
        "duration": 209.146,