{
    "383": {
        "duration": 0.8290000000001783,
        "intervals": [
            [
                3131.155,
                3131.9840000000004
            ]
        ]
    },
    "A": {
        "duration": 556.6269999999981,
        "intervals": [
            [
                221.856,
                222.49099999999999
            ],
            [
                237.938,
                238.213
            ],
            [
                332.006,
                399.198
            ],
            [
                699.543,
                745.041
            ],
            [
                751.133,
                755.394
            ],
            [
                757.893,
                758.993
            ],
            [
                763.503,
                764.2620000000001
            ],
            [
                791.392,
                800.177
            ],
            [
                804.992,
                809.477
            ],
            [
                833.009,
                836.392
            ],
            [
                1059.575,
                1079.7930000000001
            ],
            [
                1088.814,
                1098.821
            ],
            [
                1114.827,
                1119.68
            ],
            [
                1128.698,
                1133.796
            ],
            [
                1138.121,
                1153.18
            ],
            [
                1244.204,
                1294.392
            ],
            [
                1328.846,
                1331.625
            ],
            [
                1422.61,
                1433.2259999999999
            ],
            [
                1579.095,
                1594.348
            ],
            [
                1689.641,
                1745.992
            ],
            [
                1750.285,
                1769.462
            ],
            [
                1774.631,
                1787.277
            ],
            [
                1856.392,
                1859.502
            ],
            [
                1864.392,
                1866.722
            ],
            [
                1871.613,
                1874.794
            ],
            [
                2047.705,
                2109.448
            ],
            [
                2117.001,
                2148.789
            ],
            [
                2226.891,
                2230.821
            ],
            [
                2458.407,
                2459.708
            ],
            [
                2542.992,
                2546.208
            ],
            [
                2623.426,
                2634.667
            ],
            [
                2639.262,
                2656.515
            ],
            [
                2676.09,
                2691.33
            ],
            [
                2698.395,
                2700.12
            ],
            [
                2806.272,
                2807.578
            ],
            [
                2814.004,
                2816.9269999999997
            ],
            [
                2823.787,
                2832.9429999999998
            ],
            [
                2835.206,
                2844.197
            ],
            [
                2855.312,
                2874.8869999999997
            ]
        ]
    },
    "B": {
        "duration": 349.2729999999991,
        "intervals": [
            [
                16.61,
                21.215
            ],
            [
                24.805,
                102.608
            ],
            [
                169.26,
                178.642
            ],
            [
                244.5,
                257.725
            ],
            [
                326.815,
                330.592
            ],
            [
                399.198,
                417.221
            ],
            [
                487.517,
                496.29699999999997
            ],
            [
                558.61,
                578.964
            ],
            [
                745.639,
                750.7090000000001
            ],
            [
                755.394,
                757.6179999999999
            ],
            [
                761.032,
                762.471
            ],
            [
                814.136,
                817.877
            ],
            [
                872.861,
                876.71
            ],
            [
                943.456,
                962.032
            ],
            [
                1030.592,
                1059.574
            ],
            [
                1082.454,
                1084.209
            ],
            [
                1098.821,
                1102.598
            ],
            [
                1242.008,
                1243.491
            ],
            [
                1475.898,
                1484.6309999999999
            ],
            [
                1787.277,
                1789.785
            ],
            [
                1874.794,
                1880.865
            ],
            [
                2110.971,
                2117.0
            ],
            [
                2168.335,
                2194.56
            ],
            [
                2335.713,
                2337.979
            ],
            [
                2729.411,
                2758.5930000000003
            ],
            [
                2817.911,
                2822.711
            ],
            [
                2847.018,
                2855.313
            ],
            [
                2889.032,
                2892.107
            ],
            [
                2954.05,
                2954.973
            ],
            [
                2987.611,
                2995.245
            ],
            [
                3102.972,
                3113.261
            ],
            [
                3115.41,
                3121.808
            ]
        ]
    },
    "C": {
        "duration": 488.0989999999999,
        "intervals": [
            [
                496.608,
                558.065
            ],
            [
                1153.74,
                1242.008
            ],
            [
                1594.348,
                1689.1000000000001
            ],
            [
                1769.462,
                1774.631
            ],
            [
                2324.219,
                2335.712
            ],
            [
                2339.126,
                2409.268
            ],
            [
                2423.972,
                2458.4069999999997
            ],
            [
                2459.98,
                2472.6180000000004
            ],
            [
                2833.41,
                2835.205
            ],
            [
                2874.887,
                2889.0319999999997
            ],
            [
                2892.107,
                2954.05
            ],
            [
                2955.191,
                2987.053
            ]
        ]
    },
    "D": {
        "duration": 406.3079999999987,