{
    "A": {
        "duration": 318.8080000000002,
        "intervals": [
            [
                8.913,
                9.795
            ],
            [
                218.111,
                239.72
            ],
            [
                242.458,
                302.808
            ],
            [
                307.064,
                336.464
            ],
            [
                548.009,
                585.992
            ],
            [
                611.241,
                611.5989999999999
            ],
            [
                635.286,
                635.9409999999999
            ],
            [
                690.965,
                694.0550000000001
            ],
            [
                716.968,
                719.371
            ],
            [
                810.005,
                842.999
            ],
            [
                847.409,
                859.1930000000001
            ],
            [
                860.471,
                865.0120000000001
            ],
            [
                865.681,
                869.154
            ],
            [
                877.168,
                882.065
            ],
            [
                909.112,
                915.651
            ],
            [
                925.811,
                941.423
            ],
            [
                954.541,
                958.562
            ],
            [
                968.944,
                969.901
            ],
            [
                971.42,
                989.391
            ],
            [
                1021.94,
                1023.508
            ],
            [
                1110.917,
                1121.8200000000002
            ],
            [
                1136.126,
                1148.2949999999998
            ],
            [
                1159.429,
                1175.079
            ],
            [
                1177.193,
                1181.0290000000002
            ],
            [
                1184.91,
                1200.073
            ]
        ]
    },
    "B": {
        "duration": 124.36799999999985,
        "intervals": [
            [
                2.862,
                3.829
            ],
            [
                5.213,
                8.645
            ],
            [
                161.295,
                175.30100000000002
            ],
            [
                203.501,
                209.41299999999998
            ],
            [
                212.49,
                213.83700000000002
            ],
            [
                336.921,
                336.936
            ],
            [
                346.418,
                351.417
            ],
            [
                353.606,
                406.24
            ],
            [
                413.392,
                419.479
            ],
            [
                431.727,
                438.82199999999995
            ],
            [
                451.319,
                455.077
            ],
            [
                456.396,
                462.235
            ],
            [
                464.65,
                471.01099999999997
            ],
            [
                604.25,
                604.63
            ],
            [
                764.669,
                768.56
            ],
            [
                796.147,
                798.941
            ],
            [
                801.677,
                802.438
            ],
            [
                807.449,
                808.5759999999999
            ],
            [
                843.71,
                845.8240000000001
            ],
            [
                846.56,
                847.409
            ]
        ]
    },
    "C": {
        "duration": 61.02100000000007,
        "intervals": [
            [
                488.793,
                541.263
            ],
            [
                544.006,
                548.009
            ],
            [
                585.993,
                589.793
            ],
            [
                1135.126,
                1135.874
            ]
        ]
    },
    "D": {
        "duration": 179.12099999999998,
        "intervals": [
            [
                352.338,
                353.266
            ],
            [
                406.24,
                413.392
            ],
            [
                419.479,
                424.81
            ],
            [
                455.426,
                456.396
            ],
            [
                462.397,
                464.65
            ],
            [
                598.085,
                604.11
            ],
            [
                604.63,
                610.597
            ],
            [
                611.862,
                635.2860000000001
            ],
            [
                636.449,
                690.7900000000001
            ],
            [
                746.822,
                764.669
            ],
            [
                768.947,
                796.1469999999999
            ],
            [
                799.269,
                801.677
            ],
            [
                802.904,
                807.448
            ],
            [
                809.333,
                809.728
            ],
            [
                842.999,
                843.456
            ],
            [
                859.192,
                860.021
            ],
            [
                865.013,
                865.2660000000001
            ],
            [
                869.321,
                877.168
            ],
            [
                882.294,
                893.2439999999999
            ]
        ]
    },
    "E": {
        "duration": 88.3420000000001,
        "intervals": [
            [
                1.622,
                2.862
            ],
            [
                941.838,
                944.192
            ],
            [
                958.969,
                959.2410000000001
            ],
            [
                1005.497,
                1021.191
            ],
            [
                1023.508,
                1087.84
            ],
            [
                1177.013,
                1177.042
            ],
            [
                1181.029,
                1184.91
            ],
            [
                1200.347,
                1200.887
            ]
        ]
    },
    "F": {
        "duration": 37.06799999999991,
        "intervals": [
            [
                4.462,
                4.4639999999999995
            ],
            [
                541.581,
                544.006
            ],
            [
                915.651,
                925.193
            ],
            [
                1122.056,
                1135.126
            ],
            [
                1148.295,
                1159.193
            ],
            [
                1175.079,
                1176.21
            ]
        ]
    },
    "G": {
        "duration": 367.57600000000014,