{
    "A": {
        "duration": 553.1390000000001,
        "intervals": [
            [
                7.822,
                98.702
            ],
            [
                148.103,
                155.61100000000002
            ],
            [
                156.192,
                175.799
            ],
            [
                177.191,
                188.369
            ],
            [
                199.392,
                208.49099999999999
            ],
            [
                213.994,
                222.086
            ],
            [
                229.011,
                234.97
            ],
            [
                260.852,
                296.118
            ],
            [
                328.791,
                375.85699999999997
            ],
            [
                403.809,
                416.603
            ],
            [
                418.463,
                436.168
            ],
            [
                439.244,
                439.625
            ],
            [
                453.32,
                454.52299999999997
            ],
            [
                478.005,
                488.96
            ],
            [
                583.84,
                585.8140000000001
            ],
            [
                594.518,
                594.673
            ],
            [
                638.467,
                644.7900000000001
            ],
            [
                647.509,
                659.168
            ],
            [
                662.906,
                664.894
            ],
            [
                667.833,
                678.2
            ],
            [
                689.831,
                694.207
            ],
            [
                696.948,
                700.4849999999999
            ],
            [
                706.048,
                707.31
            ],
            [
                709.118,
                730.9699999999999
            ],
            [
                732.996,
                736.4820000000001
            ],
            [
                751.646,
                754.726
            ],
            [
                764.944,
                788.932
            ],
            [
                804.544,
                811.2420000000001
            ],
            [
                816.058,
                825.836
            ],
            [
                837.007,
                839.265
            ],
            [
                845.843,
                871.761
            ],
            [
                882.662,
                885.529
            ],
            [
                919.053,
                961.544
            ],
            [
                967.862,
                976.407
            ],
            [
                979.989,
                987.6220000000001
            ],
            [
                996.523,
                1005.727
            ],
            [
                1027.461,
                1032.549
            ],
            [
                1036.26,
                1066.991
            ],
            [
                1072.109,
                1076.853
            ],
            [
                1079.045,
                1086.0629999999999
            ],
            [
                1100.225,
                1100.6029999999998
            ],
            [
                1102.682,
                1109.0620000000001
            ],
            [
                1112.616,
                1124.2839999999999
            ]
        ]
    },
    "B": {
        "duration": 495.9839999999999,
        "intervals": [
            [
                100.141,
                147.06799999999998
            ],
            [
                155.903,
                156.19199999999998
            ],
            [
                177.01,
                177.191
            ],
            [
                188.605,
                197.947
            ],
            [
                209.274,
                212.859
            ],
            [
                222.953,
                226.86599999999999
            ],
            [
                236.333,
                260.415
            ],
            [
                296.879,
                327.415
            ],
            [
                377.187,
                401.32899999999995
            ],
            [
                417.769,
                418.226
            ],
            [
                436.987,
                438.71200000000005
            ],
            [
                440.898,
                452.353
            ],
            [
                456.109,
                477.325
            ],
            [
                489.324,
                582.323
            ],
            [
                586.366,
                592.734
            ],
            [
                595.947,
                637.841
            ],
            [
                645.096,
                647.032
            ],
            [
                659.721,
                662.608
            ],
            [
                665.78,
                666.793
            ],
            [
                678.842,
                689.832
            ],
            [
                694.541,
                695.758
            ],
            [
                701.632,
                702.621
            ],
            [
                707.678,
                708.699
            ],
            [
                731.452,
                732.996
            ],
            [
                737.139,
                751.192
            ],
            [
                754.726,
                764.72
            ],
            [
                790.369,
                803.456
            ],
            [
                812.033,
                815.594
            ],
            [
                826.327,
                836.62
            ],
            [
                841.29,
                845.379
            ],
            [
                873.68,
                882.3929999999999
            ],
            [
                885.529,
                918.054
            ],
            [
                962.609,
                967.307
            ],
            [
                976.757,
                979.693
            ],
            [
                989.699,
                996.233
            ],
            [
                1005.988,
                1027.175
            ],
            [
                1034.794,
                1035.201
            ],
            [
                1067.497,
                1071.3410000000001
            ],
            [
                1077.929,
                1078.807
            ],
            [
                1086.063,
                1099.444
            ],
            [
                1100.852,
                1101.7900000000002
            ],
            [
                1109.626,
                1112.6160000000002
            ],
            [
                1125.811,
                1126.9789999999998
            ]
        ]
    }
}