{
    "A": {
        "duration": 457.101,
        "intervals": [
            [
                51.71,
                53.506
            ],
            [
                57.809,
                62.527
            ],
            [
                72.007,
                94.738
            ],
            [
                100.864,
                103.89
            ],
            [
                107.474,
                113.199
            ],
            [
                132.729,
                140.60500000000002
            ],
            [
                143.405,
                150.547
            ],
            [
                167.495,
                169.12
            ],
            [
                173.602,
                182.227
            ],
            [
                192.139,
                198.281
            ],
            [
                206.481,
                214.591
            ],
            [
                227.261,
                261.316
            ],
            [
                274.102,
                274.299
            ],
            [
                287.012,
                287.991
            ],
            [
                582.37,
                593.902
            ],
            [
                597.473,
                606.575
            ],
            [
                608.845,
                614.7389999999999
            ],
            [
                617.757,
                656.234
            ],
            [
                714.893,
                726.407
            ],
            [
                727.79,
                736.104
            ],
            [
                737.635,
                741.52
            ],
            [
                744.112,
                745.531
            ],
            [
                746.791,
                752.31
            ],
            [
                756.81,
                759.888
            ],
            [
                795.128,
                803.0830000000001
            ],
            [
                805.695,
                806.537
            ],
            [
                871.327,
                882.441
            ],
            [
                903.005,
                906.478
            ],
            [
                913.476,
                916.532
            ],
            [
                922.496,
                925.707
            ],
            [
                944.155,
                963.845
            ],
            [
                975.397,
                977.9350000000001
            ],
            [
                1021.194,
                1031.408
            ],
            [
                1190.049,
                1195.6689999999999
            ],
            [
                1198.488,
                1204.462
            ],
            [
                1205.548,
                1220.145
            ],
            [
                1224.175,
                1224.18
            ],
            [
                1226.932,
                1246.227
            ],
            [
                1249.57,
                1256.072
            ],
            [
                1275.023,
                1287.4479999999999
            ],
            [
                1295.799,
                1300.642
            ],
            [
                1308.074,
                1320.436
            ],
            [
                1325.059,
                1327.55
            ],
            [
                1334.456,
                1350.857
            ],
            [
                1355.28,
                1359.25
            ],
            [
                1364.295,
                1370.898
            ],
            [
                1534.047,
                1535.701
            ],
            [
                1539.955,
                1542.866
            ],
            [
                1574.438,
                1575.0420000000001
            ],
            [
                1577.539,
                1583.812
            ],
            [
                1586.157,
                1590.611
            ],
            [
                1593.073,
                1597.859
            ],
            [
                1696.609,
                1700.6979999999999
            ],
            [
                1735.101,
                1736.0780000000002
            ],
            [
                1780.758,
                1780.834
            ],
            [
                1784.258,
                1804.407
            ],
            [
                1824.149,
                1833.396
            ],
            [
                1959.209,
                1970.9080000000001
            ],
            [
                1973.192,
                1978.712
            ]
        ]
    },
    "B": {
        "duration": 58.66500000000003,
        "intervals": [
            [
                36.835,
                48.381
            ],
            [
                185.063,
                190.951
            ],
            [
                199.653,
                205.748
            ],
            [
                304.256,
                339.392
            ]
        ]
    },
    "C": {
        "duration": 30.018999999999952,
        "intervals": [
            [
                11.777,
                13.318
            ],
            [
                408.615,
                437.09299999999996
            ]
        ]
    },
    "D": {
        "duration": 71.8670000000001,
        "intervals": [
            [
                13.454,
                14.591000000000001
            ],
            [
                48.563,
                48.978
            ],
            [
                299.644,
                304.25600000000003
            ],
            [
                340.995,
                351.847
            ],
            [
                354.11,
                357.833
            ],
            [
                359.792,
                380.118
            ],
            [
                384.404,
                389.409
            ],
            [
                398.198,
                408.615
            ],
            [
                437.842,
                444.018
            ],
            [
                487.455,
                490.012
            ],
            [
                768.148,
                770.5930000000001
            ],
            [
                1479.05,
                1483.252
            ]
        ]
    },
    "E": {
        "duration": 489.38200000000006,