{
    "A": {
        "duration": 197.65299999999996,
        "intervals": [
            [
                60.288,
                227.80399999999997
            ],
            [
                248.724,
                278.625
            ],
            [
                547.587,
                547.823
            ]
        ]
    },
    "B": {
        "duration": 63.396000000000285,
        "intervals": [
            [
                10.508,
                10.969
            ],
            [
                435.443,
                436.005
            ],
            [
                1191.792,
                1192.673
            ],
            [
                1658.597,
                1665.19
            ],
            [
                1669.791,
                1677.23
            ],
            [
                1679.878,
                1680.2259999999999
            ],
            [
                1686.923,
                1734.035
            ]
        ]
    },
    "C": {
        "duration": 291.3319999999999,
        "intervals": [
            [
                1085.522,
                1085.8439999999998
            ],
            [
                1369.487,
                1369.6100000000001
            ],
            [
                1420.605,
                1420.72
            ],
            [
                1762.626,
                1900.304
            ],
            [
                1917.805,
                1968.393
            ],
            [
                1985.393,
                2087.732
            ],
            [
                2105.541,
                2105.708
            ]
        ]
    },
    "D": {
        "duration": 288.0489999999998,
        "intervals": [
            [
                229.476,
                243.577
            ],
            [
                280.275,
                281.304
            ],
            [
                311.757,
                312.813
            ],
            [
                321.494,
                324.28200000000004
            ],
            [
                348.337,
                349.704
            ],
            [
                362.568,
                363.39
            ],
            [
                366.994,
                367.41400000000004
            ],
            [
                385.825,
                390.366
            ],
            [
                403.35,
                406.59200000000004
            ],
            [
                416.61,
                423.151
            ],
            [
                431.846,
                432.80400000000003
            ],
            [
                532.275,
                547.587
            ],
            [
                548.245,
                557.4780000000001
            ],
            [
                560.015,
                565.3629999999999
            ],
            [
                608.565,
                609.687
            ],
            [
                614.265,
                624.077
            ],
            [
                630.114,
                634.2750000000001
            ],
            [
                637.597,
                640.452
            ],
            [
                641.888,
                645.1260000000001
            ],
            [
                653.02,
                655.048
            ],
            [
                659.699,
                670.706
            ],
            [
                671.612,
                674.5899999999999
            ],
            [
                833.752,
                841.2829999999999
            ],
            [
                844.518,
                844.525
            ],
            [
                850.853,
                856.926
            ],
            [
                861.411,
                870.0849999999999
            ],
            [
                873.19,
                873.5310000000001
            ],
            [
                1018.16,
                1028.9399999999998
            ],
            [
                1034.252,
                1035.1889999999999
            ],
            [
                1187.89,
                1190.15
            ],
            [
                1339.237,
                1354.4379999999999
            ],
            [
                1354.934,
                1367.374
            ],
            [
                1422.625,
                1445.609
            ],
            [
                1575.759,
                1585.9679999999998
            ],
            [
                1587.944,
                1609.171
            ],
            [
                1622.155,
                1624.222
            ],
            [
                1632.05,
                1633.791
            ],
            [
                1640.36,
                1640.6
            ],
            [
                1644.685,
                1647.759
            ],
            [
                1649.791,
                1652.039
            ],
            [
                1736.346,
                1751.305
            ],
            [
                1752.737,
                1757.5320000000002
            ],
            [
                1900.304,
                1916.4740000000002
            ],
            [
                1968.393,
                1976.471
            ],
            [
                1979.508,
                1983.516
            ],
            [
                2088.212,
                2096.258
            ]
        ]
    },
    "E": {
        "duration": 261.66000000000025,