{
    "A": {
        "duration": 579.6370000000004,
        "intervals": [
            [
                0.925,
                76.216
            ],
            [
                77.996,
                135.429
            ],
            [
                136.613,
                147.138
            ],
            [
                148.414,
                156.274
            ],
            [
                159.261,
                180.136
            ],
            [
                182.069,
                233.607
            ],
            [
                239.173,
                241.979
            ],
            [
                245.172,
                254.327
            ],
            [
                262.664,
                268.623
            ],
            [
                270.797,
                271.718
            ],
            [
                275.009,
                276.939
            ],
            [
                278.043,
                303.19100000000003
            ],
            [
                486.54,
                517.895
            ],
            [
                585.266,
                596.436
            ],
            [
                601.04,
                606.484
            ],
            [
                617.617,
                618.6179999999999
            ],
            [
                619.81,
                624.236
            ],
            [
                628.192,
                629.0360000000001
            ],
            [
                634.245,
                636.928
            ],
            [
                638.641,
                690.837
            ],
            [
                692.933,
                700.836
            ],
            [
                703.763,
                704.1070000000001
            ],
            [
                720.281,
                744.392
            ],
            [
                746.591,
                748.955
            ],
            [
                751.596,
                776.26
            ],
            [
                778.874,
                781.464
            ],
            [
                785.778,
                812.132
            ],
            [
                822.825,
                872.6360000000001
            ],
            [
                975.81,
                985.087
            ],
            [
                999.331,
                1001.354
            ],
            [
                1009.042,
                1023.104
            ],
            [
                1039.969,
                1074.33
            ],
            [
                1076.517,
                1079.73
            ]
        ]
    },
    "B": {
        "duration": 217.6700000000001,
        "intervals": [
            [
                235.524,
                237.703
            ],
            [
                243.358,
                244.554
            ],
            [
                254.975,
                259.043
            ],
            [
                269.119,
                270.36300000000006
            ],
            [
                272.336,
                273.659
            ],
            [
                276.939,
                277.297
            ],
            [
                305.368,
                486.235
            ],
            [
                519.006,
                519.0079999999999
            ],
            [
                631.555,
                631.592
            ],
            [
                701.792,
                702.2320000000001
            ],
            [
                877.372,
                879.3399999999999
            ],
            [
                985.799,
                996.807
            ],
            [
                1001.567,
                1003.059
            ],
            [
                1023.104,
                1034.592
            ]
        ]
    },
    "C": {
        "duration": 77.70999999999998,
        "intervals": [
            [
                260.484,
                261.679
            ],
            [
                524.19,
                558.889
            ],
            [
                565.923,
                585.265
            ],
            [
                596.722,
                599.994
            ],
            [
                606.484,
                608.09
            ],
            [
                614.38,
                617.254
            ],
            [
                705.243,
                719.945
            ],
            [
                1076.497,
                1076.517
            ]
        ]
    },
    "D": {
        "duration": 149.51200000000017,
        "intervals": [
            [
                77.795,
                77.996
            ],
            [
                136.583,
                136.613
            ],
            [
                148.362,
                148.414
            ],
            [
                157.283,
                158.522
            ],
            [
                180.136,
                180.59799999999998
            ],
            [
                303.61,
                304.714
            ],
            [
                560.589,
                565.1370000000001
            ],
            [
                600.191,
                601.0400000000001
            ],
            [
                609.915,
                613.447
            ],
            [
                619.36,
                619.811
            ],
            [
                624.983,
                627.818
            ],
            [
                629.196,
                630.465
            ],
            [
                631.592,
                634.245
            ],
            [
                637.104,
                638.6410000000001
            ],
            [
                691.975,
                692.697
            ],
            [
                744.392,
                745.2800000000001
            ],
            [
                749.562,
                751.391
            ],
            [
                776.667,
                778.6030000000001
            ],
            [
                782.403,
                785.4540000000001
            ],
            [
                812.131,
                822.8249999999999
            ],
            [
                879.533,
                975.568
            ],
            [
                996.806,
                999.33
            ],
            [
                1003.058,
                1009.043
            ],
            [
                1034.593,
                1039.679
            ]
        ]
    }
}