{
    "A": {
        "duration": 620.2759999999994,
        "intervals": [
            [
                719.278,
                781.61
            ],
            [
                784.608,
                795.265
            ],
            [
                800.039,
                800.22
            ],
            [
                801.458,
                824.5110000000001
            ],
            [
                827.351,
                846.0160000000001
            ],
            [
                848.688,
                868.5110000000001
            ],
            [
                872.768,
                914.397
            ],
            [
                1080.083,
                1120.126
            ],
            [
                1161.243,
                1197.125
            ],
            [
                1232.211,
                1240.527
            ],
            [
                1246.423,
                1261.155
            ],
            [
                1263.379,
                1268.357
            ],
            [
                1271.479,
                1289.208
            ],
            [
                1290.791,
                1292.0259999999998
            ],
            [
                1295.244,
                1305.229
            ],
            [
                1308.018,
                1309.8
            ],
            [
                1764.577,
                1796.507
            ],
            [
                1801.575,
                1818.17
            ],
            [
                1819.385,
                1824.747
            ],
            [
                1826.697,
                1883.333
            ],
            [
                1884.816,
                1940.1909999999998
            ],
            [
                2207.839,
                2209.6349999999998
            ],
            [
                2382.981,
                2425.642
            ],
            [
                2429.052,
                2436.094
            ],
            [
                2438.184,
                2449.161
            ],
            [
                2452.84,
                2463.792
            ],
            [
                2465.804,
                2474.317
            ],
            [
                2476.832,
                2495.8329999999996
            ],
            [
                2499.633,
                2509.476
            ],
            [
                2510.912,
                2543.4829999999997
            ]
        ]
    },
    "B": {
        "duration": 464.1899999999997,
        "intervals": [
            [
                318.689,
                374.304
            ],
            [
                481.115,
                481.79
            ],
            [
                690.176,
                690.461
            ],
            [
                718.219,
                719.279
            ],
            [
                782.215,
                782.389
            ],
            [
                870.733,
                871.7399999999999
            ],
            [
                933.584,
                1053.456
            ],
            [
                1067.806,
                1072.922
            ],
            [
                1120.711,
                1135.0330000000001
            ],
            [
                1149.702,
                1157.392
            ],
            [
                1199.212,
                1202.228
            ],
            [
                1204.765,
                1207.659
            ],
            [
                1221.966,
                1226.3919999999998
            ],
            [
                1243.357,
                1245.2169999999999
            ],
            [
                1269.024,
                1270.895
            ],
            [
                1293.611,
                1295.2440000000001
            ],
            [
                1354.34,
                1354.3619999999999
            ],
            [
                1368.741,
                1371.797
            ],
            [
                1414.935,
                1431.097
            ],
            [
                1433.582,
                1434.114
            ],
            [
                1656.497,
                1725.0230000000001
            ],
            [
                1743.444,
                1754.4550000000002
            ],
            [
                1800.401,
                1801.348
            ],
            [
                1971.645,
                2060.3
            ],
            [
                2084.869,
                2091.808
            ],
            [
                2127.514,
                2146.4559999999997
            ],
            [
                2152.41,
                2177.498
            ],
            [
                2427.918,
                2429.052
            ],
            [
                2474.317,
                2475.977
            ]
        ]
    },
    "C": {
        "duration": 553.1329999999998,
        "intervals": [
            [
                509.785,
                689.948
            ],
            [
                796.13,
                797.463
            ],
            [
                800.219,
                801.2520000000001
            ],
            [
                914.397,
                914.922
            ],
            [
                1135.411,
                1142.5349999999999
            ],
            [
                1202.821,
                1204.49
            ],
            [
                1431.712,
                1432.6109999999999
            ],
            [
                1448.879,
                1647.79
            ],
            [
                1796.88,
                1797.489
            ],
            [
                2212.876,
                2372.2090000000003
            ],
            [
                2379.314,
                2380.33
            ],
            [
                2496.374,
                2496.7889999999998
            ],
            [
                2621.764,
                2621.867
            ]
        ]
    },
    "D": {
        "duration": 165.18900000000002,
        "intervals": [
            [
                99.082,
                264.271
            ]
        ]
    },
    "E": {
        "duration": 208.6959999999998,