{
    "A": {
        "duration": 139.92699999999962,
        "intervals": [
            [
                66.839,
                69.54899999999999
            ],
            [
                113.83,
                116.353
            ],
            [
                143.841,
                158.18099999999998
            ],
            [
                158.559,
                193.59
            ],
            [
                194.419,
                211.166
            ],
            [
                356.464,
                356.791
            ],
            [
                600.141,
                604.021
            ],
            [
                815.592,
                820.592
            ],
            [
                1031.277,
                1047.7209999999998
            ],
            [
                1049.772,
                1072.703
            ],
            [
                1076.529,
                1093.538
            ],
            [
                1113.288,
                1116.273
            ]
        ]
    },
    "B": {
        "duration": 113.58900000000006,
        "intervals": [
            [
                392.793,
                396.067
            ],
            [
                604.02,
                633.393
            ],
            [
                634.481,
                682.226
            ],
            [
                685.662,
                696.294
            ],
            [
                704.207,
                714.838
            ],
            [
                829.874,
                836.676
            ],
            [
                1048.145,
                1049.22
            ],
            [
                1128.639,
                1132.696
            ]
        ]
    },
    "C": {
        "duration": 418.7720000000004,
        "intervals": [
            [
                7.366,
                7.393
            ],
            [
                14.837,
                66.44200000000001
            ],
            [
                69.549,
                113.456
            ],
            [
                116.353,
                142.74599999999998
            ],
            [
                193.887,
                194.419
            ],
            [
                215.192,
                252.792
            ],
            [
                326.6,
                354.841
            ],
            [
                388.803,
                392.793
            ],
            [
                397.207,
                399.851
            ],
            [
                406.593,
                411.259
            ],
            [
                427.81,
                434.445
            ],
            [
                447.798,
                450.868
            ],
            [
                491.692,
                510.992
            ],
            [
                517.394,
                527.254
            ],
            [
                575.262,
                584.354
            ],
            [
                584.992,
                600.1410000000001
            ],
            [
                633.81,
                634.262
            ],
            [
                696.295,
                704.208
            ],
            [
                715.088,
                747.6
            ],
            [
                807.874,
                815.593
            ],
            [
                873.082,
                881.109
            ],
            [
                900.511,
                910.4559999999999
            ],
            [
                911.962,
                928.0
            ],
            [
                1093.539,
                1113.288
            ],
            [
                1116.273,
                1128.6390000000001
            ],
            [
                1132.696,
                1137.048
            ],
            [
                1215.022,
                1216.3999999999999
            ],
            [
                1225.245,
                1228.6129999999998
            ],
            [
                1261.614,
                1275.9969999999998
            ],
            [
                1278.462,
                1285.458
            ],
            [
                1290.107,
                1293.614
            ],
            [
                1354.614,
                1361.97
            ]
        ]
    },
    "D": {
        "duration": 131.78299999999993,
        "intervals": [
            [
                0.01,
                5.314
            ],
            [
                7.806,
                13.652000000000001
            ],
            [
                749.019,
                807.66
            ],
            [
                820.82,
                829.609
            ],
            [
                837.344,
                872.208
            ],
            [
                881.535,
                899.874
            ]
        ]
    },
    "E": {
        "duration": 102.86800000000005,
        "intervals": [
            [
                5.314,
                6.386
            ],
            [
                158.554,
                158.559
            ],
            [
                682.457,
                685.662
            ],
            [
                928.657,
                1020.801
            ],
            [
                1027.009,
                1030.808
            ],
            [
                1073.339,
                1075.982
            ]
        ]
    },
    "F": {
        "duration": 254.276,
        "intervals": [
            [
                299.636,
                301.14300000000003
            ],
            [
                320.431,
                320.993
            ],
            [
                355.933,
                356.465
            ],
            [
                357.193,
                388.804
            ],
            [
                396.266,
                396.793
            ],
            [
                400.292,
                406.317
            ],
            [
                411.755,
                427.81
            ],
            [
                434.641,
                447.645
            ],
            [
                450.868,
                491.339
            ],
            [
                510.992,
                517.394
            ],
            [
                527.978,
                574.8399999999999
            ],
            [
                584.732,
                584.992
            ],
            [
                1216.401,
                1225.244
            ],
            [
                1228.613,
                1261.614
            ],
            [
                1275.996,
                1277.8880000000001
            ],
            [
                1340.992,
                1354.614
            ],
            [
                1361.969,
                1389.192
            ],
            [
                1391.914,
                1392.41
            ],
            [
                1418.226,
                1423.6070000000002
            ]
        ]
    },
    "G": {
        "duration": 247.6329999999998,