{
    "A": {
        "duration": 303.08100000000024,
        "intervals": [
            [
                0.565,
                29.536
            ],
            [
                31.423,
                151.21200000000002
            ],
            [
                279.732,
                306.45
            ],
            [
                368.609,
                390.965
            ],
            [
                393.89,
                398.64
            ],
            [
                480.811,
                503.524
            ],
            [
                519.78,
                521.446
            ],
            [
                522.734,
                524.7470000000001
            ],
            [
                531.105,
                532.111
            ],
            [
                534.038,
                541.355
            ],
            [
                551.757,
                554.0989999999999
            ],
            [
                561.173,
                574.782
            ],
            [
                578.256,
                580.206
            ],
            [
                601.246,
                613.283
            ],
            [
                635.806,
                638.97
            ],
            [
                640.776,
                673.456
            ]
        ]
    },
    "B": {
        "duration": 128.84000000000006,
        "intervals": [
            [
                155.638,
                279.342
            ],
            [
                542.118,
                544.5350000000001
            ],
            [
                595.861,
                598.58
            ]
        ]
    },
    "C": {
        "duration": 58.61699999999996,
        "intervals": [
            [
                309.992,
                368.609
            ]
        ]
    },
    "D": {
        "duration": 153.47600000000008,
        "intervals": [
            [
                31.393,
                31.423000000000002
            ],
            [
                391.64,
                392.75
            ],
            [
                400.908,
                480.81100000000004
            ],
            [
                506.012,
                519.781
            ],
            [
                522.686,
                522.7330000000001
            ],
            [
                525.292,
                530.59
            ],
            [
                532.454,
                533.126
            ],
            [
                544.534,
                550.899
            ],
            [
                554.356,
                561.173
            ],
            [
                576.826,
                577.0500000000001
            ],
            [
                580.952,
                595.861
            ],
            [
                598.794,
                600.25
            ],
            [
                614.41,
                635.8059999999999
            ],
            [
                638.97,
                640.45
            ]
        ]
    }
}