{
    "A": {
        "duration": 68.15100000000001,
        "intervals": [
            [
                182.81,
                250.961
            ]
        ]
    },
    "B": {
        "duration": 63.763999999999896,
        "intervals": [
            [
                636.341,
                700.1049999999999
            ]
        ]
    },
    "C": {
        "duration": 701.6529999999999,
        "intervals": [
            [
                0.01,
                180.983
            ],
            [
                252.641,
                355.115
            ],
            [
                356.731,
                392.511
            ],
            [
                397.435,
                432.488
            ],
            [
                434.415,
                439.59200000000004
            ],
            [
                442.009,
                496.409
            ],
            [
                497.539,
                611.721
            ],
            [
                615.197,
                635.754
            ],
            [
                700.105,
                721.767
            ],
            [
                725.33,
                754.267
            ],
            [
                836.393,
                857.0989999999999
            ],
            [
                860.419,
                942.1709999999999
            ]
        ]
    },
    "D": {
        "duration": 71.75599999999997,
        "intervals": [
            [
                758.837,
                830.593
            ]
        ]
    }
}