{
    "A": {
        "duration": 93.77599999999998,
        "intervals": [
            [
                60.882,
                69.979
            ],
            [
                75.538,
                79.217
            ],
            [
                84.842,
                105.102
            ],
            [
                109.196,
                110.89699999999999
            ],
            [
                114.168,
                150.66
            ],
            [
                152.985,
                175.532
            ]
        ]
    },
    "B": {
        "duration": 237.51900000000012,
        "intervals": [
            [
                0.211,
                56.042
            ],
            [
                80.202,
                84.842
            ],
            [
                105.911,
                107.663
            ],
            [
                176.757,
                216.655
            ],
            [
                250.717,
                261.399
            ],
            [
                358.003,
                361.137
            ],
            [
                364.821,
                365.444
            ],
            [
                366.751,
                375.184
            ],
            [
                448.06,
                487.07
            ],
            [
                490.816,
                493.95099999999996
            ],
            [
                516.078,
                518.642
            ],
            [
                609.329,
                612.332
            ],
            [
                637.438,
                642.543
            ],
            [
                649.32,
                654.4010000000001
            ],
            [
                657.121,
                658.614
            ],
            [
                695.528,
                710.284
            ],
            [
                784.065,
                822.444
            ]
        ]
    },
    "C": {
        "duration": 110.6760000000001,
        "intervals": [
            [
                363.464,
                364.088
            ],
            [
                365.877,
                366.582
            ],
            [
                375.859,
                447.842
            ],
            [
                488.442,
                490.528
            ],
            [
                495.391,
                516.078
            ],
            [
                518.824,
                533.4150000000001
            ]
        ]
    },
    "D": {
        "duration": 69.66099999999994,
        "intervals": [
            [
                536.303,
                601.7929999999999
            ],
            [
                604.797,
                608.9680000000001
            ]
        ]
    },
    "E": {
        "duration": 100.41200000000016,
        "intervals": [
            [
                58.718,
                60.881
            ],
            [
                216.655,
                219.343
            ],
            [
                222.445,
                227.409
            ],
            [
                229.763,
                231.874
            ],
            [
                233.103,
                235.87
            ],
            [
                238.31,
                247.513
            ],
            [
                601.793,
                604.797
            ],
            [
                617.127,
                637.4380000000001
            ],
            [
                643.024,
                649.32
            ],
            [
                654.401,
                656.635
            ],
            [
                661.021,
                695.528
            ],
            [
                711.504,
                714.192
            ],
            [
                759.556,
                767.0319999999999
            ]
        ]
    },
    "F": {
        "duration": 162.31200000000004,
        "intervals": [
            [
                73.459,
                74.897
            ],
            [
                111.984,
                112.863
            ],
            [
                150.81,
                151.141
            ],
            [
                219.915,
                222.22
            ],
            [
                227.883,
                229.316
            ],
            [
                232.2,
                232.779
            ],
            [
                235.87,
                236.845
            ],
            [
                247.512,
                248.631
            ],
            [
                266.056,
                357.239
            ],
            [
                714.192,
                759.229
            ],
            [
                767.031,
                784.064
            ]
        ]
    }
}