{
    "A": {
        "duration": 270.76000000000147,
        "intervals": [
            [
                23.799,
                23.804
            ],
            [
                167.289,
                172.45299999999997
            ],
            [
                180.93,
                183.404
            ],
            [
                190.861,
                195.21
            ],
            [
                198.15,
                218.97
            ],
            [
                240.805,
                244.062
            ],
            [
                244.949,
                246.59900000000002
            ],
            [
                247.192,
                250.197
            ],
            [
                265.326,
                265.78200000000004
            ],
            [
                323.657,
                340.991
            ],
            [
                351.672,
                356.79200000000003
            ],
            [
                515.167,
                520.494
            ],
            [
                524.921,
                532.4780000000001
            ],
            [
                566.992,
                569.37
            ],
            [
                644.767,
                648.12
            ],
            [
                898.729,
                901.8090000000001
            ],
            [
                1014.392,
                1022.2370000000001
            ],
            [
                1108.623,
                1110.8020000000001
            ],
            [
                1352.076,
                1357.199
            ],
            [
                1394.346,
                1399.648
            ],
            [
                1438.204,
                1441.397
            ],
            [
                1605.889,
                1617.265
            ],
            [
                1622.008,
                1627.761
            ],
            [
                1650.407,
                1654.018
            ],
            [
                1658.057,
                1660.8990000000001
            ],
            [
                1664.479,
                1669.231
            ],
            [
                1674.327,
                1685.755
            ],
            [
                1701.899,
                1730.874
            ],
            [
                1741.24,
                1751.5910000000001
            ],
            [
                1866.81,
                1869.22
            ],
            [
                1875.093,
                1875.741
            ],
            [
                1881.827,
                1884.318
            ],
            [
                1891.441,
                1896.598
            ],
            [
                1902.928,
                1906.2710000000002
            ],
            [
                1938.718,
                1941.193
            ],
            [
                1945.91,
                1948.7350000000001
            ],
            [
                1992.114,
                1998.314
            ],
            [
                2007.609,
                2012.491
            ],
            [
                2022.627,
                2025.393
            ],
            [
                2035.235,
                2039.464
            ],
            [
                2045.409,
                2069.0150000000003
            ],
            [
                2082.417,
                2084.069
            ],
            [
                2091.849,
                2105.1310000000003
            ],
            [
                2108.992,
                2115.7270000000003
            ]
        ]
    },
    "B": {
        "duration": 56.976999999999975,
        "intervals": [
            [
                79.729,
                92.212
            ],
            [
                148.929,
                164.728
            ],
            [
                172.846,
                180.455
            ],
            [
                218.97,
                230.793
            ],
            [
                235.992,
                240.80499999999998
            ],
            [
                253.996,
                258.44599999999997
            ]
        ]
    },
    "C": {
        "duration": 264.06899999999945,
        "intervals": [
            [
                38.193,
                41.774
            ],
            [
                183.404,
                190.861
            ],
            [
                244.061,
                244.549
            ],
            [
                247.129,
                247.191
            ],
            [
                250.575,
                253.47699999999998
            ],
            [
                292.807,
                323.65700000000004
            ],
            [
                344.93,
                351.672
            ],
            [
                356.792,
                361.9
            ],
            [
                423.107,
                425.51500000000004
            ],
            [
                495.175,
                503.289
            ],
            [
                508.078,
                515.167
            ],
            [
                533.675,
                543.5930000000001
            ],
            [
                1079.865,
                1108.373
            ],
            [
                1346.362,
                1347.1370000000002
            ],
            [
                1350.103,
                1352.076
            ],
            [
                1362.43,
                1394.345
            ],
            [
                1402.871,
                1428.393
            ],
            [
                1442.067,
                1444.531
            ],
            [
                1660.898,
                1664.192
            ],
            [
                1669.231,
                1673.98
            ],
            [
                1685.755,
                1701.8999999999999
            ],
            [
                1735.543,
                1735.55
            ],
            [
                1751.865,
                1757.36
            ],
            [
                1830.885,
                1834.12
            ],
            [
                1896.598,
                1902.5919999999999
            ],
            [
                1906.497,
                1908.576
            ],
            [
                2001.643,
                2007.608
            ],
            [
                2012.491,
                2022.627
            ],
            [
                2028.446,
                2033.906
            ],
            [
                2039.464,
                2045.4089999999999
            ],
            [
                2069.015,
                2081.2599999999998
            ],
            [
                2088.266,
                2091.849
            ],
            [
                2105.131,
                2108.9919999999997
            ]
        ]
    },
    "D": {
        "duration": 271.6999999999998,