{
    "A": {
        "duration": 51.05899999999997,
        "intervals": [
            [
                25.468,
                33.912
            ],
            [
                37.064,
                37.44
            ],
            [
                45.036,
                45.195
            ],
            [
                53.836,
                60.379999999999995
            ],
            [
                78.562,
                83.567
            ],
            [
                90.315,
                97.93400000000001
            ],
            [
                110.15,
                116.573
            ],
            [
                129.379,
                132.00799999999998
            ],
            [
                143.967,
                157.827
            ]
        ]
    },
    "B": {
        "duration": 78.58999999999993,
        "intervals": [
            [
                65.544,
                68.90599999999999
            ],
            [
                70.237,
                72.67399999999999
            ],
            [
                456.199,
                456.209
            ],
            [
                1622.619,
                1691.6499999999999
            ],
            [
                1692.51,
                1696.26
            ]
        ]
    },
    "C": {
        "duration": 107.44299999999996,
        "intervals": [
            [
                61.258,
                62.193000000000005
            ],
            [
                121.944,
                123.99300000000001
            ],
            [
                230.192,
                302.31899999999996
            ],
            [
                467.292,
                470.291
            ],
            [
                768.211,
                776.218
            ],
            [
                853.298,
                854.219
            ],
            [
                957.221,
                957.596
            ],
            [
                976.997,
                979.549
            ],
            [
                1005.465,
                1016.133
            ],
            [
                1027.21,
                1028.496
            ],
            [
                1418.054,
                1420.881
            ],
            [
                1516.362,
                1519.059
            ]
        ]
    },
    "D": {
        "duration": 123.05799999999981,
        "intervals": [
            [
                34.27,
                36.621
            ],
            [
                38.212,
                44.739000000000004
            ],
            [
                45.195,
                47.51
            ],
            [
                50.809,
                53.260999999999996
            ],
            [
                62.193,
                64.67999999999999
            ],
            [
                69.312,
                70.237
            ],
            [
                116.932,
                119.51
            ],
            [
                124.58,
                128.21099999999998
            ],
            [
                229.454,
                229.66
            ],
            [
                398.608,
                400.635
            ],
            [
                663.469,
                664.412
            ],
            [
                667.167,
                675.5340000000001
            ],
            [
                676.2,
                698.487
            ],
            [
                700.392,
                748.563
            ],
            [
                778.834,
                780.6529999999999
            ],
            [
                1086.568,
                1099.28
            ],
            [
                1130.804,
                1131.928
            ],
            [
                1228.414,
                1229.109
            ],
            [
                1454.215,
                1455.656
            ]
        ]
    },
    "E": {
        "duration": 78.16000000000018,
        "intervals": [
            [
                107.848,
                109.065
            ],
            [
                119.951,
                121.613
            ],
            [
                574.946,
                577.94
            ],
            [
                665.11,
                667.167
            ],
            [
                675.533,
                675.989
            ],
            [
                698.895,
                700.392
            ],
            [
                795.742,
                821.4399999999999
            ],
            [
                830.804,
                838.997
            ],
            [
                845.593,
                847.923
            ],
            [
                877.724,
                883.402
            ],
            [
                885.057,
                886.1270000000001
            ],
            [
                1431.268,
                1453.991
            ],
            [
                1466.453,
                1469.038
            ]
        ]
    },
    "F": {
        "duration": 185.5770000000002,
        "intervals": [
            [
                0.051,
                1.166
            ],
            [
                23.87,
                24.273
            ],
            [
                47.844,
                50.809
            ],
            [
                133.279,
                143.54700000000003
            ],
            [
                164.209,
                166.537
            ],
            [
                556.993,
                560.8620000000001
            ],
            [
                767.62,
                767.77
            ],
            [
                783.596,
                794.165
            ],
            [
                838.996,
                844.936
            ],
            [
                847.923,
                853.298
            ],
            [
                866.172,
                869.054
            ],
            [
                883.403,
                884.8100000000001
            ],
            [
                979.548,
                981.809
            ],
            [
                983.492,
                996.5939999999999
            ],
            [
                1000.878,
                1005.465
            ],
            [
                1016.133,
                1027.21
            ],
            [
                1099.28,
                1130.804
            ],
            [
                1134.469,
                1210.2140000000002
            ],
            [
                1338.999,
                1339.009
            ]
        ]
    },
    "G": {
        "duration": 486.5459999999998,