{
    "A": {
        "duration": 21.912000000000006,
        "intervals": [
            [
                110.899,
                132.811
            ]
        ]
    },
    "B": {
        "duration": 101.34999999999997,
        "intervals": [
            [
                32.383,
                48.041999999999994
            ],
            [
                55.868,
                81.201
            ],
            [
                104.93,
                110.39800000000001
            ],
            [
                133.13,
                141.993
            ],
            [
                156.08,
                202.107
            ]
        ]
    },
    "C": {
        "duration": 39.57799999999986,
        "intervals": [
            [
                315.782,
                350.45799999999997
            ],
            [
                354.977,
                356.19199999999995
            ],
            [
                363.278,
                363.47
            ],
            [
                1717.497,
                1720.992
            ]
        ]
    },
    "D": {
        "duration": 449.592,
        "intervals": [
            [
                17.089,
                20.692
            ],
            [
                21.733,
                27.773
            ],
            [
                30.682,
                31.270999999999997
            ],
            [
                211.582,
                235.17000000000002
            ],
            [
                237.333,
                238.636
            ],
            [
                294.82,
                312.10900000000004
            ],
            [
                350.458,
                354.586
            ],
            [
                356.192,
                359.904
            ],
            [
                363.471,
                390.619
            ],
            [
                392.177,
                393.81100000000004
            ],
            [
                400.238,
                412.514
            ],
            [
                417.03,
                418.476
            ],
            [
                420.269,
                421.967
            ],
            [
                434.916,
                436.566
            ],
            [
                534.619,
                538.6030000000001
            ],
            [
                539.153,
                543.053
            ],
            [
                552.8,
                559.044
            ],
            [
                622.52,
                661.9680000000001
            ],
            [
                663.488,
                689.277
            ],
            [
                699.317,
                701.44
            ],
            [
                703.475,
                704.813
            ],
            [
                747.593,
                753.061
            ],
            [
                928.201,
                947.2330000000001
            ],
            [
                949.404,
                956.59
            ],
            [
                973.392,
                1011.663
            ],
            [
                1013.03,
                1014.809
            ],
            [
                1026.494,
                1026.875
            ],
            [
                1269.449,
                1281.933
            ],
            [
                1293.192,
                1298.46
            ],
            [
                1304.144,
                1306.392
            ],
            [
                1310.143,
                1323.771
            ],
            [
                1327.406,
                1329.807
            ],
            [
                1332.546,
                1340.392
            ],
            [
                1441.52,
                1462.28
            ],
            [
                1463.78,
                1471.686
            ],
            [
                1473.132,
                1479.2839999999999
            ],
            [
                1546.233,
                1555.918
            ],
            [
                1559.346,
                1572.546
            ],
            [
                1573.287,
                1582.7160000000001
            ],
            [
                1584.237,
                1586.125
            ],
            [
                1690.44,
                1713.955
            ],
            [
                1726.723,
                1736.693
            ],
            [
                1781.094,
                1787.127
            ],
            [
                1791.485,
                1797.3909999999998
            ],
            [
                1811.592,
                1814.7910000000002
            ],
            [
                1834.792,
                1843.4589999999998
            ],
            [
                1861.032,
                1879.392
            ]
        ]
    },
    "E": {
        "duration": 343.7520000000004,