{
    "294": {
        "duration": 0.03700000000003456,
        "intervals": [
            [
                1143.394,
                1143.431
            ]
        ]
    },
    "A": {
        "duration": 238.12999999999968,
        "intervals": [
            [
                5.393,
                5.444
            ],
            [
                53.622,
                55.958
            ],
            [
                57.365,
                58.966
            ],
            [
                60.588,
                63.393
            ],
            [
                92.019,
                95.409
            ],
            [
                117.128,
                117.843
            ],
            [
                128.724,
                132.587
            ],
            [
                165.689,
                169.838
            ],
            [
                177.162,
                177.707
            ],
            [
                187.586,
                188.02800000000002
            ],
            [
                214.031,
                215.55
            ],
            [
                229.25,
                232.063
            ],
            [
                242.399,
                244.527
            ],
            [
                246.773,
                256.72
            ],
            [
                259.099,
                267.39500000000004
            ],
            [
                273.203,
                274.912
            ],
            [
                276.202,
                279.776
            ],
            [
                280.638,
                281.748
            ],
            [
                287.094,
                291.082
            ],
            [
                294.145,
                295.47499999999997
            ],
            [
                298.995,
                302.564
            ],
            [
                306.971,
                311.209
            ],
            [
                314.611,
                316.594
            ],
            [
                327.205,
                327.51
            ],
            [
                333.786,
                339.772
            ],
            [
                341.631,
                342.51199999999994
            ],
            [
                345.322,
                347.86
            ],
            [
                350.425,
                364.5
            ],
            [
                369.2,
                370.55199999999996
            ],
            [
                377.791,
                378.0
            ],
            [
                386.054,
                386.601
            ],
            [
                389.001,
                391.89799999999997
            ],
            [
                438.661,
                443.073
            ],
            [
                447.701,
                448.12600000000003
            ],
            [
                453.448,
                456.536
            ],
            [
                500.811,
                503.825
            ],
            [
                528.714,
                532.158
            ],
            [
                546.224,
                548.505
            ],
            [
                567.123,
                568.325
            ],
            [
                573.411,
                574.707
            ],
            [
                606.135,
                611.724
            ],
            [
                614.226,
                621.387
            ],
            [
                626.597,
                630.392
            ],
            [
                648.069,
                657.519
            ],
            [
                663.51,
                669.923
            ],
            [
                684.45,
                686.794
            ],
            [
                727.633,
                728.767
            ],
            [
                735.153,
                739.913
            ],
            [
                744.446,
                753.948
            ],
            [
                755.906,
                758.4269999999999
            ],
            [
                758.798,
                767.7919999999999
            ],
            [
                773.395,
                776.031
            ],
            [
                792.485,
                795.713
            ],
            [
                803.64,
                805.206
            ],
            [
                808.532,
                811.058
            ],
            [
                813.38,
                816.014
            ],
            [
                822.707,
                823.7969999999999
            ],
            [
                826.905,
                828.206
            ],
            [
                830.635,
                833.765
            ],
            [
                837.802,
                838.895
            ],
            [
                840.505,
                844.4639999999999
            ],
            [
                846.766,
                848.312
            ],
            [
                856.656,
                857.107
            ],
            [
                870.902,
                871.538
            ],
            [
                879.193,
                881.217
            ],
            [
                904.453,
                905.3149999999999
            ],
            [
                910.099,
                911.94
            ],
            [
                912.651,
                915.8539999999999
            ],
            [
                917.86,
                918.969
            ],
            [
                921.316,
                922.393
            ],
            [
                924.554,
                924.952
            ],
            [
                932.192,
                933.999
            ],
            [
                954.953,
                958.713
            ],
            [
                960.493,
                964.418
            ],
            [
                969.901,
                976.809
            ],
            [
                980.132,
                983.227
            ],
            [
                1013.745,
                1017.042
            ],
            [
                1018.86,
                1019.4350000000001
            ],
            [
                1062.487,
                1063.391
            ],
            [
                1066.006,
                1066.661
            ],
            [
                1090.434,
                1090.694
            ],
            [
                1093.974,
                1094.8919999999998
            ]
        ]
    },
    "B": {
        "duration": 245.77899999999988,