{
    "A": {
        "duration": 192.84400000000014,
        "intervals": [
            [
                3.254,
                3.926
            ],
            [
                421.835,
                465.921
            ],
            [
                475.193,
                475.24
            ],
            [
                479.905,
                509.081
            ],
            [
                556.544,
                557.292
            ],
            [
                623.688,
                626.6740000000001
            ],
            [
                701.614,
                765.051
            ],
            [
                830.444,
                882.1339999999999
            ],
            [
                898.525,
                898.5269999999999
            ]
        ]
    },
    "B": {
        "duration": 244.49699999999999,
        "intervals": [
            [
                2.811,
                3.1
            ],
            [
                64.226,
                95.348
            ],
            [
                101.358,
                176.993
            ],
            [
                229.957,
                251.593
            ],
            [
                274.61,
                277.37899999999996
            ],
            [
                304.057,
                304.146
            ],
            [
                377.592,
                388.04699999999997
            ],
            [
                526.318,
                531.276
            ],
            [
                549.119,
                551.019
            ],
            [
                554.676,
                556.5440000000001
            ],
            [
                566.792,
                571.725
            ],
            [
                574.27,
                603.2710000000001
            ],
            [
                610.193,
                623.1999999999999
            ],
            [
                626.673,
                629.592
            ],
            [
                685.641,
                686.189
            ],
            [
                765.05,
                768.668
            ],
            [
                778.904,
                804.462
            ],
            [
                887.392,
                890.0550000000001
            ],
            [
                894.996,
                898.329
            ],
            [
                945.133,
                952.6740000000001
            ],
            [
                1006.469,
                1007.124
            ]
        ]
    },
    "C": {
        "duration": 662.0220000000002,
        "intervals": [
            [
                5.667,
                63.518
            ],
            [
                95.349,
                100.742
            ],
            [
                177.203,
                229.957
            ],
            [
                251.593,
                274.349
            ],
            [
                277.379,
                303.56199999999995
            ],
            [
                304.503,
                377.591
            ],
            [
                388.643,
                415.28200000000004
            ],
            [
                465.92,
                475.193
            ],
            [
                476.125,
                478.663
            ],
            [
                509.082,
                526.318
            ],
            [
                531.276,
                549.119
            ],
            [
                551.19,
                554.368
            ],
            [
                557.494,
                566.793
            ],
            [
                572.071,
                573.833
            ],
            [
                603.271,
                610.193
            ],
            [
                629.593,
                683.992
            ],
            [
                686.332,
                700.289
            ],
            [
                768.668,
                778.6899999999999
            ],
            [
                805.078,
                825.255
            ],
            [
                882.993,
                887.392
            ],
            [
                890.34,
                894.9960000000001
            ],
            [
                898.526,
                944.574
            ],
            [
                952.93,
                1004.624
            ],
            [
                1007.875,
                1131.8300000000002
            ]
        ]
    }
}