{
    "A": {
        "duration": 360.361,
        "intervals": [
            [
                904.407,
                922.592
            ],
            [
                931.66,
                1031.0
            ],
            [
                1032.799,
                1201.149
            ],
            [
                1575.857,
                1650.343
            ]
        ]
    },
    "B": {
        "duration": 487.35800000000063,
        "intervals": [
            [
                5.554,
                137.643
            ],
            [
                415.014,
                440.211
            ],
            [
                474.731,
                486.62100000000004
            ],
            [
                631.819,
                651.7579999999999
            ],
            [
                875.37,
                903.115
            ],
            [
                924.352,
                931.146
            ],
            [
                1202.561,
                1242.955
            ],
            [
                1451.861,
                1491.583
            ],
            [
                1505.829,
                1539.293
            ],
            [
                1558.551,
                1573.425
            ],
            [
                1650.343,
                1664.523
            ],
            [
                1667.593,
                1697.075
            ],
            [
                1810.711,
                1830.8110000000001
            ],
            [
                1832.201,
                1841.967
            ],
            [
                2024.946,
                2039.0810000000001
            ],
            [
                2239.365,
                2253.116
            ],
            [
                2508.832,
                2542.668
            ]
        ]
    },
    "C": {
        "duration": 120.77400000000029,
        "intervals": [
            [
                442.209,
                466.745
            ],
            [
                1701.493,
                1733.838
            ],
            [
                1735.106,
                1741.736
            ],
            [
                1746.893,
                1778.9050000000002
            ],
            [
                1781.61,
                1788.4199999999998
            ],
            [
                1788.828,
                1800.811
            ],
            [
                1803.352,
                1809.8100000000002
            ]
        ]
    },
    "D": {
        "duration": 326.76799999999963,
        "intervals": [
            [
                490.266,
                517.192
            ],
            [
                518.11,
                630.541
            ],
            [
                1841.967,
                1865.091
            ],
            [
                1865.661,
                2024.946
            ],
            [
                2092.52,
                2097.522
            ]
        ]
    },
    "E": {
        "duration": 383.99300000000017,
        "intervals": [
            [
                653.851,
                744.392
            ],
            [
                745.144,
                800.995
            ],
            [
                802.934,
                874.2819999999999
            ],
            [
                2041.424,
                2092.52
            ],
            [
                2098.926,
                2106.833
            ],
            [
                2109.152,
                2115.619
            ],
            [
                2119.303,
                2132.6679999999997
            ],
            [
                2142.163,
                2165.528
            ],
            [
                2166.698,
                2189.0040000000004
            ],
            [
                2190.527,
                2210.87
            ],
            [
                2213.502,
                2226.616
            ],
            [
                2229.139,
                2237.429
            ]
        ]
    },
    "F": {
        "duration": 523.662,
        "intervals": [
            [
                139.226,
                414.23600000000005
            ],
            [
                2254.559,
                2503.2110000000002
            ]
        ]
    },
    "G": {
        "duration": 231.39599999999973,
        "intervals": [
            [
                1245.026,
                1367.009
            ],
            [
                1370.932,
                1451.6689999999999
            ],
            [
                1496.411,
                1505.829
            ],
            [
                1539.294,
                1558.5520000000001
            ]
        ]
    }
}