{
    "A": {
        "duration": 165.47099999999992,
        "intervals": [
            [
                94.895,
                103.588
            ],
            [
                106.284,
                208.95600000000002
            ],
            [
                220.487,
                230.23999999999998
            ],
            [
                233.115,
                242.82000000000002
            ],
            [
                243.807,
                248.799
            ],
            [
                253.673,
                256.918
            ],
            [
                509.841,
                511.503
            ],
            [
                643.359,
                643.393
            ],
            [
                697.714,
                709.221
            ],
            [
                770.621,
                778.2049999999999
            ],
            [
                785.003,
                787.581
            ],
            [
                793.864,
                796.9100000000001
            ]
        ]
    },
    "B": {
        "duration": 122.30799999999991,
        "intervals": [
            [
                88.385,
                90.498
            ],
            [
                103.856,
                106.029
            ],
            [
                220.205,
                220.48700000000002
            ],
            [
                230.241,
                232.87
            ],
            [
                242.819,
                243.63199999999998
            ],
            [
                248.798,
                253.422
            ],
            [
                351.054,
                353.89099999999996
            ],
            [
                453.077,
                509.84099999999995
            ],
            [
                511.874,
                540.612
            ],
            [
                559.705,
                559.9580000000001
            ],
            [
                630.001,
                632.8439999999999
            ],
            [
                731.179,
                732.2099999999999
            ],
            [
                766.483,
                770.621
            ],
            [
                778.204,
                784.785
            ],
            [
                787.582,
                793.865
            ],
            [
                840.584,
                840.79
            ]
        ]
    },
    "C": {
        "duration": 168.57100000000008,
        "intervals": [
            [
                94.372,
                94.387
            ],
            [
                325.38,
                351.05400000000003
            ],
            [
                354.21,
                386.82700000000006
            ],
            [
                401.585,
                436.772
            ],
            [
                559.958,
                627.0949999999999
            ],
            [
                635.055,
                638.732
            ],
            [
                649.2,
                653.464
            ]
        ]
    },
    "D": {
        "duration": 361.1979999999999,
        "intervals": [
            [
                0.041,
                88.187
            ],
            [
                90.497,
                94.193
            ],
            [
                209.215,
                218.456
            ],
            [
                257.099,
                320.431
            ],
            [
                386.827,
                400.303
            ],
            [
                436.772,
                449.029
            ],
            [
                540.613,
                556.232
            ],
            [
                627.257,
                630.001
            ],
            [
                633.16,
                634.66
            ],
            [
                638.732,
                642.92
            ],
            [
                643.393,
                649.2
            ],
            [
                653.653,
                697.1149999999999
            ],
            [
                709.221,
                730.919
            ],
            [
                732.21,
                766.4830000000001
            ],
            [
                797.084,
                838.8430000000001
            ]
        ]
    }
}