{
    "A": {
        "duration": 345.9600000000004,
        "intervals": [
            [
                913.786,
                1066.419
            ],
            [
                1813.58,
                1918.757
            ],
            [
                2484.505,
                2572.02
            ],
            [
                2667.452,
                2668.0870000000004
            ]
        ]
    },
    "B": {
        "duration": 280.0149999999994,
        "intervals": [
            [
                1431.879,
                1472.5459999999998
            ],
            [
                1474.765,
                1535.617
            ],
            [
                1537.372,
                1556.785
            ],
            [
                1557.642,
                1571.57
            ],
            [
                1572.809,
                1588.761
            ],
            [
                1668.809,
                1675.325
            ],
            [
                1677.137,
                1691.992
            ],
            [
                1694.442,
                1707.191
            ],
            [
                2119.593,
                2120.015
            ],
            [
                2365.21,
                2423.736
            ],
            [
                2425.235,
                2436.698
            ],
            [
                2438.871,
                2463.543
            ]
        ]
    },
    "C": {
        "duration": 301.5180000000003,
        "intervals": [
            [
                460.917,
                566.556
            ],
            [
                696.593,
                731.01
            ],
            [
                1918.971,
                1963.948
            ],
            [
                1967.831,
                2015.706
            ],
            [
                2577.589,
                2646.199
            ]
        ]
    },
    "D": {
        "duration": 254.38000000000028,
        "intervals": [
            [
                13.409,
                24.967000000000002
            ],
            [
                29.315,
                34.59
            ],
            [
                47.172,
                47.312
            ],
            [
                49.791,
                55.991
            ],
            [
                62.758,
                70.01
            ],
            [
                87.828,
                91.908
            ],
            [
                94.249,
                98.68
            ],
            [
                116.751,
                118.631
            ],
            [
                186.32,
                189.994
            ],
            [
                196.295,
                200.032
            ],
            [
                210.396,
                214.809
            ],
            [
                216.275,
                218.477
            ],
            [
                220.472,
                227.76
            ],
            [
                230.33,
                231.429
            ],
            [
                328.889,
                334.223
            ],
            [
                335.267,
                349.90299999999996
            ],
            [
                352.873,
                361.917
            ],
            [
                362.551,
                363.292
            ],
            [
                409.836,
                410.168
            ],
            [
                436.553,
                437.215
            ],
            [
                440.108,
                441.633
            ],
            [
                444.683,
                444.786
            ],
            [
                451.568,
                458.226
            ],
            [
                566.556,
                566.907
            ],
            [
                585.719,
                588.7320000000001
            ],
            [
                663.69,
                666.322
            ],
            [
                749.105,
                750.749
            ],
            [
                763.415,
                764.731
            ],
            [
                785.545,
                790.3
            ],
            [
                798.155,
                801.2249999999999
            ],
            [
                804.062,
                807.847
            ],
            [
                810.921,
                814.391
            ],
            [
                816.796,
                818.981
            ],
            [
                898.204,
                900.01
            ],
            [
                905.035,
                913.1510000000001
            ],
            [
                1070.57,
                1071.692
            ],
            [
                1073.39,
                1074.7060000000001
            ],
            [
                1077.673,
                1079.1609999999998
            ],
            [
                1248.796,
                1251.239
            ],
            [
                1253.156,
                1261.197
            ],
            [
                1424.804,
                1428.228
            ],
            [
                1589.255,
                1592.93
            ],
            [
                1714.009,
                1716.1
            ],
            [
                1718.896,
                1721.981
            ],
            [
                1724.73,
                1725.974
            ],
            [
                1751.191,
                1761.574
            ],
            [
                1794.791,
                1804.589
            ],
            [
                1807.341,
                1813.5800000000002
            ],
            [
                1964.284,
                1967.8310000000001
            ],
            [
                2019.755,
                2021.191
            ],
            [
                2023.331,
                2031.735
            ],
            [
                2034.44,
                2043.777
            ],
            [
                2045.404,
                2048.109
            ],
            [
                2226.592,
                2228.8
            ],
            [
                2280.977,
                2283.375
            ],
            [
                2436.909,
                2438.8720000000003
            ],
            [
                2463.542,
                2474.484
            ],
            [
                2480.065,
                2482.525
            ],
            [
                2572.02,
                2577.589
            ],
            [
                2646.542,
                2657.197
            ]
        ]
    },
    "E": {
        "duration": 191.65100000000015,
        "intervals": [
            [
                128.709,
                132.43200000000002
            ],
            [
                133.928,
                186.32
            ],
            [
                236.341,
                247.32999999999998
            ],
            [
                249.814,
                324.243
            ],
            [
                367.954,
                408.949
            ],
            [
                742.252,
                744.0
            ],
            [
                778.891,
                782.9259999999999
            ],
            [
                1234.762,
                1236.249
            ],
            [
                1557.544,
                1557.642
            ],
            [
                2662.612,
                2664.367
            ]
        ]
    },
    "F": {
        "duration": 268.2090000000003,