{
    "A": {
        "duration": 253.00900000000013,
        "intervals": [
            [
                809.948,
                951.577
            ],
            [
                954.853,
                962.467
            ],
            [
                1507.79,
                1611.556
            ]
        ]
    },
    "B": {
        "duration": 281.1989999999997,
        "intervals": [
            [
                547.491,
                555.0160000000001
            ],
            [
                557.472,
                602.264
            ],
            [
                603.452,
                721.1949999999999
            ],
            [
                1284.707,
                1285.721
            ],
            [
                1665.603,
                1704.371
            ],
            [
                1706.611,
                1739.498
            ],
            [
                1757.685,
                1773.5839999999998
            ],
            [
                1775.189,
                1797.76
            ]
        ]
    },
    "C": {
        "duration": 388.3480000000005,
        "intervals": [
            [
                245.735,
                419.182
            ],
            [
                465.951,
                530.932
            ],
            [
                555.348,
                557.0169999999999
            ],
            [
                602.513,
                603.169
            ],
            [
                735.362,
                782.19
            ],
            [
                1089.568,
                1090.353
            ],
            [
                1219.489,
                1219.967
            ],
            [
                1704.864,
                1706.611
            ],
            [
                1743.638,
                1750.324
            ],
            [
                1774.221,
                1774.9470000000001
            ],
            [
                1839.677,
                1930.022
            ]
        ]
    },
    "D": {
        "duration": 451.57299999999924,
        "intervals": [
            [
                11.534,
                12.928
            ],
            [
                16.181,
                22.299999999999997
            ],
            [
                25.257,
                28.057000000000002
            ],
            [
                32.216,
                66.272
            ],
            [
                70.192,
                71.89999999999999
            ],
            [
                73.663,
                78.951
            ],
            [
                81.366,
                87.993
            ],
            [
                89.625,
                95.23100000000001
            ],
            [
                96.746,
                109.64500000000001
            ],
            [
                115.155,
                123.22
            ],
            [
                125.71,
                127.44999999999999
            ],
            [
                129.241,
                130.87800000000001
            ],
            [
                132.403,
                138.714
            ],
            [
                140.638,
                178.03699999999998
            ],
            [
                180.095,
                181.823
            ],
            [
                184.297,
                198.215
            ],
            [
                203.362,
                207.481
            ],
            [
                210.367,
                225.13400000000001
            ],
            [
                239.392,
                244.327
            ],
            [
                426.592,
                439.192
            ],
            [
                444.239,
                450.414
            ],
            [
                453.948,
                462.97999999999996
            ],
            [
                540.97,
                546.1049999999999
            ],
            [
                784.409,
                785.023
            ],
            [
                788.294,
                808.814
            ],
            [
                978.424,
                978.7239999999999
            ],
            [
                980.942,
                1002.245
            ],
            [
                1003.985,
                1015.245
            ],
            [
                1017.831,
                1022.813
            ],
            [
                1024.633,
                1029.5130000000001
            ],
            [
                1032.526,
                1037.1950000000002
            ],
            [
                1040.718,
                1055.281
            ],
            [
                1059.743,
                1065.82
            ],
            [
                1288.356,
                1288.791
            ],
            [
                1298.204,
                1299.4489999999998
            ],
            [
                1306.393,
                1311.786
            ],
            [
                1453.707,
                1457.087
            ],
            [
                1458.849,
                1461.743
            ],
            [
                1463.427,
                1467.173
            ],
            [
                1471.083,
                1472.084
            ],
            [
                1474.559,
                1481.878
            ],
            [
                1483.616,
                1490.6209999999999
            ],
            [
                1493.854,
                1494.878
            ],
            [
                1496.47,
                1500.967
            ],
            [
                1503.824,
                1506.654
            ],
            [
                1625.5,
                1638.1290000000001
            ],
            [
                1642.886,
                1649.422
            ],
            [
                1654.778,
                1657.478
            ],
            [
                1659.239,
                1662.498
            ],
            [
                1827.993,
                1829.8239999999998
            ],
            [
                1830.818,
                1838.41
            ],
            [
                1935.055,
                1935.47
            ],
            [
                1946.442,
                1954.562
            ],
            [
                1957.389,
                1957.3919999999998
            ],
            [
                1962.578,
                1963.336
            ],
            [
                1963.487,
                1965.154
            ],
            [
                2083.168,
                2085.687
            ],
            [
                2087.259,
                2088.795
            ],
            [
                2093.928,
                2095.1079999999997
            ],
            [
                2099.964,
                2103.241
            ],
            [
                2104.453,
                2109.267
            ],
            [
                2113.212,
                2119.993
            ],
            [
                2121.797,
                2130.867
            ],
            [
                2132.399,
                2148.699
            ],
            [
                2150.682,
                2157.194
            ],
            [
                2159.954,
                2165.3320000000003
            ],
            [
                2168.971,
                2179.6679999999997
            ],
            [
                2181.87,
                2185.874
            ]
        ]
    },
    "E": {
        "duration": 439.46599999999967,