{
    "A": {
        "duration": 184.21800000000005,
        "intervals": [
            [
                6.492,
                8.193
            ],
            [
                11.033,
                19.103
            ],
            [
                24.094,
                34.612
            ],
            [
                38.391,
                44.068
            ],
            [
                46.467,
                49.592
            ],
            [
                51.994,
                64.602
            ],
            [
                65.846,
                70.342
            ],
            [
                74.13,
                89.06
            ],
            [
                92.765,
                95.557
            ],
            [
                98.712,
                102.872
            ],
            [
                105.293,
                111.42299999999999
            ],
            [
                117.735,
                120.531
            ],
            [
                126.115,
                126.31899999999999
            ],
            [
                135.167,
                141.529
            ],
            [
                142.801,
                143.861
            ],
            [
                157.847,
                160.874
            ],
            [
                165.264,
                165.73000000000002
            ],
            [
                169.795,
                183.696
            ],
            [
                185.406,
                196.219
            ],
            [
                199.832,
                202.792
            ],
            [
                203.015,
                207.99099999999999
            ],
            [
                212.191,
                215.141
            ],
            [
                216.322,
                226.326
            ],
            [
                228.776,
                230.107
            ],
            [
                312.063,
                312.279
            ],
            [
                426.585,
                431.052
            ],
            [
                524.048,
                524.391
            ],
            [
                540.368,
                542.066
            ],
            [
                613.801,
                616.609
            ],
            [
                676.904,
                685.424
            ],
            [
                689.528,
                689.547
            ],
            [
                691.173,
                691.708
            ],
            [
                695.68,
                701.895
            ],
            [
                705.098,
                705.949
            ],
            [
                722.505,
                722.792
            ],
            [
                839.813,
                840.444
            ],
            [
                853.99,
                855.62
            ],
            [
                985.591,
                990.6099999999999
            ],
            [
                1025.401,
                1027.375
            ],
            [
                1186.432,
                1186.729
            ],
            [
                1191.1,
                1193.317
            ],
            [
                1193.807,
                1198.5910000000001
            ],
            [
                1263.897,
                1267.84
            ],
            [
                1285.416,
                1288.123
            ]
        ]
    },
    "B": {
        "duration": 78.53799999999998,
        "intervals": [
            [
                233.525,
                312.063
            ]
        ]
    },
    "C": {
        "duration": 148.0150000000001,
        "intervals": [
            [
                1.031,
                1.033
            ],
            [
                337.537,
                422.341
            ],
            [
                550.592,
                613.801
            ]
        ]
    },
    "D": {
        "duration": 203.18800000000005,
        "intervals": [
            [
                437.127,
                447.686
            ],
            [
                450.431,
                471.40999999999997
            ],
            [
                474.039,
                500.357
            ],
            [
                505.931,
                523.5730000000001
            ],
            [
                621.736,
                672.341
            ],
            [
                818.392,
                823.062
            ],
            [
                1318.685,
                1326.548
            ],
            [
                1330.487,
                1355.484
            ],
            [
                1358.358,
                1397.913
            ]
        ]
    },
    "E": {
        "duration": 87.55800000000006,
        "intervals": [
            [
                1.995,
                2.0100000000000002
            ],
            [
                447.685,
                450.117
            ],
            [
                471.41,
                473.749
            ],
            [
                735.097,
                805.069
            ],
            [
                985.549,
                985.591
            ],
            [
                1151.543,
                1156.9279999999999
            ],
            [
                1159.731,
                1161.861
            ],
            [
                1327.514,
                1330.4869999999999
            ],
            [
                1355.847,
                1358.117
            ]
        ]
    },
    "F": {
        "duration": 196.9910000000002,
        "intervals": [
            [
                2.391,
                3.41
            ],
            [
                868.148,
                904.885
            ],
            [
                912.192,
                914.703
            ],
            [
                922.408,
                985.405
            ],
            [
                990.947,
                1021.061
            ],
            [
                1031.744,
                1059.4650000000001
            ],
            [
                1061.416,
                1073.2839999999999
            ],
            [
                1077.364,
                1097.3410000000001
            ],
            [
                1163.717,
                1167.7640000000001
            ]
        ]
    },
    "G": {
        "duration": 318.83199999999994,