{
    "A": {
        "duration": 148.82299999999995,
        "intervals": [
            [
                180.676,
                202.11499999999998
            ],
            [
                238.616,
                240.50900000000001
            ],
            [
                244.718,
                308.99100000000004
            ],
            [
                343.028,
                344.29
            ],
            [
                361.495,
                395.666
            ],
            [
                424.578,
                425.98999999999995
            ],
            [
                518.95,
                542.049
            ],
            [
                556.453,
                557.005
            ],
            [
                606.204,
                606.9259999999999
            ]
        ]
    },
    "B": {
        "duration": 200.33000000000027,
        "intervals": [
            [
                0.01,
                5.819999999999999
            ],
            [
                8.929,
                12.064
            ],
            [
                34.538,
                35.483
            ],
            [
                91.562,
                93.25999999999999
            ],
            [
                150.903,
                151.36499999999998
            ],
            [
                156.264,
                158.119
            ],
            [
                206.25,
                210.352
            ],
            [
                213.501,
                225.6
            ],
            [
                228.685,
                235.116
            ],
            [
                241.292,
                241.879
            ],
            [
                308.991,
                325.276
            ],
            [
                327.232,
                327.499
            ],
            [
                340.247,
                342.21000000000004
            ],
            [
                345.207,
                356.185
            ],
            [
                395.817,
                416.273
            ],
            [
                419.234,
                423.625
            ],
            [
                465.615,
                472.569
            ],
            [
                472.917,
                476.02
            ],
            [
                477.996,
                518.95
            ],
            [
                542.587,
                555.631
            ],
            [
                557.92,
                584.719
            ],
            [
                585.357,
                603.369
            ]
        ]
    },
    "C": {
        "duration": 37.349000000000046,
        "intervals": [
            [
                428.328,
                465.615
            ],
            [
                472.854,
                472.916
            ]
        ]
    },
    "D": {
        "duration": 177.305,
        "intervals": [
            [
                6.212,
                7.9479999999999995
            ],
            [
                12.813,
                33.795
            ],
            [
                35.736,
                90.973
            ],
            [
                94.593,
                149.398
            ],
            [
                152.285,
                156.264
            ],
            [
                159.119,
                179.008
            ],
            [
                202.978,
                204.633
            ],
            [
                211.042,
                212.89000000000001
            ],
            [
                226.911,
                227.951
            ],
            [
                236.712,
                238.047
            ],
            [
                325.681,
                326.926
            ],
            [
                328.148,
                339.16900000000004
            ],
            [
                417.121,
                418.854
            ],
            [
                476.564,
                477.35200000000003
            ],
            [
                585.345,
                585.357
            ]
        ]
    }
}