{
    "A": {
        "duration": 281.08399999999995,
        "intervals": [
            [
                0.579,
                1.153
            ],
            [
                6.958,
                7.41
            ],
            [
                10.444,
                15.608
            ],
            [
                17.903,
                35.373000000000005
            ],
            [
                38.667,
                39.823
            ],
            [
                42.068,
                43.349999999999994
            ],
            [
                49.343,
                51.493
            ],
            [
                57.058,
                57.774
            ],
            [
                61.165,
                61.945
            ],
            [
                68.05,
                69.734
            ],
            [
                71.896,
                95.874
            ],
            [
                97.586,
                98.398
            ],
            [
                105.146,
                114.021
            ],
            [
                117.815,
                120.315
            ],
            [
                122.793,
                129.239
            ],
            [
                130.95,
                137.79
            ],
            [
                138.34,
                140.085
            ],
            [
                142.015,
                142.047
            ],
            [
                143.935,
                144.767
            ],
            [
                146.386,
                153.114
            ],
            [
                162.16,
                165.233
            ],
            [
                168.073,
                173.087
            ],
            [
                185.969,
                187.285
            ],
            [
                189.932,
                189.94
            ],
            [
                194.084,
                199.10999999999999
            ],
            [
                204.753,
                211.605
            ],
            [
                234.821,
                243.29
            ],
            [
                247.433,
                267.518
            ],
            [
                271.166,
                280.20099999999996
            ],
            [
                285.707,
                289.361
            ],
            [
                294.443,
                297.84999999999997
            ],
            [
                309.763,
                313.166
            ],
            [
                316.033,
                318.36
            ],
            [
                322.577,
                324.781
            ],
            [
                333.514,
                333.539
            ],
            [
                334.871,
                338.256
            ],
            [
                340.941,
                343.087
            ],
            [
                378.911,
                387.77500000000003
            ],
            [
                390.13,
                392.649
            ],
            [
                394.691,
                399.872
            ],
            [
                401.995,
                403.991
            ],
            [
                405.943,
                411.198
            ],
            [
                413.198,
                415.48999999999995
            ],
            [
                418.679,
                433.75100000000003
            ],
            [
                438.245,
                442.465
            ],
            [
                446.401,
                466.55
            ],
            [
                633.008,
                633.648
            ],
            [
                671.433,
                673.507
            ],
            [
                693.21,
                695.5980000000001
            ],
            [
                698.058,
                699.703
            ],
            [
                708.225,
                709.229
            ],
            [
                715.822,
                716.301
            ],
            [
                796.139,
                797.32
            ],
            [
                870.915,
                874.865
            ],
            [
                878.592,
                884.891
            ],
            [
                903.422,
                904.1460000000001
            ],
            [
                968.981,
                972.68
            ],
            [
                976.936,
                979.904
            ],
            [
                982.469,
                989.9780000000001
            ],
            [
                992.437,
                994.545
            ],
            [
                1000.082,
                1004.304
            ],
            [
                1040.808,
                1042.892
            ],
            [
                1049.978,
                1052.895
            ]
        ]
    },
    "B": {
        "duration": 164.86399999999992,
        "intervals": [
            [
                322.572,
                322.577
            ],
            [
                325.306,
                330.722
            ],
            [
                338.528,
                340.392
            ],
            [
                343.44,
                346.928
            ],
            [
                471.224,
                538.612
            ],
            [
                552.143,
                620.514
            ],
            [
                646.527,
                650.768
            ],
            [
                653.668,
                658.0
            ],
            [
                677.015,
                682.044
            ],
            [
                776.714,
                777.4670000000001
            ],
            [
                779.677,
                783.654
            ]
        ]
    },
    "C": {
        "duration": 121.23599999999988,
        "intervals": [
            [
                66.434,
                66.76599999999999
            ],
            [
                330.721,
                333.514
            ],
            [
                333.701,
                334.71200000000005
            ],
            [
                353.744,
                354.922
            ],
            [
                360.114,
                360.895
            ],
            [
                367.921,
                368.545
            ],
            [
                721.32,
                775.761
            ],
            [
                801.397,
                854.447
            ],
            [
                856.195,
                860.495
            ],
            [
                861.713,
                864.0419999999999
            ],
            [
                915.796,
                916.1930000000001
            ]
        ]
    },
    "D": {
        "duration": 65.39499999999998,
        "intervals": [
            [
                201.268,
                202.107
            ],
            [
                363.17,
                364.26
            ],
            [
                468.636,
                469.915
            ],
            [
                718.084,
                720.991
            ],
            [
                919.91,
                953.3919999999999
            ],
            [
                956.07,
                968.981
            ],
            [
                1004.304,
                1017.191
            ]
        ]
    },
    "E": {
        "duration": 316.6760000000003,