{
    "A": {
        "duration": 376.80299999999977,
        "intervals": [
            [
                1.917,
                110.253
            ],
            [
                184.565,
                215.38500000000002
            ],
            [
                258.204,
                279.806
            ],
            [
                295.324,
                304.59700000000004
            ],
            [
                312.809,
                318.145
            ],
            [
                343.059,
                345.963
            ],
            [
                362.332,
                363.883
            ],
            [
                367.529,
                371.388
            ],
            [
                385.14,
                385.74899999999997
            ],
            [
                457.129,
                463.165
            ],
            [
                464.523,
                467.37199999999996
            ],
            [
                468.61,
                486.478
            ],
            [
                500.897,
                504.875
            ],
            [
                629.083,
                665.802
            ],
            [
                666.77,
                675.918
            ],
            [
                678.515,
                681.026
            ],
            [
                699.913,
                707.392
            ],
            [
                717.091,
                723.72
            ],
            [
                727.718,
                730.2099999999999
            ],
            [
                733.037,
                737.1
            ],
            [
                775.079,
                779.252
            ],
            [
                786.929,
                789.391
            ],
            [
                790.555,
                798.0089999999999
            ],
            [
                802.494,
                805.918
            ],
            [
                823.095,
                854.8449999999999
            ],
            [
                945.594,
                959.192
            ],
            [
                984.088,
                1013.9680000000001
            ]
        ]
    },
    "B": {
        "duration": 175.1380000000001,
        "intervals": [
            [
                136.559,
                147.84
            ],
            [
                152.008,
                152.529
            ],
            [
                156.457,
                158.507
            ],
            [
                162.305,
                168.053
            ],
            [
                170.799,
                174.014
            ],
            [
                178.072,
                182.059
            ],
            [
                218.545,
                258.035
            ],
            [
                279.806,
                295.324
            ],
            [
                304.597,
                312.808
            ],
            [
                319.025,
                342.53
            ],
            [
                346.138,
                361.999
            ],
            [
                363.882,
                367.213
            ],
            [
                371.689,
                381.026
            ],
            [
                383.697,
                384.806
            ],
            [
                419.195,
                423.601
            ],
            [
                447.436,
                447.679
            ],
            [
                455.757,
                456.397
            ],
            [
                463.442,
                464.524
            ],
            [
                487.404,
                500.609
            ],
            [
                611.376,
                614.4019999999999
            ],
            [
                623.805,
                629.083
            ],
            [
                759.11,
                759.392
            ],
            [
                789.775,
                790.055
            ],
            [
                809.546,
                813.0780000000001
            ]
        ]
    },
    "C": {
        "duration": 199.9300000000001,
        "intervals": [
            [
                136.514,
                136.56
            ],
            [
                147.84,
                152.00900000000001
            ],
            [
                153.461,
                155.726
            ],
            [
                161.006,
                161.649
            ],
            [
                170.169,
                170.798
            ],
            [
                381.026,
                383.343
            ],
            [
                390.018,
                419.196
            ],
            [
                423.601,
                447.169
            ],
            [
                450.392,
                455.757
            ],
            [
                505.926,
                611.194
            ],
            [
                614.402,
                623.5350000000001
            ],
            [
                768.148,
                771.123
            ],
            [
                773.493,
                774.9190000000001
            ],
            [
                805.918,
                807.438
            ],
            [
                920.479,
                924.291
            ],
            [
                927.209,
                929.8499999999999
            ],
            [
                977.528,
                982.503
            ]
        ]
    },
    "D": {
        "duration": 118.72399999999982,
        "intervals": [
            [
                113.076,
                135.878
            ],
            [
                158.507,
                160.276
            ],
            [
                162.24,
                162.306
            ],
            [
                175.274,
                177.409
            ],
            [
                447.679,
                450.392
            ],
            [
                676.185,
                678.515
            ],
            [
                681.227,
                699.492
            ],
            [
                707.392,
                717.0909999999999
            ],
            [
                723.72,
                727.389
            ],
            [
                730.21,
                733.037
            ],
            [
                737.255,
                758.906
            ],
            [
                759.392,
                768.1479999999999
            ],
            [
                781.567,
                783.7810000000001
            ],
            [
                798.009,
                802.494
            ],
            [
                807.881,
                809.547
            ],
            [
                813.363,
                815.0290000000001
            ],
            [
                959.192,
                966.841
            ],
            [
                973.166,
                977.528
            ]
        ]
    },
    "E": {
        "duration": 103.55500000000023,