{
    "A": {
        "duration": 91.507,
        "intervals": [
            [
                58.21,
                58.72
            ],
            [
                73.494,
                73.909
            ],
            [
                156.782,
                223.467
            ],
            [
                260.607,
                261.17900000000003
            ],
            [
                389.269,
                390.928
            ],
            [
                477.007,
                485.26300000000003
            ],
            [
                488.806,
                500.19199999999995
            ],
            [
                674.97,
                675.517
            ],
            [
                1011.96,
                1013.437
            ]
        ]
    },
    "B": {
        "duration": 94.43299999999999,
        "intervals": [
            [
                132.177,
                154.62199999999999
            ],
            [
                261.822,
                333.81
            ]
        ]
    },
    "C": {
        "duration": 338.8119999999994,
        "intervals": [
            [
                3.346,
                7.335
            ],
            [
                11.678,
                14.287
            ],
            [
                23.271,
                25.159
            ],
            [
                26.686,
                27.402
            ],
            [
                35.794,
                36.608999999999995
            ],
            [
                42.363,
                43.858
            ],
            [
                48.575,
                50.31
            ],
            [
                53.954,
                57.717
            ],
            [
                58.72,
                63.038
            ],
            [
                99.215,
                100.099
            ],
            [
                112.998,
                113.96000000000001
            ],
            [
                120.795,
                121.711
            ],
            [
                239.466,
                241.65300000000002
            ],
            [
                254.669,
                256.21000000000004
            ],
            [
                366.962,
                368.479
            ],
            [
                371.611,
                373.02299999999997
            ],
            [
                375.091,
                377.914
            ],
            [
                387.057,
                387.963
            ],
            [
                393.127,
                393.88100000000003
            ],
            [
                396.541,
                397.543
            ],
            [
                401.74,
                403.47
            ],
            [
                409.367,
                412.68
            ],
            [
                421.227,
                423.13199999999995
            ],
            [
                439.57,
                441.88
            ],
            [
                443.266,
                445.483
            ],
            [
                453.008,
                456.429
            ],
            [
                509.866,
                521.2819999999999
            ],
            [
                523.295,
                537.835
            ],
            [
                542.255,
                544.189
            ],
            [
                546.691,
                548.4730000000001
            ],
            [
                550.01,
                550.0219999999999
            ],
            [
                557.731,
                559.52
            ],
            [
                563.677,
                577.866
            ],
            [
                584.57,
                585.9590000000001
            ],
            [
                595.77,
                604.539
            ],
            [
                607.384,
                609.298
            ],
            [
                612.392,
                616.1080000000001
            ],
            [
                622.723,
                624.6080000000001
            ],
            [
                626.451,
                629.6220000000001
            ],
            [
                632.905,
                636.2919999999999
            ],
            [
                644.618,
                649.836
            ],
            [
                654.959,
                674.9689999999999
            ],
            [
                675.714,
                677.5010000000001
            ],
            [
                688.676,
                690.755
            ],
            [
                695.009,
                702.017
            ],
            [
                738.34,
                760.1759999999999
            ],
            [
                762.897,
                779.149
            ],
            [
                786.598,
                802.8149999999999
            ],
            [
                820.409,
                820.79
            ],
            [
                827.089,
                829.6740000000001
            ],
            [
                842.115,
                842.726
            ],
            [
                872.832,
                893.108
            ],
            [
                895.59,
                900.605
            ],
            [
                910.86,
                930.9989999999999
            ],
            [
                969.411,
                983.802
            ],
            [
                990.195,
                990.797
            ],
            [
                1002.593,
                1004.2719999999999
            ],
            [
                1027.436,
                1029.3799999999999
            ],
            [
                1031.273,
                1033.87
            ],
            [
                1034.092,
                1047.9920000000002
            ],
            [
                1053.631,
                1060.918
            ],
            [
                1071.993,
                1079.192
            ],
            [
                1082.732,
                1088.075
            ],
            [
                1093.355,
                1096.792
            ],
            [
                1115.314,
                1118.72
            ],
            [
                1121.14,
                1125.711
            ],
            [
                1126.472,
                1130.277
            ],
            [
                1156.769,
                1164.985
            ]
        ]
    },
    "D": {
        "duration": 412.49199999999985,