{
    "A": {
        "duration": 364.0020000000002,
        "intervals": [
            [
                35.606,
                41.357
            ],
            [
                76.92,
                78.305
            ],
            [
                202.9,
                218.592
            ],
            [
                221.592,
                231.341
            ],
            [
                249.023,
                252.525
            ],
            [
                264.273,
                269.535
            ],
            [
                280.792,
                292.96099999999996
            ],
            [
                448.404,
                449.766
            ],
            [
                453.435,
                472.902
            ],
            [
                473.561,
                513.967
            ],
            [
                520.187,
                521.0360000000001
            ],
            [
                523.792,
                541.114
            ],
            [
                543.507,
                546.7349999999999
            ],
            [
                553.831,
                582.0840000000001
            ],
            [
                587.233,
                591.01
            ],
            [
                600.296,
                610.2869999999999
            ],
            [
                614.679,
                617.3149999999999
            ],
            [
                624.149,
                631.74
            ],
            [
                635.644,
                660.665
            ],
            [
                663.486,
                668.378
            ],
            [
                671.514,
                679.499
            ],
            [
                681.704,
                731.462
            ],
            [
                1114.66,
                1115.6560000000002
            ],
            [
                1379.401,
                1449.593
            ],
            [
                1452.705,
                1460.981
            ],
            [
                1474.462,
                1479.722
            ],
            [
                1534.391,
                1537.621
            ]
        ]
    },
    "B": {
        "duration": 277.534,
        "intervals": [
            [
                71.759,
                76.919
            ],
            [
                136.779,
                138.72
            ],
            [
                151.534,
                154.21699999999998
            ],
            [
                168.121,
                185.577
            ],
            [
                185.86,
                202.89999999999998
            ],
            [
                218.592,
                221.592
            ],
            [
                231.341,
                248.437
            ],
            [
                252.524,
                264.27299999999997
            ],
            [
                269.978,
                280.791
            ],
            [
                292.96,
                336.971
            ],
            [
                397.163,
                398.51300000000003
            ],
            [
                407.973,
                410.535
            ],
            [
                421.251,
                425.55199999999996
            ],
            [
                427.722,
                430.852
            ],
            [
                434.204,
                436.325
            ],
            [
                472.902,
                473.214
            ],
            [
                514.288,
                519.754
            ],
            [
                521.036,
                523.792
            ],
            [
                541.114,
                543.5070000000001
            ],
            [
                546.735,
                553.831
            ],
            [
                582.085,
                586.833
            ],
            [
                591.01,
                599.851
            ],
            [
                610.286,
                614.679
            ],
            [
                617.315,
                624.149
            ],
            [
                631.739,
                635.644
            ],
            [
                660.665,
                663.487
            ],
            [
                668.886,
                671.514
            ],
            [
                679.723,
                681.4849999999999
            ],
            [
                958.475,
                967.692
            ],
            [
                970.734,
                972.962
            ],
            [
                976.215,
                979.8100000000001
            ],
            [
                986.734,
                986.744
            ],
            [
                990.105,
                1010.4340000000001
            ],
            [
                1105.745,
                1107.0529999999999
            ],
            [
                1108.649,
                1109.879
            ],
            [
                1111.323,
                1114.659
            ],
            [
                1147.517,
                1150.916
            ],
            [
                1233.449,
                1233.835
            ],
            [
                1243.303,
                1254.275
            ],
            [
                1262.366,
                1264.487
            ],
            [
                1303.676,
                1314.191
            ],
            [
                1461.286,
                1470.9160000000002
            ],
            [
                1473.221,
                1474.11
            ]
        ]
    },
    "C": {
        "duration": 95.28700000000003,
        "intervals": [
            [
                450.291,
                452.542
            ],
            [
                792.909,
                809.344
            ],
            [
                866.472,
                936.193
            ],
            [
                983.905,
                986.733
            ],
            [
                1010.435,
                1014.487
            ]
        ]
    },
    "D": {
        "duration": 317.98500000000104,