{
    "A": {
        "duration": 131.8059999999999,
        "intervals": [
            [
                123.881,
                156.647
            ],
            [
                181.241,
                226.6
            ],
            [
                559.599,
                613.28
            ]
        ]
    },
    "B": {
        "duration": 170.21699999999998,
        "intervals": [
            [
                259.178,
                266.736
            ],
            [
                268.392,
                272.796
            ],
            [
                274.965,
                345.03999999999996
            ],
            [
                346.046,
                405.67199999999997
            ],
            [
                407.303,
                424.191
            ],
            [
                436.811,
                448.47700000000003
            ]
        ]
    },
    "C": {
        "duration": 175.45700000000005,
        "intervals": [
            [
                123.768,
                123.881
            ],
            [
                406.18,
                406.644
            ],
            [
                466.012,
                549.442
            ],
            [
                675.37,
                675.76
            ],
            [
                745.257,
                836.317
            ]
        ]
    },
    "D": {
        "duration": 94.5700000000001,
        "intervals": [
            [
                267.374,
                267.838
            ],
            [
                273.218,
                274.54900000000004
            ],
            [
                614.09,
                615.791
            ],
            [
                630.747,
                657.6890000000001
            ],
            [
                658.95,
                674.792
            ],
            [
                675.759,
                680.412
            ],
            [
                683.647,
                725.591
            ],
            [
                728.705,
                729.8190000000001
            ],
            [
                838.115,
                838.694
            ]
        ]
    },
    "E": {
        "duration": 70.90699999999993,
        "intervals": [
            [
                657.69,
                658.8100000000001
            ],
            [
                681.001,
                683.6469999999999
            ],
            [
                958.773,
                1025.914
            ]
        ]
    },
    "F": {
        "duration": 413.45799999999997,
        "intervals": [
            [
                0.025,
                123.076
            ],
            [
                157.012,
                179.094
            ],
            [
                227.61,
                257.17
            ],
            [
                345.843,
                346.045
            ],
            [
                425.272,
                435.88
            ],
            [
                449.525,
                464.459
            ],
            [
                551.003,
                556.811
            ],
            [
                616.088,
                628.927
            ],
            [
                725.775,
                728.257
            ],
            [
                730.055,
                743.167
            ],
            [
                839.489,
                957.266
            ],
            [
                1026.257,
                1087.26
            ]
        ]
    }
}