{
    "A": {
        "duration": 222.07500000000005,
        "intervals": [
            [
                634.699,
                637.1529999999999
            ],
            [
                1476.1,
                1476.841
            ],
            [
                1480.899,
                1480.9279999999999
            ],
            [
                1709.009,
                1709.785
            ],
            [
                1718.805,
                1728.209
            ],
            [
                1731.542,
                1769.625
            ],
            [
                1770.672,
                1941.26
            ]
        ]
    },
    "B": {
        "duration": 399.60700000000037,
        "intervals": [
            [
                11.207,
                12.484
            ],
            [
                1017.762,
                1176.104
            ],
            [
                1179.223,
                1188.7920000000001
            ],
            [
                1198.083,
                1200.641
            ],
            [
                1207.919,
                1214.8480000000002
            ],
            [
                1990.124,
                2199.147
            ],
            [
                2445.967,
                2457.876
            ]
        ]
    },
    "C": {
        "duration": 281.625,
        "intervals": [
            [
                41.173,
                41.725
            ],
            [
                554.437,
                555.316
            ],
            [
                735.414,
                736.627
            ],
            [
                799.826,
                957.371
            ],
            [
                958.657,
                978.021
            ],
            [
                1201.392,
                1203.3020000000001
            ],
            [
                1377.984,
                1380.3529999999998
            ],
            [
                2223.192,
                2278.009
            ],
            [
                2278.783,
                2321.759
            ]
        ]
    },
    "D": {
        "duration": 247.80299999999994,
        "intervals": [
            [
                193.555,
                441.06600000000003
            ],
            [
                1205.982,
                1206.274
            ]
        ]
    },
    "E": {
        "duration": 495.3670000000004,
        "intervals": [
            [
                13.851,
                30.402
            ],
            [
                35.675,
                38.986
            ],
            [
                42.49,
                43.391
            ],
            [
                50.703,
                53.229000000000006
            ],
            [
                58.507,
                61.354
            ],
            [
                67.395,
                81.049
            ],
            [
                82.244,
                83.0
            ],
            [
                84.758,
                86.36999999999999
            ],
            [
                91.67,
                94.569
            ],
            [
                94.831,
                99.908
            ],
            [
                101.051,
                102.546
            ],
            [
                105.26,
                129.686
            ],
            [
                132.389,
                147.412
            ],
            [
                152.58,
                187.971
            ],
            [
                441.065,
                454.994
            ],
            [
                457.118,
                459.865
            ],
            [
                463.966,
                468.861
            ],
            [
                469.201,
                471.074
            ],
            [
                473.685,
                475.848
            ],
            [
                513.999,
                517.8770000000001
            ],
            [
                521.529,
                527.462
            ],
            [
                532.292,
                536.86
            ],
            [
                539.079,
                541.8449999999999
            ],
            [
                544.649,
                549.905
            ],
            [
                552.229,
                553.863
            ],
            [
                556.122,
                558.454
            ],
            [
                559.3,
                559.8259999999999
            ],
            [
                566.663,
                577.0790000000001
            ],
            [
                583.382,
                584.497
            ],
            [
                592.819,
                600.193
            ],
            [
                653.348,
                659.809
            ],
            [
                709.957,
                721.035
            ],
            [
                757.792,
                760.504
            ],
            [
                773.41,
                780.812
            ],
            [
                785.584,
                788.0
            ],
            [
                790.204,
                794.3199999999999
            ],
            [
                978.414,
                990.0400000000001
            ],
            [
                991.626,
                996.182
            ],
            [
                998.637,
                1007.511
            ],
            [
                1009.115,
                1012.644
            ],
            [
                1188.791,
                1192.319
            ],
            [
                1214.848,
                1218.501
            ],
            [
                1227.339,
                1256.092
            ],
            [
                1280.472,
                1284.293
            ],
            [
                1323.964,
                1327.2089999999998
            ],
            [
                1363.73,
                1363.749
            ],
            [
                1382.967,
                1385.088
            ],
            [
                1387.952,
                1392.439
            ],
            [
                1394.123,
                1395.3210000000001
            ],
            [
                1398.858,
                1408.04
            ],
            [
                1411.325,
                1411.816
            ],
            [
                1412.699,
                1429.278
            ],
            [
                1434.47,
                1435.55
            ],
            [
                1438.071,
                1449.477
            ],
            [
                1464.509,
                1470.766
            ],
            [
                1574.095,
                1574.851
            ],
            [
                1579.708,
                1594.409
            ],
            [
                1614.696,
                1618.5919999999999
            ],
            [
                1679.81,
                1689.136
            ],
            [
                1705.266,
                1709.009
            ],
            [
                1710.018,
                1716.392
            ],
            [
                1717.706,
                1718.8049999999998
            ],
            [
                1728.209,
                1729.579
            ],
            [
                1942.26,
                1948.126
            ],
            [
                1949.486,
                1952.22
            ],
            [
                1955.126,
                1976.287
            ],
            [
                1981.663,
                1983.907
            ],
            [
                2200.276,
                2201.395
            ],
            [
                2204.641,
                2217.5099999999998
