{
    "A": {
        "duration": 163.052,
        "intervals": [
            [
                6.271,
                9.217
            ],
            [
                113.446,
                123.839
            ],
            [
                124.686,
                174.71800000000002
            ],
            [
                429.956,
                431.829
            ],
            [
                799.379,
                800.322
            ],
            [
                1126.621,
                1222.317
            ],
            [
                1357.229,
                1358.3980000000001
            ]
        ]
    },
    "B": {
        "duration": 80.03199999999994,
        "intervals": [
            [
                124.671,
                124.686
            ],
            [
                630.16,
                707.288
            ],
            [
                1320.54,
                1323.4289999999999
            ]
        ]
    },
    "C": {
        "duration": 217.69299999999993,
        "intervals": [
            [
                2.837,
                3.9050000000000002
            ],
            [
                296.799,
                296.823
            ],
            [
                309.557,
                311.29900000000004
            ],
            [
                386.193,
                389.39099999999996
            ],
            [
                390.987,
                391.608
            ],
            [
                395.317,
                396.669
            ],
            [
                410.803,
                414.452
            ],
            [
                431.83,
                431.837
            ],
            [
                463.561,
                465.95399999999995
            ],
            [
                475.64,
                476.602
            ],
            [
                551.001,
                554.005
            ],
            [
                573.902,
                584.142
            ],
            [
                586.95,
                615.168
            ],
            [
                714.972,
                718.153
            ],
            [
                731.241,
                737.6750000000001
            ],
            [
                740.605,
                744.741
            ],
            [
                747.736,
                797.988
            ],
            [
                801.249,
                802.138
            ],
            [
                805.01,
                869.192
            ],
            [
                891.138,
                894.0590000000001
            ],
            [
                896.407,
                902.716
            ],
            [
                920.877,
                924.112
            ],
            [
                986.793,
                990.154
            ],
            [
                1013.538,
                1016.741
            ],
            [
                1058.375,
                1059.6
            ],
            [
                1106.992,
                1111.282
            ],
            [
                1112.253,
                1113.87
            ],
            [
                1122.226,
                1124.583
            ],
            [
                1126.612,
                1126.6200000000001
            ],
            [
                1236.085,
                1239.7
            ]
        ]
    },
    "D": {
        "duration": 78.31599999999989,
        "intervals": [
            [
                1.871,
                2.836
            ],
            [
                323.502,
                325.245
            ],
            [
                493.17,
                493.192
            ],
            [
                904.49,
                906.486
            ],
            [
                907.548,
                914.21
            ],
            [
                916.392,
                920.64
            ],
            [
                924.112,
                986.7919999999999
            ]
        ]
    },
    "E": {
        "duration": 163.1109999999998,
        "intervals": [
            [
                248.297,
                296.22999999999996
            ],
            [
                296.823,
                309.375
            ],
            [
                347.504,
                384.203
            ],
            [
                391.811,
                392.866
            ],
            [
                546.806,
                551.001
            ],
            [
                554.683,
                573.9019999999999
            ],
            [
                798.503,
                798.97
            ],
            [
                1017.048,
                1058.039
            ]
        ]
    },
    "F": {
        "duration": 376.9529999999999,
        "intervals": [
            [
                10.024,
                112.96300000000001
            ],
            [
                175.517,
                177.66299999999998
            ],
            [
                235.022,
                247.506
            ],
            [
                311.653,
                323.502
            ],
            [
                325.526,
                347.126
            ],
            [
                384.203,
                385.88
            ],
            [
                390.106,
                390.496
            ],
            [
                393.29,
                395.317
            ],
            [
                397.455,
                410.804
            ],
            [
                415.419,
                416.07
            ],
            [
                466.271,
                475.64099999999996
            ],
            [
                477.001,
                492.827
            ],
            [
                493.192,
                513.682
            ],
            [
                615.546,
                629.611
            ],
            [
                707.289,
                714.513
            ],
            [
                718.769,
                731.241
            ],
            [
                737.841,
                740.605
            ],
            [
                745.62,
                747.368
            ],
            [
                802.835,
                805.01
            ],
            [
                869.192,
                890.915
            ],
            [
                894.788,
                896.047
            ],
            [
                903.201,
                904.49
            ],
            [
                906.969,
                907.548
            ],
            [
                914.21,
                916.092
            ],
            [
                990.154,
                1013.538
            ],
            [
                1059.6,
                1106.992
            ],
            [
                1111.281,
                1111.7549999999999
            ],
            [
                1114.081,
                1121.8400000000001
            ],
            [
                1124.828,
                1126.109
            ],
            [
                1222.995,
                1236.086
            ],
            [
                1306.891,
                1308.485
            ]
        ]
    },
    "G": {
        "duration": 120.16700000000009,
        "intervals": [
            [
                180.151,
                234.30200000000002
            ],
            [
                1240.203,
                1306.219
            ]
        ]
    },
    "H": {
        "duration": 125.82799999999997,