{
    "A": {
        "duration": 950.4460000000006,
        "intervals": [
            [
                0.172,
                292.44100000000003
            ],
            [
                390.179,
                403.85499999999996
            ],
            [
                566.792,
                615.813
            ],
            [
                637.973,
                646.726
            ],
            [
                652.396,
                706.495
            ],
            [
                729.265,
                740.452
            ],
            [
                773.746,
                780.8760000000001
            ],
            [
                792.499,
                812.12
            ],
            [
                820.528,
                838.242
            ],
            [
                921.301,
                940.591
            ],
            [
                1040.523,
                1057.3890000000001
            ],
            [
                1065.464,
                1070.525
            ],
            [
                1131.798,
                1149.473
            ],
            [
                1210.358,
                1231.986
            ],
            [
                1289.049,
                1318.241
            ],
            [
                1319.883,
                1369.692
            ],
            [
                1373.055,
                1543.271
            ],
            [
                1652.549,
                1707.2440000000001
            ],
            [
                1726.458,
                1736.368
            ],
            [
                1750.911,
                1790.6100000000001
            ],
            [
                1795.937,
                1838.872
            ]
        ]
    },
    "B": {
        "duration": 304.11600000000016,
        "intervals": [
            [
                296.462,
                308.022
            ],
            [
                308.58,
                386.743
            ],
            [
                847.839,
                908.289
            ],
            [
                1234.913,
                1273.5720000000001
            ],
            [
                1276.445,
                1289.049
            ],
            [
                1544.522,
                1551.737
            ],
            [
                1554.169,
                1649.634
            ]
        ]
    },
    "C": {
        "duration": 170.72300000000013,
        "intervals": [
            [
                405.116,
                481.35900000000004
            ],
            [
                483.94,
                532.923
            ],
            [
                544.75,
                563.591
            ],
            [
                629.75,
                637.658
            ],
            [
                1707.71,
                1726.458
            ]
        ]
    },
    "D": {
        "duration": 71.41300000000001,
        "intervals": [
            [
                623.843,
                629.75
            ],
            [
                742.384,
                747.398
            ],
            [
                1071.306,
                1131.798
            ]
        ]
    },
    "E": {
        "duration": 220.46799999999996,
        "intervals": [
            [
                646.726,
                652.129
            ],
            [
                706.745,
                726.917
            ],
            [
                748.994,
                767.56
            ],
            [
                783.592,
                792.3249999999999
            ],
            [
                814.602,
                819.654
            ],
            [
                908.288,
                921.301
            ],
            [
                941.055,
                974.472
            ],
            [
                977.803,
                1039.991
            ],
            [
                1149.746,
                1203.67
            ]
        ]
    }
}