{
    "A": {
        "duration": 168.4419999999999,
        "intervals": [
            [
                241.923,
                408.071
            ],
            [
                633.145,
                634.593
            ],
            [
                642.868,
                643.442
            ],
            [
                1027.45,
                1027.722
            ]
        ]
    },
    "B": {
        "duration": 568.2249999999999,
        "intervals": [
            [
                0.062,
                238.271
            ],
            [
                408.923,
                596.573
            ],
            [
                644.34,
                711.495
            ],
            [
                773.123,
                776.517
            ],
            [
                778.332,
                779.058
            ],
            [
                844.877,
                860.8259999999999
            ],
            [
                966.222,
                1021.364
            ]
        ]
    },
    "C": {
        "duration": 79.96600000000012,
        "intervals": [
            [
                600.156,
                601.8349999999999
            ],
            [
                624.13,
                632.7280000000001
            ],
            [
                634.984,
                642.173
            ],
            [
                711.496,
                771.9440000000001
            ],
            [
                789.497,
                791.549
            ]
        ]
    },
    "D": {
        "duration": 84.45099999999991,
        "intervals": [
            [
                598.489,
                599.589
            ],
            [
                602.692,
                622.7969999999999
            ],
            [
                777.629,
                778.066
            ],
            [
                779.058,
                789.279
            ],
            [
                791.859,
                844.447
            ]
        ]
    },
    "E": {
        "duration": 102.81600000000003,
        "intervals": [
            [
                862.593,
                965.409
            ]
        ]
    }
}