{
    "92": {
        "duration": 0.002000000000000668,
        "intervals": [
            [
                13.19,
                13.192
            ]
        ]
    },
    "A": {
        "duration": 554.3489999999995,
        "intervals": [
            [
                15.193,
                127.194
            ],
            [
                173.991,
                189.604
            ],
            [
                205.597,
                221.105
            ],
            [
                242.958,
                259.507
            ],
            [
                290.993,
                305.629
            ],
            [
                315.476,
                322.541
            ],
            [
                333.546,
                333.98
            ],
            [
                337.598,
                388.53
            ],
            [
                395.466,
                398.284
            ],
            [
                404.009,
                439.138
            ],
            [
                455.596,
                462.966
            ],
            [
                507.821,
                507.848
            ],
            [
                518.948,
                526.302
            ],
            [
                545.238,
                556.28
            ],
            [
                578.242,
                595.393
            ],
            [
                600.784,
                606.146
            ],
            [
                607.966,
                633.6120000000001
            ],
            [
                636.392,
                648.844
            ],
            [
                677.066,
                679.915
            ],
            [
                707.392,
                719.007
            ],
            [
                756.699,
                778.3649999999999
            ],
            [
                792.912,
                798.192
            ],
            [
                832.672,
                868.412
            ],
            [
                870.877,
                874.036
            ],
            [
                937.454,
                940.593
            ],
            [
                942.756,
                958.9509999999999
            ],
            [
                982.633,
                1007.468
            ],
            [
                1054.115,
                1060.095
            ],
            [
                1072.813,
                1098.192
            ],
            [
                1137.547,
                1157.4
            ],
            [
                1272.041,
                1281.1770000000001
            ],
            [
                1282.227,
                1294.6609999999998
            ]
        ]
    },
    "B": {
        "duration": 239.6359999999999,
        "intervals": [
            [
                15.172,
                15.192
            ],
            [
                205.055,
                205.597
            ],
            [
                222.218,
                232.946
            ],
            [
                238.187,
                242.958
            ],
            [
                259.821,
                290.99199999999996
            ],
            [
                305.628,
                315.052
            ],
            [
                322.54,
                333.208
            ],
            [
                334.299,
                337.59799999999996
            ],
            [
                388.53,
                395.466
            ],
            [
                398.284,
                404.01
            ],
            [
                439.138,
                455.596
            ],
            [
                560.957,
                578.242
            ],
            [
                595.713,
                600.367
            ],
            [
                606.147,
                607.642
            ],
            [
                633.612,
                636.391
            ],
            [
                649.758,
                677.066
            ],
            [
                680.138,
                707.391
            ],
            [
                1007.468,
                1054.115
            ],
            [
                1060.341,
                1072.8129999999999
            ]
        ]
    },
    "C": {
        "duration": 129.46099999999996,
        "intervals": [
            [
                0.01,
                6.907
            ],
            [
                9.843,
                12.865
            ],
            [
                232.946,
                237.752
            ],
            [
                463.404,
                507.255
            ],
            [
                507.848,
                518.651
            ],
            [
                526.303,
                545.041
            ],
            [
                556.279,
                559.583
            ],
            [
                719.007,
                756.698
            ],
            [
                1281.707,
                1282.056
            ]
        ]
    },
    "D": {
        "duration": 67.01300000000003,
        "intervals": [
            [
                868.651,
                870.516
            ],
            [
                874.036,
                937.454
            ],
            [
                940.592,
                942.322
            ]
        ]
    },
    "E": {
        "duration": 131.78200000000004,
        "intervals": [
            [
                7.052,
                8.507
            ],
            [
                128.734,
                173.99099999999999
            ],
            [
                189.604,
                204.749
            ],
            [
                778.364,
                792.4820000000001
            ],
            [
                798.193,
                830.318
            ],
            [
                958.951,
                982.633
            ]
        ]
    },
    "F": {
        "duration": 208.76399999999958,
        "intervals": [
            [
                128.709,
                128.734
            ],
            [
                830.901,
                832.6709999999999
            ],
            [
                1098.601,
                1137.548
            ],
            [
                1157.682,
                1272.041
            ],
            [
                1294.66,
                1348.3229999999999
            ]
        ]
    }
}