{
    "A": {
        "duration": 68.15100000000001,
        "intervals": [
            [
                182.81,
                250.961
            ]
        ]
    },
    "B": {
        "duration": 71.95799999999986,
        "intervals": [
            [
                355.497,
                356.243
            ],
            [
                434.406,
                434.414
            ],
            [
                496.409,
                497.146
            ],
            [
                611.72,
                615.196
            ],
            [
                636.341,
                700.1049999999999
            ],
            [
                721.767,
                723.5120000000001
            ],
            [
                830.593,
                832.0749999999999
            ]
        ]
    },
    "C": {
        "duration": 701.6529999999999,
        "intervals": [
            [
                0.01,
                180.983
            ],
            [
                252.641,
                355.115
            ],
            [
                356.731,
                392.511
            ],
            [
                397.435,
                432.488
            ],
            [
                434.415,
                439.59200000000004
            ],
            [
                442.009,
                496.409
            ],
            [
                497.539,
                611.721
            ],
            [
                615.197,
                635.754
            ],
            [
                700.105,
                721.767
            ],
            [
                725.33,
                754.267
            ],
            [
                836.393,
                857.0989999999999
            ],
            [
                860.419,
                942.1709999999999
            ]
        ]
    },
    "D": {
        "duration": 83.6429999999998,
        "intervals": [
            [
                392.924,
                396.99899999999997
            ],
            [
                439.592,
                442.00899999999996
            ],
            [
                758.837,
                830.593
            ],
            [
                832.402,
                836.247
            ],
            [
                857.739,
                859.289
            ]
        ]
    }
}