{
    "A": {
        "duration": 336.5509999999998,
        "intervals": [
            [
                0.542,
                25.237000000000002
            ],
            [
                28.115,
                37.841
            ],
            [
                39.585,
                41.884
            ],
            [
                43.7,
                48.306999999999995
            ],
            [
                50.416,
                59.269999999999996
            ],
            [
                105.592,
                114.271
            ],
            [
                116.768,
                121.117
            ],
            [
                123.866,
                127.266
            ],
            [
                130.665,
                139.33
            ],
            [
                144.41,
                195.746
            ],
            [
                197.324,
                207.107
            ],
            [
                219.016,
                222.685
            ],
            [
                224.156,
                231.92000000000002
            ],
            [
                234.134,
                238.928
            ],
            [
                247.072,
                249.485
            ],
            [
                260.707,
                266.077
            ],
            [
                275.638,
                277.373
            ],
            [
                329.138,
                334.212
            ],
            [
                354.625,
                376.83000000000004
            ],
            [
                414.511,
                421.00600000000003
            ],
            [
                422.81,
                429.489
            ],
            [
                463.732,
                465.644
            ],
            [
                482.515,
                483.59
            ],
            [
                491.864,
                493.08099999999996
            ],
            [
                572.768,
                573.868
            ],
            [
                634.514,
                636.63
            ],
            [
                639.819,
                642.534
            ],
            [
                644.939,
                668.081
            ],
            [
                721.393,
                722.515
            ],
            [
                743.248,
                752.865
            ],
            [
                757.598,
                765.6089999999999
            ],
            [
                788.93,
                794.5509999999999
            ],
            [
                856.972,
                857.004
            ],
            [
                954.005,
                955.868
            ],
            [
                957.945,
                962.543
            ],
            [
                970.535,
                975.257
            ],
            [
                1008.492,
                1012.0609999999999
            ],
            [
                1066.228,
                1125.118
            ],
            [
                1144.373,
                1147.011
            ]
        ]
    },
    "B": {
        "duration": 118.27799999999982,
        "intervals": [
            [
                60.855,
                80.546
            ],
            [
                82.296,
                104.5
            ],
            [
                642.811,
                644.196
            ],
            [
                697.594,
                697.903
            ],
            [
                805.621,
                806.029
            ],
            [
                829.163,
                856.182
            ],
            [
                956.715,
                957.5930000000001
            ],
            [
                1125.487,
                1144.373
            ],
            [
                1147.24,
                1174.7379999999998
            ]
        ]
    },
    "C": {
        "duration": 213.89300000000003,
        "intervals": [
            [
                114.271,
                116.119
            ],
            [
                139.97,
                141.656
            ],
            [
                241.164,
                242.683
            ],
            [
                277.644,
                329.138
            ],
            [
                429.671,
                463.491
            ],
            [
                465.644,
                478.793
            ],
            [
                499.924,
                500.645
            ],
            [
                590.536,
                600.8850000000001
            ],
            [
                608.21,
                612.726
            ],
            [
                625.315,
                625.991
            ],
            [
                692.018,
                697.283
            ],
            [
                697.903,
                710.01
            ],
            [
                722.861,
                730.752
            ],
            [
                801.146,
                802.299
            ],
            [
                823.748,
                824.431
            ],
            [
                857.004,
                919.135
            ],
            [
                1017.242,
                1020.026
            ],
            [
                1045.01,
                1047.111
            ]
        ]
    },
    "D": {
        "duration": 153.28599999999994,
        "intervals": [
            [
                196.233,
                196.915
            ],
            [
                216.832,
                219.016
            ],
            [
                334.213,
                350.50100000000003
            ],
            [
                350.792,
                354.62399999999997
            ],
            [
                377.193,
                395.288
            ],
            [
                488.69,
                490.85
            ],
            [
                500.644,
                506.822
            ],
            [
                509.848,
                518.6089999999999
            ],
            [
                532.435,
                536.3919999999999
            ],
            [
                578.743,
                583.601
            ],
            [
                616.705,
                620.392
            ],
            [
                685.488,
                687.57
            ],
            [
                730.752,
                743.248
            ],
            [
                753.376,
                757.598
            ],
            [
                765.609,
                774.087
            ],
            [
                777.291,
                782.2370000000001
            ],
            [
                802.816,
                802.932
            ],
            [
                919.136,
                923.1659999999999
            ],
            [
                929.325,
                937.157
            ],
            [
                939.521,
                946.659
            ],
            [
                980.004,
                987.211
            ],
            [
                1027.922,
                1032.861
            ],
            [
                1047.111,
                1066.229
            ]
        ]
    },
    "E": {
        "duration": 307.998,