{
    "A": {
        "duration": 96.9160000000004,
        "intervals": [
            [
                1561.891,
                1570.2830000000001
            ],
            [
                1644.373,
                1650.615
            ],
            [
                1652.115,
                1710.757
            ],
            [
                1767.137,
                1779.651
            ],
            [
                1781.312,
                1792.438
            ]
        ]
    },
    "B": {
        "duration": 344.2260000000005,
        "intervals": [
            [
                0.305,
                18.949
            ],
            [
                23.082,
                35.980000000000004
            ],
            [
                37.646,
                62.464
            ],
            [
                69.015,
                101.44500000000001
            ],
            [
                105.45,
                123.727
            ],
            [
                141.191,
                162.196
            ],
            [
                166.202,
                173.808
            ],
            [
                177.024,
                186.625
            ],
            [
                188.754,
                194.61599999999999
            ],
            [
                206.39,
                236.484
            ],
            [
                256.127,
                269.317
            ],
            [
                284.298,
                330.69100000000003
            ],
            [
                365.772,
                372.909
            ],
            [
                375.278,
                390.918
            ],
            [
                398.339,
                410.533
            ],
            [
                418.181,
                423.63
            ],
            [
                438.985,
                445.24399999999997
            ],
            [
                927.744,
                933.542
            ],
            [
                1128.975,
                1136.3380000000002
            ],
            [
                1242.305,
                1247.903
            ],
            [
                1450.28,
                1456.471
            ],
            [
                1492.423,
                1502.57
            ],
            [
                1612.006,
                1617.516
            ],
            [
                1858.849,
                1869.2050000000002
            ],
            [
                1883.856,
                1889.622
            ]
        ]
    },
    "C": {
        "duration": 75.99900000000002,
        "intervals": [
            [
                524.792,
                600.791
            ]
        ]
    },
    "D": {
        "duration": 214.36700000000008,
        "intervals": [
            [
                668.987,
                685.01
            ],
            [
                686.983,
                768.339
            ],
            [
                772.637,
                781.971
            ],
            [
                816.249,
                838.523
            ],
            [
                841.295,
                887.4269999999999
            ],
            [
                899.505,
                907.1619999999999
            ],
            [
                910.356,
                922.5999999999999
            ],
            [
                974.207,
                988.529
            ],
            [
                1853.823,
                1858.8480000000002
            ]
        ]
    },
    "E": {
        "duration": 83.11400000000026,
        "intervals": [
            [
                1027.995,
                1111.1090000000002
            ]
        ]
    },
    "F": {
        "duration": 126.38299999999958,
        "intervals": [
            [
                1139.854,
                1195.5649999999998
            ],
            [
                1208.824,
                1242.162
            ],
            [
                1504.211,
                1519.241
            ],
            [
                1535.433,
                1546.4279999999999
            ],
            [
                1550.195,
                1561.504
            ]
        ]
    },
    "G": {
        "duration": 274.2469999999993,
        "intervals": [
            [
                341.911,
                348.344
            ],
            [
                430.775,
                438.35699999999997
            ],
            [
                454.213,
                459.94500000000005
            ],
            [
                463.794,
                469.287
            ],
            [
                501.593,
                508.753
            ],
            [
                601.823,
                617.1139999999999
            ],
            [
                618.943,
                636.732
            ],
            [
                641.849,
                659.866
            ],
            [
                784.006,
                798.009
            ],
            [
                798.392,
                808.045
            ],
            [
                887.428,
                895.725
            ],
            [
                939.787,
                947.089
            ],
            [
                955.495,
                960.765
            ],
            [
                989.984,
                998.9449999999999
            ],
            [
                1008.599,
                1017.8219999999999
            ],
            [
                1113.882,
                1119.684
            ],
            [
                1257.263,
                1269.7440000000001
            ],
            [
                1425.565,
                1434.689
            ],
            [
                1443.688,
                1450.279
            ],
            [
                1461.392,
                1492.222
            ],
            [
                1525.996,
                1535.433
            ],
            [
                1584.834,
                1590.28
            ],
            [
                1594.048,
                1601.0159999999998
            ],
            [
                1606.122,
                1611.736
            ],
            [
                1710.97,
                1719.192
            ],
            [
                1721.844,
                1729.642
            ],
            [
                1744.482,
                1764.21
            ]
        ]
    },
    "H": {
        "duration": 184.79700000000003,
        "intervals": [
            [
                1280.843,
                1381.5900000000001
            ],
            [
                1382.675,
                1397.556
            ],
            [
                1404.791,
                1420.3619999999999
            ],
            [
                1435.141,
                1443.27
            ],
            [
                1798.462,
                1843.931
            ]
        ]
    }
}