{
    "A": {
        "duration": 59.213999999999984,
        "intervals": [
            [
                1.958,
                2.356
            ],
            [
                4.754,
                6.589
            ],
            [
                36.192,
                41.936
            ],
            [
                45.635,
                56.81
            ],
            [
                68.811,
                75.592
            ],
            [
                85.328,
                90.298
            ],
            [
                102.053,
                104.41
            ],
            [
                113.419,
                117.99
            ],
            [
                121.724,
                143.107
            ]
        ]
    },
    "B": {
        "duration": 215.4650000000002,
        "intervals": [
            [
                14.585,
                16.067
            ],
            [
                19.302,
                20.791999999999998
            ],
            [
                23.424,
                30.799999999999997
            ],
            [
                160.691,
                196.20100000000002
            ],
            [
                362.175,
                362.966
            ],
            [
                374.1,
                376.416
            ],
            [
                532.013,
                542.14
            ],
            [
                585.546,
                586.673
            ],
            [
                661.39,
                666.042
            ],
            [
                681.197,
                682.154
            ],
            [
                685.0,
                685.606
            ],
            [
                693.625,
                693.666
            ],
            [
                748.545,
                751.61
            ],
            [
                965.672,
                974.879
            ],
            [
                983.21,
                988.823
            ],
            [
                1146.277,
                1163.112
            ],
            [
                1168.994,
                1174.649
            ],
            [
                1178.297,
                1179.5
            ],
            [
                1184.493,
                1185.0819999999999
            ],
            [
                1243.294,
                1245.7040000000002
            ],
            [
                1247.479,
                1248.929
            ],
            [
                1251.145,
                1266.648
            ],
            [
                1275.527,
                1285.5910000000001
            ],
            [
                1389.901,
                1392.4460000000001
            ],
            [
                1398.809,
                1460.656
            ],
            [
                1615.054,
                1615.9940000000001
            ],
            [
                1629.958,
                1633.873
            ],
            [
                1694.029,
                1698.039
            ],
            [
                1702.47,
                1706.6090000000002
            ]
        ]
    },
    "C": {
        "duration": 472.83799999999985,
        "intervals": [
            [
                9.381,
                14.585
            ],
            [
                16.392,
                18.847
            ],
            [
                20.792,
                22.763
            ],
            [
                157.928,
                160.287
            ],
            [
                338.452,
                361.79799999999994
            ],
            [
                363.449,
                374.1
            ],
            [
                376.81,
                407.00600000000003
            ],
            [
                504.527,
                507.04499999999996
            ],
            [
                515.931,
                532.0129999999999
            ],
            [
                543.593,
                559.202
            ],
            [
                573.563,
                584.9689999999999
            ],
            [
                587.657,
                592.267
            ],
            [
                596.244,
                598.666
            ],
            [
                602.917,
                635.715
            ],
            [
                637.46,
                642.298
            ],
            [
                658.927,
                661.0550000000001
            ],
            [
                666.043,
                681.1969999999999
            ],
            [
                685.606,
                692.926
            ],
            [
                693.665,
                729.346
            ],
            [
                731.185,
                748.544
            ],
            [
                751.609,
                786.106
            ],
            [
                788.478,
                791.318
            ],
            [
                797.848,
                806.4799999999999
            ],
            [
                962.601,
                965.672
            ],
            [
                974.879,
                982.9419999999999
            ],
            [
                989.302,
                1020.371
            ],
            [
                1062.347,
                1066.1779999999999
            ],
            [
                1132.552,
                1145.897
            ],
            [
                1163.113,
                1168.9940000000001
            ],
            [
                1174.649,
                1177.717
            ],
            [
                1179.866,
                1184.4940000000001
            ],
            [
                1200.425,
                1203.812
            ],
            [
                1208.483,
                1220.5929999999998
            ],
            [
                1227.428,
                1243.0710000000001
            ],
            [
                1245.989,
                1247.479
            ],
            [
                1249.412,
                1251.145
            ],
            [
                1267.763,
                1275.5269999999998
            ],
            [
                1365.287,
                1367.5140000000001
            ],
            [
                1392.446,
                1398.81
            ],
            [
                1461.959,
                1461.988
            ],
            [
                1468.721,
                1472.97
            ],
            [
                1615.994,
                1629.9579999999999
            ],
            [
                1636.509,
                1640.151
            ],
            [
                1840.632,
                1877.836
            ]
        ]
    },
    "D": {
        "duration": 268.4159999999998,