{
    "A": {
        "duration": 353.1329999999999,
        "intervals": [
            [
                0.034,
                28.049000000000003
            ],
            [
                30.738,
                87.88
            ],
            [
                95.506,
                99.559
            ],
            [
                101.969,
                106.955
            ],
            [
                115.147,
                115.783
            ],
            [
                118.123,
                130.031
            ],
            [
                132.393,
                160.925
            ],
            [
                162.918,
                173.948
            ],
            [
                176.626,
                209.161
            ],
            [
                213.865,
                229.696
            ],
            [
                234.488,
                285.238
            ],
            [
                288.39,
                290.771
            ],
            [
                292.435,
                297.633
            ],
            [
                349.731,
                352.331
            ],
            [
                354.611,
                358.027
            ],
            [
                361.383,
                365.609
            ],
            [
                371.91,
                375.471
            ],
            [
                377.833,
                378.624
            ],
            [
                466.381,
                466.39099999999996
            ],
            [
                470.74,
                470.897
            ],
            [
                473.669,
                482.54699999999997
            ],
            [
                483.808,
                488.01
            ],
            [
                518.819,
                522.059
            ],
            [
                567.41,
                568.483
            ],
            [
                572.002,
                573.3249999999999
            ],
            [
                654.887,
                662.173
            ],
            [
                669.252,
                690.932
            ],
            [
                692.229,
                692.3290000000001
            ],
            [
                804.858,
                807.084
            ],
            [
                857.164,
                862.832
            ],
            [
                877.51,
                880.266
            ],
            [
                921.804,
                929.352
            ],
            [
                935.253,
                945.938
            ],
            [
                949.629,
                958.3389999999999
            ]
        ]
    },
    "B": {
        "duration": 69.33800000000014,
        "intervals": [
            [
                89.897,
                94.992
            ],
            [
                99.559,
                101.145
            ],
            [
                107.381,
                114.627
            ],
            [
                233.337,
                233.845
            ],
            [
                299.207,
                349.33500000000004
            ],
            [
                358.027,
                361.056
            ],
            [
                666.357,
                667.567
            ],
            [
                692.611,
                693.147
            ]
        ]
    },
    "C": {
        "duration": 185.18700000000004,
        "intervals": [
            [
                29.018,
                30.022000000000002
            ],
            [
                116.071,
                118.123
            ],
            [
                130.636,
                131.605
            ],
            [
                161.487,
                162.208
            ],
            [
                174.661,
                175.496
            ],
            [
                211.11,
                212.74200000000002
            ],
            [
                230.783,
                232.22199999999998
            ],
            [
                285.537,
                287.93699999999995
            ],
            [
                291.048,
                292.209
            ],
            [
                352.331,
                354.27500000000003
            ],
            [
                365.609,
                370.99399999999997
            ],
            [
                375.47,
                377.584
            ],
            [
                380.091,
                381.485
            ],
            [
                391.365,
                395.026
            ],
            [
                431.855,
                433.119
            ],
            [
                437.565,
                440.675
            ],
            [
                446.202,
                466.052
            ],
            [
                466.391,
                470.176
            ],
            [
                470.897,
                473.67
            ],
            [
                482.547,
                483.54900000000004
            ],
            [
                488.01,
                518.818
            ],
            [
                524.05,
                532.3539999999999
            ],
            [
                532.923,
                567.41
            ],
            [
                569.02,
                571.677
            ],
            [
                664.546,
                665.8960000000001
            ],
            [
                690.932,
                692.0169999999999
            ],
            [
                794.173,
                795.253
            ],
            [
                798.385,
                804.499
            ],
            [
                862.832,
                872.193
            ],
            [
                880.266,
                894.308
            ],
            [
                899.21,
                903.029
            ],
            [
                915.862,
                921.804
            ],
            [
                929.873,
                935.253
            ],
            [
                959.337,
                961.6
            ]
        ]
    },
    "D": {
        "duration": 134.73899999999998,
        "intervals": [
            [
                381.485,
                391.019
            ],
            [
                395.464,
                431.855
            ],
            [
                433.522,
                437.30899999999997
            ],
            [
                441.533,
                442.593
            ],
            [
                532.562,
                532.923
            ],
            [
                573.325,
                654.8870000000001
            ],
            [
                662.502,
                664.5459999999999
            ]
        ]
    },
    "E": {
        "duration": 178.95999999999992,
        "intervals": [
            [
                442.592,
                445.722
            ],
            [
                522.57,
                524.0500000000001
            ],
            [
                695.716,
                793.723
            ],
            [
                795.253,
                798.385
            ],
            [
                807.992,
                855.2410000000001
            ],
            [
                872.193,
                877.51
            ],
            [
                894.77,
                899.2099999999999
            ],
            [
                903.029,
                915.722
            ],
            [
                945.938,
                949.4499999999999
            ]
        ]
    }
}