{
    "A": {
        "duration": 255.9110000000002,
        "intervals": [
            [
                56.648,
                60.30800000000001
            ],
            [
                63.86,
                64.719
            ],
            [
                113.476,
                117.398
            ],
            [
                209.12,
                268.19100000000003
            ],
            [
                269.273,
                272.49600000000004
            ],
            [
                276.227,
                312.967
            ],
            [
                314.889,
                317.591
            ],
            [
                318.003,
                321.739
            ],
            [
                322.658,
                330.102
            ],
            [
                330.487,
                332.75300000000004
            ],
            [
                333.131,
                334.78099999999995
            ],
            [
                337.223,
                339.444
            ],
            [
                453.548,
                454.113
            ],
            [
                456.356,
                465.949
            ],
            [
                468.809,
                482.231
            ],
            [
                484.939,
                485.60900000000004
            ],
            [
                486.268,
                488.001
            ],
            [
                668.912,
                673.346
            ],
            [
                677.219,
                678.422
            ],
            [
                759.692,
                778.272
            ],
            [
                781.576,
                785.633
            ],
            [
                788.179,
                793.793
            ],
            [
                797.437,
                810.4200000000001
            ],
            [
                816.139,
                816.917
            ],
            [
                819.593,
                822.437
            ],
            [
                987.284,
                988.16
            ],
            [
                996.867,
                997.481
            ],
            [
                1407.797,
                1407.809
            ],
            [
                1443.99,
                1445.065
            ],
            [
                1451.393,
                1454.391
            ],
            [
                1456.704,
                1459.222
            ],
            [
                1566.797,
                1583.288
            ],
            [
                1587.259,
                1589.644
            ],
            [
                1592.247,
                1595.94
            ],
            [
                1598.986,
                1600.169
            ],
            [
                1602.192,
                1604.009
            ],
            [
                1612.953,
                1620.233
            ],
            [
                1620.793,
                1631.792
            ]
        ]
    },
    "B": {
        "duration": 239.39099999999996,
        "intervals": [
            [
                0.056,
                36.718
            ],
            [
                81.449,
                98.908
            ],
            [
                100.683,
                112.87599999999999
            ],
            [
                119.078,
                120.21000000000001
            ],
            [
                122.276,
                124.703
            ],
            [
                130.01,
                135.543
            ],
            [
                137.827,
                139.626
            ],
            [
                142.712,
                144.41
            ],
            [
                148.883,
                156.369
            ],
            [
                165.36,
                171.99200000000002
            ],
            [
                174.302,
                175.676
            ],
            [
                179.029,
                194.609
            ],
            [
                333.055,
                333.13100000000003
            ],
            [
                379.607,
                383.85400000000004
            ],
            [
                387.793,
                397.277
            ],
            [
                400.41,
                444.28900000000004
            ],
            [
                448.937,
                448.956
            ],
            [
                527.713,
                532.269
            ],
            [
                553.422,
                553.432
            ],
            [
                582.112,
                589.861
            ],
            [
                596.609,
                611.258
            ],
            [
                621.886,
                649.792
            ],
            [
                751.243,
                753.192
            ],
            [
                875.924,
                877.249
            ],
            [
                994.056,
                994.0640000000001
            ],
            [
                1135.765,
                1137.365
            ],
            [
                1270.114,
                1271.575
            ],
            [
                1283.592,
                1286.41
            ],
            [
                1322.823,
                1324.595
            ],
            [
                1407.809,
                1411.23
            ],
            [
                1644.928,
                1645.537
            ],
            [
                1669.484,
                1671.3619999999999
            ]
        ]
    },
    "C": {
        "duration": 132.54399999999995,
        "intervals": [
            [
                37.113,
                50.429
            ],
            [
                273.019,
                275.938
            ],
            [
                488.001,
                522.405
            ],
            [
                537.918,
                553.232
            ],
            [
                570.338,
                574.602
            ],
            [
                578.706,
                581.821
            ],
            [
                971.031,
                975.1469999999999
            ],
            [
                990.765,
                991.393
            ],
            [
                1003.853,
                1021.235
            ],
            [
                1023.513,
                1026.993
            ],
            [
                1031.179,
                1043.0220000000002
            ],
            [
                1257.593,
                1269.781
            ],
            [
                1271.793,
                1278.192
            ],
            [
                1607.708,
                1610.884
            ]
        ]
    },
    "D": {
        "duration": 176.22699999999986,
        "intervals": [
            [
                78.578,
                78.824
            ],
            [
                98.908,
                100.255
            ],
            [
                171.992,
                174.04899999999998
            ],
            [
                681.526,
                750.318
            ],
            [
                1461.065,
                1464.21
            ],
            [
                1465.611,
                1566.251
            ]
        ]
    },
    "E": {
        "duration": 496.6739999999995,