{
    "A": {
        "duration": 256.8389999999998,
        "intervals": [
            [
                0.084,
                2.052
            ],
            [
                19.28,
                20.868000000000002
            ],
            [
                148.348,
                152.95700000000002
            ],
            [
                194.851,
                198.486
            ],
            [
                210.173,
                213.858
            ],
            [
                225.604,
                230.81300000000002
            ],
            [
                241.245,
                242.374
            ],
            [
                248.248,
                258.97999999999996
            ],
            [
                260.506,
                265.55699999999996
            ],
            [
                278.87,
                281.914
            ],
            [
                288.696,
                350.35400000000004
            ],
            [
                408.387,
                408.682
            ],
            [
                416.107,
                419.393
            ],
            [
                586.535,
                591.2389999999999
            ],
            [
                595.694,
                599.601
            ],
            [
                601.828,
                631.947
            ],
            [
                657.315,
                670.93
            ],
            [
                676.947,
                677.048
            ],
            [
                693.849,
                695.2750000000001
            ],
            [
                840.589,
                840.614
            ],
            [
                875.804,
                877.942
            ],
            [
                878.965,
                883.898
            ],
            [
                961.421,
                968.296
            ],
            [
                1001.896,
                1040.931
            ],
            [
                1267.763,
                1267.7949999999998
            ],
            [
                1270.591,
                1277.955
            ],
            [
                1304.706,
                1307.868
            ],
            [
                1340.418,
                1344.114
            ],
            [
                1352.541,
                1365.9299999999998
            ],
            [
                1397.336,
                1410.331
            ],
            [
                1429.409,
                1432.843
            ]
        ]
    },
    "B": {
        "duration": 315.22799999999984,
        "intervals": [
            [
                20.868,
                82.721
            ],
            [
                83.67,
                148.34799999999998
            ],
            [
                153.422,
                157.59199999999998
            ],
            [
                160.186,
                194.617
            ],
            [
                198.485,
                209.886
            ],
            [
                214.253,
                222.422
            ],
            [
                231.383,
                240.886
            ],
            [
                242.374,
                247.89
            ],
            [
                259.44,
                260.507
            ],
            [
                266.031,
                278.342
            ],
            [
                281.914,
                287.76800000000003
            ],
            [
                350.354,
                357.597
            ],
            [
                360.349,
                363.238
            ],
            [
                404.374,
                406.73
            ],
            [
                471.869,
                488.843
            ],
            [
                584.666,
                586.535
            ],
            [
                594.278,
                595.307
            ],
            [
                599.601,
                601.489
            ],
            [
                671.156,
                676.947
            ],
            [
                677.352,
                693.544
            ],
            [
                832.062,
                840.289
            ],
            [
                840.615,
                845.008
            ],
            [
                968.296,
                980.89
            ],
            [
                993.688,
                997.055
            ],
            [
                1040.931,
                1047.3429999999998
            ],
            [
                1267.795,
                1270.5910000000001
            ],
            [
                1278.337,
                1280.592
            ]
        ]
    },
    "C": {
        "duration": 154.1420000000004,
        "intervals": [
            [
                83.028,
                83.66900000000001
            ],
            [
                357.596,
                359.937
            ],
            [
                419.393,
                471.869
            ],
            [
                631.947,
                657.315
            ],
            [
                1296.28,
                1304.7060000000001
            ],
            [
                1307.868,
                1340.214
            ],
            [
                1344.114,
                1352.5420000000001
            ],
            [
                1410.332,
                1429.409
            ],
            [
                1432.843,
                1437.882
            ]
        ]
    },
    "D": {
        "duration": 100.64599999999993,
        "intervals": [
            [
                224.362,
                225.094
            ],
            [
                407.042,
                407.79299999999995
            ],
            [
                489.643,
                584.251
            ],
            [
                997.054,
                1001.6089999999999
            ]
        ]
    },
    "E": {
        "duration": 30.798000000000116,
        "intervals": [
            [
                696.055,
                711.55
            ],
            [
                754.881,
                758.602
            ],
            [
                769.627,
                781.2090000000001
            ]
        ]
    },
    "F": {
        "duration": 134.28199999999978,
        "intervals": [
            [
                157.592,
                159.82600000000002
            ],
            [
                364.281,
                404.028
            ],
            [
                409.015,
                411.61100000000005
            ],
            [
                414.568,
                415.467
            ],
            [
                591.239,
                593.991
            ],
            [
                734.873,
                737.711
            ],
            [
                781.964,
                831.906
            ],
            [
                927.6,
                928.214
            ],
            [
                980.89,
                985.3969999999999
            ],
            [
                988.497,
                990.3789999999999
            ],
            [
                1280.591,
                1296.28
            ],
            [
                1384.314,
                1386.5330000000001
            ],
            [
                1388.316,
                1394.3349999999998
            ],
            [
                1394.992,
                1397.336
            ]
        ]
    },
    "G": {
        "duration": 103.92899999999997,