{
    "A": {
        "duration": 119.49900000000018,
        "intervals": [
            [
                118.722,
                119.024
            ],
            [
                461.285,
                463.57500000000005
            ],
            [
                477.287,
                478.731
            ],
            [
                487.281,
                489.79200000000003
            ],
            [
                537.405,
                539.472
            ],
            [
                550.955,
                583.097
            ],
            [
                603.946,
                607.152
            ],
            [
                610.691,
                616.44
            ],
            [
                623.843,
                650.076
            ],
            [
                665.351,
                673.859
            ],
            [
                702.754,
                704.6790000000001
            ],
            [
                796.228,
                798.251
            ],
            [
                960.073,
                980.2669999999999
            ],
            [
                1217.101,
                1220.5710000000001
            ],
            [
                1258.35,
                1260.918
            ],
            [
                1264.211,
                1269.078
            ]
        ]
    },
    "B": {
        "duration": 38.42700000000002,
        "intervals": [
            [
                674.254,
                702.157
            ],
            [
                980.267,
                990.791
            ]
        ]
    },
    "C": {
        "duration": 243.16900000000004,
        "intervals": [
            [
                148.684,
                190.595
            ],
            [
                275.457,
                315.786
            ],
            [
                357.056,
                361.27099999999996
            ],
            [
                364.662,
                386.46099999999996
            ],
            [
                388.154,
                392.363
            ],
            [
                473.872,
                476.992
            ],
            [
                478.988,
                481.296
            ],
            [
                495.609,
                520.761
            ],
            [
                802.632,
                837.994
            ],
            [
                840.383,
                843.6080000000001
            ],
            [
                848.033,
                887.062
            ],
            [
                888.211,
                903.392
            ],
            [
                910.776,
                916.0999999999999
            ],
            [
                949.787,
                951.792
            ]
        ]
    },
    "D": {
        "duration": 151.7819999999998,
        "intervals": [
            [
                361.272,
                364.662
            ],
            [
                386.77,
                387.94399999999996
            ],
            [
                392.362,
                429.27299999999997
            ],
            [
                447.851,
                461.074
            ],
            [
                464.103,
                473.067
            ],
            [
                481.297,
                486.994
            ],
            [
                489.792,
                495.609
            ],
            [
                520.761,
                537.405
            ],
            [
                650.246,
                665.351
            ],
            [
                744.977,
                748.217
            ],
            [
                837.994,
                840.167
            ],
            [
                843.855,
                848.033
            ],
            [
                887.399,
                887.845
            ],
            [
                906.947,
                910.776
            ],
            [
                926.623,
                949.333
            ],
            [
                951.792,
                960.073
            ]
        ]
    },
    "E": {
        "duration": 93.70199999999988,
        "intervals": [
            [
                903.391,
                906.947
            ],
            [
                1002.245,
                1092.3909999999998
            ]
        ]
    },
    "F": {
        "duration": 483.952,
        "intervals": [
            [
                3.848,
                118.122
            ],
            [
                119.33,
                148.26600000000002
            ],
            [
                190.76,
                274.912
            ],
            [
                315.785,
                357.057
            ],
            [
                429.273,
                447.582
            ],
            [
                539.912,
                550.6850000000001
            ],
            [
                583.391,
                603.946
            ],
            [
                607.473,
                610.692
            ],
            [
                616.847,
                623.843
            ],
            [
                704.68,
                744.674
            ],
            [
                748.624,
                795.9100000000001
            ],
            [
                798.252,
                802.2139999999999
            ],
            [
                916.1,
                926.3449999999999
            ],
            [
                991.02,
                1002.245
            ],
            [
                1095.255,
                1138.009
            ]
        ]
    },
    "G": {
        "duration": 132.07299999999992,
        "intervals": [
            [
                0.611,
                2.9400000000000004
            ],
            [
                477.173,
                477.288
            ],
            [
                1092.391,
                1095.255
            ],
            [
                1138.01,
                1217.1009999999999
            ],
            [
                1221.166,
                1257.56
            ],
            [
                1260.919,
                1264.211
            ],
            [
                1269.078,
                1277.066
            ]
        ]
    }
}