{
    "A": {
        "duration": 60.44700000000002,
        "intervals": [
            [
                18.374,
                27.762
            ],
            [
                55.25,
                89.614
            ],
            [
                108.999,
                125.694
            ]
        ]
    },
    "B": {
        "duration": 59.464000000000055,
        "intervals": [
            [
                430.01,
                431.23699999999997
            ],
            [
                441.879,
                443.261
            ],
            [
                449.508,
                461.165
            ],
            [
                486.371,
                488.34
            ],
            [
                492.143,
                502.78400000000005
            ],
            [
                1500.868,
                1501.752
            ],
            [
                1504.811,
                1527.473
            ],
            [
                1565.015,
                1568.4850000000001
            ],
            [
                1570.3,
                1575.8719999999998
            ]
        ]
    },
    "C": {
        "duration": 606.2740000000003,
        "intervals": [
            [
                0.044,
                16.965
            ],
            [
                90.293,
                92.414
            ],
            [
                99.505,
                102.191
            ],
            [
                130.756,
                162.19
            ],
            [
                165.48,
                168.31300000000002
            ],
            [
                169.958,
                178.222
            ],
            [
                181.035,
                188.796
            ],
            [
                192.264,
                193.523
            ],
            [
                195.684,
                198.311
            ],
            [
                204.058,
                206.712
            ],
            [
                208.663,
                209.40900000000002
            ],
            [
                210.392,
                235.80499999999998
            ],
            [
                240.734,
                245.563
            ],
            [
                254.489,
                258.642
            ],
            [
                259.846,
                263.019
            ],
            [
                273.549,
                275.096
            ],
            [
                280.592,
                283.08099999999996
            ],
            [
                285.869,
                289.47
            ],
            [
                292.715,
                305.8
            ],
            [
                313.455,
                314.77099999999996
            ],
            [
                368.766,
                372.052
            ],
            [
                373.81,
                404.164
            ],
            [
                407.769,
                407.793
            ],
            [
                412.928,
                419.555
            ],
            [
                421.948,
                428.524
            ],
            [
                444.862,
                449.158
            ],
            [
                461.165,
                484.52000000000004
            ],
            [
                489.343,
                491.204
            ],
            [
                504.151,
                507.97799999999995
            ],
            [
                510.504,
                528.8910000000001
            ],
            [
                564.541,
                572.1220000000001
            ],
            [
                572.395,
                580.552
            ],
            [
                581.88,
                589.043
            ],
            [
                595.743,
                600.3670000000001
            ],
            [
                607.421,
                611.677
            ],
            [
                626.397,
                655.347
            ],
            [
                731.865,
                739.503
            ],
            [
                749.728,
                755.617
            ],
            [
                758.491,
                783.005
            ],
            [
                785.638,
                786.4770000000001
            ],
            [
                789.323,
                792.124
            ],
            [
                795.666,
                802.4860000000001
            ],
            [
                816.11,
                817.561
            ],
            [
                821.834,
                825.7869999999999
            ],
            [
                839.406,
                845.335
            ],
            [
                849.202,
                856.568
            ],
            [
                865.554,
                867.39
            ],
            [
                869.756,
                872.4879999999999
            ],
            [
                988.239,
                997.876
            ],
            [
                1007.792,
                1009.522
            ],
            [
                1014.981,
                1016.802
            ],
            [
                1019.653,
                1021.238
            ],
            [
                1028.41,
                1032.1280000000002
            ],
            [
                1038.069,
                1042.7259999999999
            ],
            [
                1050.747,
                1055.8629999999998
            ],
            [
                1128.279,
                1148.868
            ],
            [
                1155.484,
                1156.024
            ],
            [
                1159.783,
                1161.6019999999999
            ],
            [
                1164.836,
                1166.907
            ],
            [
                1173.943,
                1180.0330000000001
            ],
            [
                1245.011,
                1275.172
            ],
            [
                1278.46,
                1280.2450000000001
            ],
            [
                1285.406,
                1289.424
            ],
            [
                1290.688,
                1309.095
            ],
            [
                1310.983,
                1312.4840000000002
            ],
            [
                1316.547,
                1320.992
            ],
            [
                1322.193,
                1328.172
            ],
            [
                1330.516,
                1331.8290000000002
            ],
            [
                1357.197,
                1363.456
            ],
            [
                1382.241,
                1386.026
            ],
            [
                1409.039,
                1450.366
            ],
            [
                1472.116,
                1484.455
            ],
            [
                1494.384,
                1499.12
            ],
            [
                1501.752,
                1503.4850000000001
            ],
            [
                1527.473,
                1530.191
            ],
            [
                1535.009,
                1553.435
            ],
            [
                1555.929,
                1563.395
            ],
            [
                1568.484,
                1569.864
            ],
            [
                1575.872,
                1584.991
            ]
        ]
    },
    "D": {
        "duration": 51.90700000000004,