{
    "A": {
        "duration": 88.38299999999998,
        "intervals": [
            [
                161.428,
                186.79299999999998
            ],
            [
                214.957,
                218.006
            ],
            [
                258.815,
                266.991
            ],
            [
                280.753,
                309.01500000000004
            ],
            [
                699.278,
                703.191
            ],
            [
                1154.498,
                1156.3690000000001
            ],
            [
                1220.692,
                1230.144
            ],
            [
                1264.989,
                1273.2839999999999
            ]
        ]
    },
    "B": {
        "duration": 46.43299999999999,
        "intervals": [
            [
                472.608,
                511.71599999999995
            ],
            [
                769.792,
                777.1170000000001
            ]
        ]
    },
    "C": {
        "duration": 120.38200000000006,
        "intervals": [
            [
                415.64,
                468.246
            ],
            [
                511.716,
                548.2790000000001
            ],
            [
                757.034,
                765.9549999999999
            ],
            [
                777.117,
                799.409
            ]
        ]
    },
    "D": {
        "duration": 145.83899999999997,
        "intervals": [
            [
                218.006,
                258.483
            ],
            [
                357.517,
                384.75899999999996
            ],
            [
                567.316,
                605.38
            ],
            [
                1180.472,
                1220.528
            ]
        ]
    },
    "E": {
        "duration": 157.43299999999994,
        "intervals": [
            [
                5.611,
                7.103
            ],
            [
                186.793,
                214.72
            ],
            [
                385.047,
                407.80899999999997
            ],
            [
                412.104,
                415.639
            ],
            [
                605.381,
                670.466
            ],
            [
                703.191,
                716.256
            ],
            [
                1156.906,
                1180.473
            ]
        ]
    },
    "F": {
        "duration": 92.71200000000022,
        "intervals": [
            [
                267.214,
                280.589
            ],
            [
                309.817,
                327.05600000000004
            ],
            [
                670.729,
                698.777
            ],
            [
                1230.144,
                1264.1940000000002
            ]
        ]
    },
    "G": {
        "duration": 175.1920000000005,
        "intervals": [
            [
                8.031,
                8.046000000000001
            ],
            [
                35.8,
                38.409
            ],
            [
                59.618,
                60.715
            ],
            [
                77.045,
                79.438
            ],
            [
                84.237,
                84.30399999999999
            ],
            [
                104.703,
                107.59
            ],
            [
                123.231,
                124.72099999999999
            ],
            [
                128.107,
                131.34599999999998
            ],
            [
                141.148,
                144.275
            ],
            [
                151.068,
                157.11800000000002
            ],
            [
                157.667,
                160.851
            ],
            [
                328.477,
                330.416
            ],
            [
                336.471,
                349.016
            ],
            [
                350.009,
                357.076
            ],
            [
                407.81,
                411.806
            ],
            [
                468.246,
                472.38399999999996
            ],
            [
                550.586,
                553.2570000000001
            ],
            [
                555.746,
                561.144
            ],
            [
                716.256,
                732.42
            ],
            [
                735.257,
                757.035
            ],
            [
                765.955,
                769.792
            ],
            [
                799.409,
                801.094
            ],
            [
                808.469,
                815.917
            ],
            [
                817.179,
                823.817
            ],
            [
                824.16,
                831.544
            ],
            [
                906.79,
                910.484
            ],
            [
                915.467,
                915.955
            ],
            [
                921.382,
                930.0169999999999
            ],
            [
                989.231,
                996.31
            ],
            [
                1019.771,
                1028.8129999999999
            ],
            [
                1044.627,
                1048.4759999999999
            ],
            [
                1084.004,
                1094.7150000000001
            ],
            [
                1146.312,
                1148.394
            ],
            [
                1150.558,
                1151.324
            ]
        ]
    },
    "H": {
        "duration": 172.15200000000016,