{
    "A": {
        "duration": 137.50799999999992,
        "intervals": [
            [
                338.059,
                395.926
            ],
            [
                401.426,
                411.426
            ],
            [
                417.704,
                433.661
            ],
            [
                434.95,
                441.592
            ],
            [
                466.707,
                479.557
            ],
            [
                508.618,
                513.423
            ],
            [
                1341.827,
                1371.214
            ]
        ]
    },
    "B": {
        "duration": 264.08400000000006,
        "intervals": [
            [
                7.148,
                8.422
            ],
            [
                14.766,
                14.992
            ],
            [
                212.429,
                214.775
            ],
            [
                217.927,
                220.199
            ],
            [
                223.109,
                225.239
            ],
            [
                230.551,
                234.54
            ],
            [
                236.881,
                267.56
            ],
            [
                317.728,
                318.216
            ],
            [
                497.495,
                506.459
            ],
            [
                533.662,
                550.436
            ],
            [
                555.684,
                612.652
            ],
            [
                620.35,
                623.084
            ],
            [
                634.974,
                655.66
            ],
            [
                659.465,
                695.6110000000001
            ],
            [
                767.261,
                769.0559999999999
            ],
            [
                775.71,
                781.034
            ],
            [
                784.608,
                791.663
            ],
            [
                794.846,
                801.462
            ],
            [
                858.646,
                884.341
            ],
            [
                888.764,
                920.687
            ]
        ]
    },
    "C": {
        "duration": 65.269,
        "intervals": [
            [
                732.655,
                766.991
            ],
            [
                803.874,
                816.07
            ],
            [
                816.937,
                824.222
            ],
            [
                825.301,
                831.719
            ],
            [
                843.21,
                848.244
            ]
        ]
    },
    "D": {
        "duration": 190.72599999999966,
        "intervals": [
            [
                0.069,
                7.149
            ],
            [
                8.939,
                12.991000000000001
            ],
            [
                234.814,
                236.545
            ],
            [
                292.464,
                299.221
            ],
            [
                311.592,
                312.78
            ],
            [
                315.019,
                317.29
            ],
            [
                396.26,
                401.425
            ],
            [
                415.326,
                417.327
            ],
            [
                485.023,
                487.139
            ],
            [
                791.664,
                794.533
            ],
            [
                839.273,
                843.21
            ],
            [
                966.818,
                1019.825
            ],
            [
                1022.353,
                1036.899
            ],
            [
                1039.843,
                1059.809
            ],
            [
                1090.419,
                1099.094
            ],
            [
                1100.351,
                1113.2890000000002
            ],
            [
                1131.106,
                1141.7640000000001
            ],
            [
                1148.074,
                1153.9759999999999
            ],
            [
                1256.479,
                1266.73
            ],
            [
                1267.699,
                1270.915
            ],
            [
                1287.443,
                1288.6779999999999
            ],
            [
                1290.548,
                1293.04
            ],
            [
                1299.5,
                1308.173
            ]
        ]
    },
    "E": {
        "duration": 92.05599999999998,
        "intervals": [
            [
                220.199,
                222.36200000000002
            ],
            [
                225.526,
                226.90300000000002
            ],
            [
                300.345,
                300.629
            ],
            [
                612.652,
                614.238
            ],
            [
                1162.497,
                1249.143
            ]
        ]
    },
    "F": {
        "duration": 276.27100000000013,