{
    "A": {
        "duration": 163.44799999999998,
        "intervals": [
            [
                100.492,
                101.105
            ],
            [
                116.716,
                278.932
            ],
            [
                308.011,
                308.61
            ],
            [
                577.179,
                577.199
            ]
        ]
    },
    "B": {
        "duration": 82.97600000000006,
        "intervals": [
            [
                301.74,
                303.944
            ],
            [
                308.61,
                369.65500000000003
            ],
            [
                370.592,
                390.319
            ]
        ]
    },
    "C": {
        "duration": 149.15099999999995,
        "intervals": [
            [
                369.655,
                370.323
            ],
            [
                415.977,
                536.4159999999999
            ],
            [
                585.566,
                613.61
            ]
        ]
    },
    "D": {
        "duration": 259.05,
        "intervals": [
            [
                0.103,
                74.317
            ],
            [
                77.412,
                99.89999999999999
            ],
            [
                101.105,
                111.92999999999999
            ],
            [
                279.167,
                299.71700000000004
            ],
            [
                304.126,
                307.049
            ],
            [
                390.319,
                414.516
            ],
            [
                536.416,
                550.833
            ],
            [
                573.191,
                576.284
            ],
            [
                577.199,
                585.566
            ],
            [
                613.757,
                619.198
            ],
            [
                667.243,
                739.778
            ]
        ]
    },
    "E": {
        "duration": 70.467,
        "intervals": [
            [
                76.143,
                77.413
            ],
            [
                550.834,
                572.879
            ],
            [
                576.693,
                576.923
            ],
            [
                620.028,
                666.925
            ],
            [
                741.764,
                741.789
            ]
        ]
    }
}