{
    "A": {
        "duration": 86.85400000000004,
        "intervals": [
            [
                215.286,
                302.14000000000004
            ]
        ]
    },
    "B": {
        "duration": 104.397,
        "intervals": [
            [
                19.835,
                19.838
            ],
            [
                329.867,
                378.3
            ],
            [
                381.21,
                432.603
            ],
            [
                845.196,
                849.764
            ]
        ]
    },
    "C": {
        "duration": 228.98300000000023,
        "intervals": [
            [
                327.869,
                328.19000000000005
            ],
            [
                378.494,
                381.209
            ],
            [
                474.957,
                561.008
            ],
            [
                634.289,
                643.995
            ],
            [
                649.831,
                651.21
            ],
            [
                726.713,
                795.4939999999999
            ],
            [
                817.977,
                818.225
            ],
            [
                829.273,
                834.678
            ],
            [
                925.876,
                926.154
            ],
            [
                934.478,
                940.322
            ],
            [
                944.463,
                954.0409999999999
            ],
            [
                956.971,
                957.676
            ],
            [
                966.468,
                968.65
            ],
            [
                996.184,
                1002.64
            ],
            [
                1005.082,
                1011.523
            ],
            [
                1014.328,
                1014.914
            ],
            [
                1021.653,
                1034.3120000000001
            ],
            [
                1054.298,
                1058.993
            ],
            [
                1067.953,
                1069.4089999999999
            ],
            [
                1080.365,
                1083.862
            ]
        ]
    },
    "D": {
        "duration": 645.5959999999999,
        "intervals": [
            [
                0.194,
                19.134
            ],
            [
                19.838,
                214.79600000000002
            ],
            [
                302.14,
                326.205
            ],
            [
                432.602,
                474.13100000000003
            ],
            [
                561.008,
                633.917
            ],
            [
                644.24,
                649.423
            ],
            [
                652.023,
                724.567
            ],
            [
                796.859,
                817.9770000000001
            ],
            [
                818.589,
                829.273
            ],
            [
                834.678,
                845.196
            ],
            [
                849.764,
                925.6700000000001
            ],
            [
                926.432,
                934.479
            ],
            [
                940.322,
                944.463
            ],
            [
                954.042,
                956.696
            ],
            [
                958.422,
                966.469
            ],
            [
                969.72,
                995.998
            ],
            [
                1002.64,
                1004.5989999999999
            ],
            [
                1011.523,
                1013.938
            ],
            [
                1015.367,
                1020.806
            ],
            [
                1034.313,
                1054.298
            ],
            [
                1058.992,
                1067.681
            ],
            [
                1069.409,
                1078.9969999999998
            ]
        ]
    }
}