{
    "A": {
        "duration": 243.63099999999991,
        "intervals": [
            [
                318.88,
                452.39000000000004
            ],
            [
                1570.053,
                1678.296
            ],
            [
                1841.204,
                1843.0819999999999
            ]
        ]
    },
    "B": {
        "duration": 303.81799999999953,
        "intervals": [
            [
                796.888,
                917.978
            ],
            [
                921.984,
                956.322
            ],
            [
                958.902,
                960.404
            ],
            [
                1008.192,
                1008.684
            ],
            [
                1719.611,
                1840.32
            ],
            [
                1843.742,
                1852.514
            ],
            [
                1855.393,
                1872.308
            ]
        ]
    },
    "C": {
        "duration": 169.1629999999999,
        "intervals": [
            [
                489.193,
                519.367
            ],
            [
                520.106,
                524.723
            ],
            [
                527.114,
                533.095
            ],
            [
                550.778,
                552.153
            ],
            [
                553.495,
                557.3340000000001
            ],
            [
                570.583,
                573.981
            ],
            [
                585.411,
                588.011
            ],
            [
                618.403,
                622.48
            ],
            [
                628.04,
                630.603
            ],
            [
                754.397,
                756.6400000000001
            ],
            [
                1348.545,
                1381.412
            ],
            [
                1382.275,
                1384.356
            ],
            [
                1385.52,
                1385.913
            ],
            [
                1391.393,
                1400.6719999999998
            ],
            [
                1455.011,
                1455.154
            ],
            [
                1938.931,
                1972.795
            ],
            [
                1975.725,
                1976.405
            ],
            [
                1979.802,
                1979.9489999999998
            ],
            [
                1994.362,
                1998.1950000000002
            ],
            [
                2003.592,
                2015.997
            ],
            [
                2016.595,
                2019.3020000000001
            ],
            [
                2168.031,
                2171.3469999999998
            ],
            [
                2177.837,
                2182.199
            ],
            [
                2196.381,
                2196.432
            ],
            [
                2251.275,
                2253.443
            ]
        ]
    },
    "D": {
        "duration": 347.16899999999987,
        "intervals": [
            [
                12.963,
                13.831999999999999
            ],
            [
                17.31,
                25.635
            ],
            [
                35.022,
                39.111000000000004
            ],
            [
                68.415,
                73.471
            ],
            [
                73.791,
                77.396
            ],
            [
                88.842,
                91.883
            ],
            [
                102.308,
                111.52099999999999
            ],
            [
                125.444,
                129.139
            ],
            [
                132.329,
                137.61100000000002
            ],
            [
                143.326,
                148.392
            ],
            [
                150.96,
                160.061
            ],
            [
                174.844,
                178.751
            ],
            [
                182.507,
                185.199
            ],
            [
                185.561,
                188.529
            ],
            [
                189.231,
                196.821
            ],
            [
                201.764,
                218.445
            ],
            [
                224.635,
                226.07299999999998
            ],
            [
                232.502,
                239.127
            ],
            [
                239.581,
                267.31600000000003
            ],
            [
                271.623,
                278.142
            ],
            [
                283.228,
                291.284
            ],
            [
                293.758,
                314.193
            ],
            [
                469.24,
                473.425
            ],
            [
                478.258,
                481.193
            ],
            [
                717.976,
                719.242
            ],
            [
                731.521,
                733.443
            ],
            [
                780.592,
                790.938
            ],
            [
                794.671,
                795.9480000000001
            ],
            [
                960.817,
                967.994
            ],
            [
                975.328,
                979.803
            ],
            [
                1003.393,
                1004.951
            ],
            [
                1147.595,
                1147.83
            ],
            [
                1153.651,
                1156.046
            ],
            [
                1163.05,
                1166.3609999999999
            ],
            [
                1167.554,
                1174.156
            ],
            [
                1328.452,
                1334.984
            ],
            [
                1335.221,
                1345.034
            ],
            [
                1345.856,
                1348.337
            ],
            [
                1512.194,
                1517.5059999999999
            ],
            [
                1519.594,
                1523.651
            ],
            [
                1546.685,
                1549.6789999999999
            ],
            [
                1554.827,
                1557.147
            ],
            [
                1691.688,
                1696.614
            ],
            [
                1709.638,
                1718.7910000000002
            ],
            [
                1886.213,
                1888.911
            ],
            [
                1892.513,
                1895.095
            ],
            [
                1896.991,
                1900.916
            ],
            [
                1902.084,
                1904.9160000000002
            ],
            [
                1913.411,
                1915.721
            ],
            [
                1920.097,
                1923.45
            ],
            [
                1930.571,
                1930.792
            ],
            [
                1935.929,
                1938.1680000000001
            ],
            [
                2056.816,
                2062.14
            ],
            [
                2065.94,
                2070.927
            ],
            [
                2071.592,
                2074.837
            ],
            [
                2077.277,
                2082.0930000000003
            ],
            [
                2177.55,
                2177.587
            ],
            [
                2312.447,
                2315.393
            ],
            [
                2329.017,
                2332.9289999999996
            ],
