{
    "A": {
        "duration": 666.2019999999992,
        "intervals": [
            [
                4.409,
                220.262
            ],
            [
                351.417,
                364.048
            ],
            [
                449.498,
                457.441
            ],
            [
                607.092,
                611.18
            ],
            [
                622.834,
                633.9680000000001
            ],
            [
                659.878,
                662.2320000000001
            ],
            [
                680.673,
                694.17
            ],
            [
                698.077,
                705.797
            ],
            [
                750.656,
                754.5509999999999
            ],
            [
                758.028,
                759.881
            ],
            [
                793.976,
                805.943
            ],
            [
                906.316,
                924.654
            ],
            [
                1078.721,
                1100.01
            ],
            [
                1107.332,
                1116.0919999999999
            ],
            [
                1144.648,
                1170.7920000000001
            ],
            [
                1194.431,
                1195.992
            ],
            [
                1205.918,
                1210.5919999999999
            ],
            [
                1217.064,
                1219.6090000000002
            ],
            [
                1306.915,
                1312.0819999999999
            ],
            [
                1323.53,
                1324.892
            ],
            [
                1331.459,
                1333.703
            ],
            [
                1335.434,
                1355.55
            ],
            [
                1541.604,
                1553.668
            ],
            [
                1649.903,
                1662.502
            ],
            [
                1691.27,
                1728.8110000000001
            ],
            [
                1816.243,
                1832.47
            ],
            [
                1923.797,
                1926.6960000000001
            ],
            [
                2017.035,
                2042.999
            ],
            [
                2108.761,
                2111.2599999999998
            ],
            [
                2121.206,
                2142.549
            ],
            [
                2165.609,
                2178.057
            ],
            [
                2187.623,
                2192.328
            ],
            [
                2230.944,
                2238.826
            ],
            [
                2399.846,
                2433.8669999999997
            ],
            [
                2509.567,
                2580.442
            ]
        ]
    },
    "B": {
        "duration": 338.68899999999985,
        "intervals": [
            [
                224.203,
                229.642
            ],
            [
                230.011,
                232.46099999999998
            ],
            [
                236.329,
                239.90800000000002
            ],
            [
                244.6,
                254.55800000000002
            ],
            [
                256.794,
                262.324
            ],
            [
                263.623,
                284.03299999999996
            ],
            [
                286.585,
                287.38
            ],
            [
                291.182,
                310.211
            ],
            [
                311.047,
                320.661
            ],
            [
                320.969,
                324.88599999999997
            ],
            [
                327.844,
                330.549
            ],
            [
                333.853,
                336.82500000000005
            ],
            [
                341.45,
                343.792
            ],
            [
                345.188,
                347.606
            ],
            [
                348.951,
                351.204
            ],
            [
                373.505,
                376.242
            ],
            [
                410.594,
                413.024
            ],
            [
                419.135,
                435.519
            ],
            [
                437.955,
                448.629
            ],
            [
                694.577,
                698.077
            ],
            [
                706.06,
                709.6969999999999
            ],
            [
                712.547,
                718.003
            ],
            [
                721.907,
                726.0300000000001
            ],
            [
                729.506,
                733.433
            ],
            [
                736.548,
                738.811
            ],
            [
                746.14,
                750.656
            ],
            [
                754.932,
                758.029
            ],
            [
                760.251,
                760.4689999999999
            ],
            [
                774.561,
                779.991
            ],
            [
                786.119,
                786.159
            ],
            [
                790.992,
                793.976
            ],
            [
                1360.361,
                1363.085
            ],
            [
                1371.706,
                1374.004
            ],
            [
                1390.87,
                1393.0859999999998
            ],
            [
                1478.392,
                1482.83
            ],
            [
                1484.161,
                1486.5810000000001
            ],
            [
                1490.014,
                1492.994
            ],
            [
                1497.558,
                1511.2350000000001
            ],
            [
                1512.918,
                1517.088
            ],
            [
                1517.356,
                1529.4370000000001
            ],
            [
                1531.594,
                1540.8509999999999
            ],
            [
                1649.017,
                1649.903
            ],
            [
                1664.594,
                1667.4660000000001
            ],
            [
                1675.774,
                1677.9219999999998
            ],
            [
                1940.519,
                1946.518
            ],
            [
                1946.791,
                1950.244
            ],
            [
                1954.819,
                1960.619
            ],
            [
                1980.109,
                1981.6329999999998
            ],
            [
                1989.64,
                1991.528
            ],
            [
                1996.51,
                2003.447
            ],
            [
                2005.901,
                2017.0349999999999
            ],
            [
                2044.205,
                2048.595
            ],
            [
                2052.127,
                2059.9249999999997
            ],
            [
                2061.283,
                2062.861
            ],
            [
                2065.291,
                2075.3480000000004
            ],
            [
                2081.192,
                2085.536
            ],
            [
                2092.64,
                2094.719
            ],
            [
                2098.973,
                2099.84
            ],
            [
                2178.056,
                2187.6220000000003
            ],
            [
                2192.921,
                2193.326
            ],
