{
    "A": {
        "duration": 460.1510000000004,
        "intervals": [
            [
                0.211,
                87.466
            ],
            [
                108.682,
                139.872
            ],
            [
                160.345,
                226.608
            ],
            [
                230.075,
                290.932
            ],
            [
                407.192,
                409.50600000000003
            ],
            [
                410.685,
                455.985
            ],
            [
                584.592,
                588.138
            ],
            [
                671.072,
                672.376
            ],
            [
                680.473,
                719.3140000000001
            ],
            [
                728.401,
                739.9939999999999
            ],
            [
                748.955,
                748.957
            ],
            [
                798.523,
                799.1360000000001
            ],
            [
                803.485,
                814.432
            ],
            [
                913.54,
                918.671
            ],
            [
                925.629,
                929.922
            ],
            [
                932.81,
                936.8649999999999
            ],
            [
                973.762,
                975.4699999999999
            ],
            [
                981.843,
                1005.7280000000001
            ],
            [
                1062.192,
                1065.675
            ],
            [
                1111.568,
                1169.1390000000001
            ]
        ]
    },
    "B": {
        "duration": 114.96999999999997,
        "intervals": [
            [
                295.601,
                407.192
            ],
            [
                409.919,
                410.373
            ],
            [
                752.878,
                753.192
            ],
            [
                841.037,
                843.294
            ],
            [
                848.33,
                848.6840000000001
            ]
        ]
    },
    "C": {
        "duration": 173.40200000000004,
        "intervals": [
            [
                89.193,
                91.194
            ],
            [
                227.087,
                228.785
            ],
            [
                461.411,
                576.3209999999999
            ],
            [
                576.555,
                584.593
            ],
            [
                720.449,
                720.876
            ],
            [
                816.407,
                816.917
            ],
            [
                820.26,
                823.026
            ],
            [
                823.451,
                841.037
            ],
            [
                843.294,
                847.75
            ],
            [
                849.285,
                862.633
            ],
            [
                865.321,
                869.417
            ],
            [
                878.55,
                879.7919999999999
            ],
            [
                1109.244,
                1111.568
            ]
        ]
    },
    "D": {
        "duration": 202.22299999999984,
        "intervals": [
            [
                97.521,
                106.376
            ],
            [
                143.934,
                160.344
            ],
            [
                576.533,
                576.5550000000001
            ],
            [
                592.672,
                670.7489999999999
            ],
            [
                672.835,
                674.472
            ],
            [
                677.681,
                680.124
            ],
            [
                728.369,
                728.4010000000001
            ],
            [
                816.917,
                820.26
            ],
            [
                823.439,
                823.4509999999999
            ],
            [
                862.979,
                862.9920000000001
            ],
            [
                1006.849,
                1047.422
            ],
            [
                1055.238,
                1062.192
            ],
            [
                1065.675,
                1096.5780000000002
            ],
            [
                1096.823,
                1109.245
            ],
            [
                1171.932,
                1172.459
            ]
        ]
    },
    "E": {
        "duration": 102.96700000000011,
        "intervals": [
            [
                88.995,
                89.19200000000001
            ],
            [
                91.694,
                96.566
            ],
            [
                141.627,
                143.43800000000002
            ],
            [
                741.189,
                748.624
            ],
            [
                748.956,
                752.6039999999999
            ],
            [
                753.951,
                797.951
            ],
            [
                800.535,
                802.703
            ],
            [
                879.928,
                908.226
            ],
            [
                910.823,
                913.54
            ],
            [
                1047.421,
                1055.237
            ],
            [
                1096.818,
                1096.823
            ]
        ]
    },
    "F": {
        "duration": 68.40999999999974,
        "intervals": [
            [
                674.472,
                677.237
            ],
            [
                862.993,
                864.888
            ],
            [
                869.716,
                878.153
            ],
            [
                908.226,
                910.607
            ],
            [
                918.672,
                925.629
            ],
            [
                929.922,
                932.809
            ],
            [
                936.865,
                973.762
            ],
            [
                975.652,
                981.843
            ]
        ]
    }
}