{
    "A": {
        "duration": 125.06700000000023,
        "intervals": [
            [
                11.224,
                13.592
            ],
            [
                36.192,
                38.281
            ],
            [
                301.296,
                302.003
            ],
            [
                1504.334,
                1505.8780000000002
            ],
            [
                1527.193,
                1529.856
            ],
            [
                1900.294,
                1913.6000000000001
            ],
            [
                1916.644,
                1926.248
            ],
            [
                1926.509,
                1929.815
            ],
            [
                1931.357,
                2012.587
            ],
            [
                2025.542,
                2033.792
            ]
        ]
    },
    "B": {
        "duration": 122.86700000000019,
        "intervals": [
            [
                1356.404,
                1440.811
            ],
            [
                1442.36,
                1474.91
            ],
            [
                1476.841,
                1479.279
            ],
            [
                1499.779,
                1503.251
            ]
        ]
    },
    "C": {
        "duration": 194.19800000000063,
        "intervals": [
            [
                1.411,
                8.863
            ],
            [
                31.408,
                32.532000000000004
            ],
            [
                919.573,
                920.0889999999999
            ],
            [
                1074.639,
                1076.649
            ],
            [
                1107.204,
                1111.882
            ],
            [
                1113.738,
                1117.459
            ],
            [
                1122.758,
                1126.845
            ],
            [
                1132.885,
                1136.42
            ],
            [
                1144.717,
                1145.611
            ],
            [
                1440.811,
                1442.095
            ],
            [
                1484.738,
                1485.653
            ],
            [
                1491.61,
                1496.192
            ],
            [
                1505.878,
                1527.193
            ],
            [
                1529.855,
                1549.165
            ],
            [
                1552.277,
                1576.809
            ],
            [
                1578.769,
                1603.298
            ],
            [
                1605.332,
                1607.009
            ],
            [
                1608.414,
                1610.653
            ],
            [
                1751.591,
                1754.193
            ],
            [
                1782.68,
                1786.3300000000002
            ],
            [
                1789.211,
                1795.8700000000001
            ],
            [
                1797.203,
                1815.322
            ],
            [
                1815.591,
                1819.4689999999998
            ],
            [
                1823.128,
                1833.074
            ],
            [
                1840.793,
                1845.079
            ],
            [
                1846.94,
                1858.5320000000002
            ],
            [
                1926.497,
                1926.509
            ],
            [
                2012.86,
                2017.914
            ]
        ]
    },
    "D": {
        "duration": 119.55099999999999,
        "intervals": [
            [
                13.859,
                14.831
            ],
            [
                89.912,
                138.41500000000002
            ],
            [
                157.359,
                227.43499999999997
            ]
        ]
    },
    "E": {
        "duration": 105.74700000000018,
        "intervals": [
            [
                303.122,
                312.675
            ],
            [
                315.237,
                339.192
            ],
            [
                346.844,
                366.83
            ],
            [
                468.653,
                471.427
            ],
            [
                477.196,
                489.992
            ],
            [
                1253.829,
                1259.739
            ],
            [
                1260.792,
                1268.499
            ],
            [
                1319.409,
                1323.136
            ],
            [
                1327.965,
                1330.638
            ],
            [
                1603.67,
                1605.332
            ],
            [
                1607.359,
                1608.414
            ],
            [
                1613.792,
                1614.3029999999999
            ],
            [
                1625.592,
                1637.199
            ],
            [
                1678.965,
                1680.796
            ]
        ]
    },
    "F": {
        "duration": 500.8909999999999,