{
    "A": {
        "duration": 745.0439999999996,
        "intervals": [
            [
                6.752,
                17.81
            ],
            [
                21.792,
                23.503
            ],
            [
                24.724,
                27.733
            ],
            [
                29.849,
                31.334
            ],
            [
                37.398,
                37.945
            ],
            [
                40.723,
                43.183
            ],
            [
                44.321,
                47.748000000000005
            ],
            [
                51.454,
                52.571
            ],
            [
                53.411,
                54.854
            ],
            [
                60.699,
                65.696
            ],
            [
                67.365,
                69.459
            ],
            [
                71.572,
                74.324
            ],
            [
                76.294,
                78.106
            ],
            [
                137.368,
                138.917
            ],
            [
                143.434,
                143.527
            ],
            [
                145.429,
                146.205
            ],
            [
                232.855,
                236.862
            ],
            [
                252.08,
                253.251
            ],
            [
                291.372,
                295.199
            ],
            [
                303.141,
                324.463
            ],
            [
                543.171,
                548.2610000000001
            ],
            [
                568.369,
                594.702
            ],
            [
                597.448,
                607.0290000000001
            ],
            [
                609.304,
                610.507
            ],
            [
                829.192,
                833.11
            ],
            [
                836.053,
                852.3009999999999
            ],
            [
                855.608,
                871.14
            ],
            [
                873.958,
                880.85
            ],
            [
                993.845,
                1017.759
            ],
            [
                1024.785,
                1028.958
            ],
            [
                1030.158,
                1034.9189999999999
            ],
            [
                1037.347,
                1039.591
            ],
            [
                1049.576,
                1052.615
            ],
            [
                1054.396,
                1062.56
            ],
            [
                1064.284,
                1072.008
            ],
            [
                1075.545,
                1076.8120000000001
            ],
            [
                1077.892,
                1084.7920000000001
            ],
            [
                1092.82,
                1095.081
            ],
            [
                1206.593,
                1251.9530000000002
            ],
            [
                1286.835,
                1304.306
            ],
            [
                1390.056,
                1396.239
            ],
            [
                1411.989,
                1413.0620000000001
            ],
            [
                1420.64,
                1423.0970000000002
            ],
            [
                1454.718,
                1464.303
            ],
            [
                1469.666,
                1470.955
            ],
            [
                1505.586,
                1515.046
            ],
            [
                1540.038,
                1565.273
            ],
            [
                1612.713,
                1674.7250000000001
            ],
            [
                1677.572,
                1682.0529999999999
            ],
            [
                1760.007,
                1778.035
            ],
            [
                1783.399,
                1785.3139999999999
            ],
            [
                1822.792,
                1846.2749999999999
            ],
            [
                1850.555,
                1854.7730000000001
            ],
            [
                1991.218,
                2018.991
            ],
            [
                2025.375,
                2034.202
            ],
            [
                2040.223,
                2042.013
            ],
            [
                2071.914,
                2074.702
            ],
            [
                2093.705,
                2095.845
            ],
            [
                2098.057,
                2104.8399999999997
            ],
            [
                2108.054,
                2108.975
            ],
            [
                2112.114,
                2117.143
            ],
            [
                2131.009,
                2132.956
            ],
            [
                2145.916,
                2146.896
            ],
            [
                2153.701,
                2172.069
            ],
            [
                2202.802,
                2221.8269999999998
            ],
            [
                2224.412,
                2236.449
            ],
            [
                2241.351,
                2254.738
            ],
            [
                2257.154,
                2265.5919999999996
            ],
            [
                2269.414,
                2273.2920000000004
            ],
            [
                2274.659,
                2279.2270000000003
            ],
            [
                2294.482,
                2313.672
            ],
            [
                2316.549,
                2324.991
            ],
            [
                2327.434,
                2336.917
            ],
            [
                2340.794,
                2341.732
            ],
            [
                2348.933,
                2358.74
            ],
            [
                2368.933,
                2370.858
            ],
            [
                2382.051,
                2384.898
            ],
            [
                2386.846,
                2389.988
            ],
            [
                2399.471,
                2402.409
            ],
            [
                2404.237,
                2405.047
            ],
            [
                2510.197,
                2525.587
            ],
            [
                2528.353,
                2530.37
            ],
            [
                2534.034,
                2538.4100000000003
            ],
            [
                2540.661,
                2543.43
            ],
            [
                2672.683,
                2686.0119999999997
            ],
            [
                2689.048,
                2692.4519999999998
            ],
            [
                2693.203,
                2697.067
            ],
            [
                2698.461,
                2701.357
            ],
            [
                2704.386,
                2705.726
            ],
            [
                2715.004,
                2719.71
            ],
            [
                2721.122,
                2722.3759999999997
            ],
            [
                2723.51,
                2725.6130000000003
            ],
            [
                2727.825,
                2737.233
            ],
            [
                2745.627,
                2750.799
            ],
            [
                2753.111,
                2754.5989999999997
            ],
            [
                2755.883,
                2758.8089999999997
            ],
            [
                2762.772,
