{
    "A": {
        "duration": 55.092,
        "intervals": [
            [
                122.823,
                177.915
            ]
        ]
    },
    "B": {
        "duration": 345.216,
        "intervals": [
            [
                0.496,
                69.302
            ],
            [
                72.608,
                120.938
            ],
            [
                178.097,
                222.611
            ],
            [
                223.393,
                265.93199999999996
            ],
            [
                310.878,
                330.078
            ],
            [
                333.659,
                345.66700000000003
            ],
            [
                355.261,
                391.058
            ],
            [
                424.327,
                431.438
            ],
            [
                496.117,
                500.935
            ],
            [
                502.823,
                515.674
            ],
            [
                583.025,
                597.682
            ],
            [
                651.088,
                685.673
            ]
        ]
    },
    "C": {
        "duration": 146.72000000000003,
        "intervals": [
            [
                266.645,
                310.878
            ],
            [
                330.078,
                333.217
            ],
            [
                345.668,
                355.261
            ],
            [
                392.334,
                424.158
            ],
            [
                431.592,
                467.243
            ],
            [
                474.809,
                491.8
            ],
            [
                573.126,
                578.415
            ]
        ]
    },
    "D": {
        "duration": 128.01799999999997,
        "intervals": [
            [
                70.08,
                71.28999999999999
            ],
            [
                223.366,
                223.393
            ],
            [
                467.243,
                474.808
            ],
            [
                491.8,
                496.117
            ],
            [
                501.297,
                502.23900000000003
            ],
            [
                516.41,
                573.126
            ],
            [
                578.414,
                583.024
            ],
            [
                598.458,
                651.0889999999999
            ]
        ]
    }
}