{
    "A": {
        "duration": 114.4870000000002,
        "intervals": [
            [
                212.86,
                286.413
            ],
            [
                368.142,
                370.218
            ],
            [
                379.547,
                402.697
            ],
            [
                405.992,
                410.791
            ],
            [
                531.223,
                533.2660000000001
            ],
            [
                536.357,
                537.832
            ],
            [
                914.212,
                915.1179999999999
            ],
            [
                1072.528,
                1077.113
            ],
            [
                1090.22,
                1092.1200000000001
            ]
        ]
    },
    "B": {
        "duration": 128.63099999999986,
        "intervals": [
            [
                58.889,
                60.843
            ],
            [
                66.913,
                69.74900000000001
            ],
            [
                73.891,
                74.539
            ],
            [
                75.571,
                79.591
            ],
            [
                79.979,
                80.257
            ],
            [
                158.728,
                159.145
            ],
            [
                297.692,
                363.592
            ],
            [
                558.325,
                558.9580000000001
            ],
            [
                890.499,
                890.788
            ],
            [
                1001.946,
                1053.6019999999999
            ]
        ]
    },
    "C": {
        "duration": 87.36299999999993,
        "intervals": [
            [
                4.172,
                4.395
            ],
            [
                367.705,
                367.977
            ],
            [
                451.008,
                507.27299999999997
            ],
            [
                670.996,
                696.1800000000001
            ],
            [
                741.791,
                747.2099999999999
            ]
        ]
    },
    "D": {
        "duration": 542.121,
        "intervals": [
            [
                5.184,
                45.39
            ],
            [
                48.467,
                57.288999999999994
            ],
            [
                82.966,
                157.701
            ],
            [
                161.065,
                208.298
            ],
            [
                287.928,
                297.312
            ],
            [
                363.592,
                367.406
            ],
            [
                370.423,
                376.132
            ],
            [
                402.697,
                405.993
            ],
            [
                410.792,
                446.53999999999996
            ],
            [
                507.273,
                530.672
            ],
            [
                533.539,
                536.091
            ],
            [
                538.566,
                557.89
            ],
            [
                660.668,
                670.995
            ],
            [
                696.18,
                741.792
            ],
            [
                747.21,
                775.828
            ],
            [
                827.192,
                840.808
            ],
            [
                891.054,
                913.822
            ],
            [
                915.118,
                939.316
            ],
            [
                942.204,
                956.792
            ],
            [
                963.671,
                999.349
            ],
            [
                1053.602,
                1068.179
            ],
            [
                1077.41,
                1089.8059999999998
            ],
            [
                1099.594,
                1104.268
            ],
            [
                1105.392,
                1116.1460000000002
            ],
            [
                1121.612,
                1130.294
            ],
            [
                1132.694,
                1137.796
            ],
            [
                1145.581,
                1145.591
            ],
            [
                1155.443,
                1171.742
            ]
        ]
    },
    "E": {
        "duration": 141.24300000000025,
        "intervals": [
            [
                45.39,
                47.83
            ],
            [
                63.59,
                64.50999999999999
            ],
            [
                564.025,
                660.2320000000001
            ],
            [
                939.317,
                942.204
            ],
            [
                956.792,
                963.6709999999999
            ],
            [
                1092.12,
                1099.594
            ],
            [
                1104.411,
                1105.13
            ],
            [
                1116.146,
                1121.6119999999999
            ],
            [
                1130.936,
                1132.694
            ],
            [
                1138.666,
                1145.307
            ],
            [
                1145.591,
                1155.443
            ]
        ]
    },
    "F": {
        "duration": 55.672000000000004,
        "intervals": [
            [
                61.196,
                63.589999999999996
            ],
            [
                64.952,
                66.592
            ],
            [
                71.798,
                73.097
            ],
            [
                79.591,
                79.61999999999999
            ],
            [
                80.489,
                82.117
            ],
            [
                778.51,
                827.192
            ]
        ]
    },
    "G": {
        "duration": 51.114000000000075,
        "intervals": [
            [
                1.411,
                1.872
            ],
            [
                70.141,
                71.366
            ],
            [
                74.539,
                75.206
            ],
            [
                841.482,
                890.243
            ]
        ]
    }
}