{
    "A": {
        "duration": 255.19200000000006,
        "intervals": [
            [
                91.994,
                92.688
            ],
            [
                159.168,
                166.842
            ],
            [
                169.163,
                169.848
            ],
            [
                171.516,
                175.082
            ],
            [
                176.653,
                179.063
            ],
            [
                184.977,
                187.091
            ],
            [
                188.789,
                190.6
            ],
            [
                196.052,
                196.739
            ],
            [
                198.256,
                201.45
            ],
            [
                208.708,
                209.559
            ],
            [
                223.523,
                301.551
            ],
            [
                303.985,
                342.902
            ],
            [
                351.505,
                355.003
            ],
            [
                369.23,
                372.191
            ],
            [
                375.86,
                379.76300000000003
            ],
            [
                386.235,
                398.878
            ],
            [
                402.244,
                410.592
            ],
            [
                469.235,
                473.596
            ],
            [
                486.876,
                487.63
            ],
            [
                490.992,
                492.23600000000005
            ],
            [
                494.861,
                496.533
            ],
            [
                562.677,
                566.057
            ],
            [
                606.979,
                634.792
            ],
            [
                646.664,
                653.083
            ],
            [
                653.81,
                660.794
            ],
            [
                662.734,
                666.452
            ],
            [
                667.246,
                679.545
            ],
            [
                682.01,
                685.859
            ],
            [
                688.397,
                695.0740000000001
            ],
            [
                722.755,
                726.0400000000001
            ],
            [
                765.506,
                766.259
            ]
        ]
    },
    "B": {
        "duration": 245.01500000000016,
        "intervals": [
            [
                45.11,
                91.59400000000001
            ],
            [
                95.064,
                100.235
            ],
            [
                170.242,
                170.99599999999998
            ],
            [
                187.39,
                188.119
            ],
            [
                201.611,
                204.75099999999998
            ],
            [
                342.902,
                351.21799999999996
            ],
            [
                355.003,
                369.231
            ],
            [
                372.192,
                375.861
            ],
            [
                379.763,
                386.23499999999996
            ],
            [
                398.878,
                402.245
            ],
            [
                410.592,
                442.698
            ],
            [
                445.804,
                456.696
            ],
            [
                462.016,
                468.636
            ],
            [
                473.742,
                484.91
            ],
            [
                487.871,
                490.992
            ],
            [
                492.505,
                494.861
            ],
            [
                496.896,
                506.33200000000005
            ],
            [
                509.228,
                512.609
            ],
            [
                517.096,
                524.104
            ],
            [
                546.954,
                562.677
            ],
            [
                566.333,
                568.809
            ],
            [
                606.692,
                606.979
            ],
            [
                634.792,
                646.664
            ],
            [
                667.155,
                667.246
            ],
            [
                679.943,
                682.01
            ],
            [
                685.859,
                688.397
            ],
            [
                695.075,
                704.279
            ],
            [
                709.589,
                711.7610000000001
            ],
            [
                727.881,
                729.145
            ],
            [
                736.074,
                737.5419999999999
            ],
            [
                744.743,
                747.812
            ],
            [
                748.124,
                762.49
            ]
        ]
    },
    "C": {
        "duration": 227.8060000000001,
        "intervals": [
            [
                4.816,
                43.443
            ],
            [
                103.103,
                157.086
            ],
            [
                167.226,
                168.919
            ],
            [
                175.581,
                175.821
            ],
            [
                179.062,
                183.68200000000002
            ],
            [
                190.6,
                195.873
            ],
            [
                197.171,
                198.256
            ],
            [
                205.224,
                208.031
            ],
            [
                209.559,
                217.793
            ],
            [
                301.943,
                303.98499999999996
            ],
            [
                442.699,
                445.6
            ],
            [
                456.697,
                462.015
            ],
            [
                485.207,
                486.876
            ],
            [
                506.604,
                508.965
            ],
            [
                512.609,
                517.096
            ],
            [
                524.49,
                546.42
            ],
            [
                568.809,
                601.688
            ],
            [
                653.387,
                653.8109999999999
            ],
            [
                660.795,
                662.361
            ],
            [
                704.278,
                709.437
            ],
            [
                712.297,
                720.672
            ],
            [
                730.129,
                736.074
            ],
            [
                738.015,
                743.825
            ],
            [
                748.111,
                748.125
            ],
            [
                762.49,
                764.642
            ],
            [
                768.012,
                776.224
            ]
        ]
    }
}