{
    "A": {
        "duration": 695.2799999999997,
        "intervals": [
            [
                1.983,
                66.24000000000001
            ],
            [
                114.534,
                133.114
            ],
            [
                186.503,
                244.694
            ],
            [
                319.469,
                337.471
            ],
            [
                385.987,
                386.30600000000004
            ],
            [
                391.865,
                408.364
            ],
            [
                521.029,
                524.023
            ],
            [
                527.366,
                533.0260000000001
            ],
            [
                536.662,
                580.954
            ],
            [
                645.719,
                647.9920000000001
            ],
            [
                668.085,
                682.509
            ],
            [
                724.111,
                746.864
            ],
            [
                836.182,
                874.304
            ],
            [
                961.197,
                966.548
            ],
            [
                1033.727,
                1059.171
            ],
            [
                1149.282,
                1166.1609999999998
            ],
            [
                1187.001,
                1188.116
            ],
            [
                1229.894,
                1238.055
            ],
            [
                1328.535,
                1334.083
            ],
            [
                1446.209,
                1453.506
            ],
            [
                1457.644,
                1462.953
            ],
            [
                1521.933,
                1579.33
            ],
            [
                1653.05,
                1682.4640000000002
            ],
            [
                1725.992,
                1748.8780000000002
            ],
            [
                1805.409,
                1817.2549999999999
            ],
            [
                1885.474,
                1888.206
            ],
            [
                1896.085,
                1900.008
            ],
            [
                1918.21,
                1937.269
            ],
            [
                1944.631,
                1946.452
            ],
            [
                1968.229,
                1970.873
            ],
            [
                2031.453,
                2083.752
            ],
            [
                2164.857,
                2274.6459999999997
            ]
        ]
    },
    "B": {
        "duration": 261.84299999999973,
        "intervals": [
            [
                1.348,
                1.7950000000000002
            ],
            [
                250.28,
                319.469
            ],
            [
                342.007,
                385.758
            ],
            [
                386.306,
                391.021
            ],
            [
                1584.151,
                1652.5169999999998
            ],
            [
                1820.418,
                1820.4599999999998
            ],
            [
                2088.332,
                2163.665
            ]
        ]
    },
    "C": {
        "duration": 114.29300000000028,
        "intervals": [
            [
                68.266,
                89.97900000000001
            ],
            [
                134.674,
                165.25199999999998
            ],
            [
                533.026,
                534.303
            ],
            [
                651.358,
                656.724
            ],
            [
                665.994,
                668.084
            ],
            [
                687.609,
                689.15
            ],
            [
                699.872,
                701.497
            ],
            [
                704.035,
                707.324
            ],
            [
                710.557,
                711.3870000000001
            ],
            [
                714.209,
                715.6149999999999
            ],
            [
                720.492,
                724.112
            ],
            [
                1287.409,
                1289.7920000000001
            ],
            [
                1384.209,
                1394.592
            ],
            [
                1401.364,
                1405.83
            ],
            [
                1414.449,
                1416.835
            ],
            [
                1712.409,
                1714.5890000000002
            ],
            [
                1895.591,
                1895.77
            ],
            [
                1952.993,
                1962.24
            ],
            [
                1980.806,
                1981.198
            ],
            [
                2007.293,
                2007.83
            ],
            [
                2012.715,
                2016.4759999999999
            ],
            [
                2026.409,
                2031.4530000000002
            ]
        ]
    },
    "D": {
        "duration": 38.21399999999997,
        "intervals": [
            [
                90.404,
                111.18299999999999
            ],
            [
                165.448,
                182.88299999999998
            ]
        ]
    },
    "E": {
        "duration": 375.001,
        "intervals": [
            [
                413.596,
                520.76
            ],
            [
                524.023,
                527.0880000000001
            ],
            [
                534.642,
                535.9250000000001
            ],
            [
                586.683,
                641.13
            ],
            [
                642.511,
                645.405
            ],
            [
                657.08,
                665.017
            ],
            [
                684.691,
                687.61
            ],
            [
                689.999,
                699.443
            ],
            [
                701.88,
                703.784
            ],
            [
                707.667,
                710.2810000000001
            ],
            [
                711.992,
                713.7959999999999
            ],
            [
                715.615,
                720.492
            ],
            [
                972.008,
                987.519
            ],
            [
                989.879,
                1033.032
            ],
            [
                1265.993,
                1268.793
            ],
            [
                1337.7,
                1373.0459999999998
            ],
            [
                1463.91,
                1465.555
            ],
            [
                1687.311,
                1711.702
            ],
            [
                1715.416,
                1720.505
            ],
            [
                1755.002,
                1797.111
            ],
            [
                1800.804,
                1805.409
            ]
        ]
    },
    "F": {
        "duration": 215.92900000000031,