{
    "A": {
        "duration": 344.01799999999974,
        "intervals": [
            [
                1.411,
                1.853
            ],
            [
                69.314,
                110.053
            ],
            [
                112.98,
                128.484
            ],
            [
                132.427,
                133.256
            ],
            [
                414.892,
                430.383
            ],
            [
                433.581,
                484.856
            ],
            [
                501.582,
                503.229
            ],
            [
                520.764,
                557.479
            ],
            [
                560.576,
                567.6429999999999
            ],
            [
                617.436,
                635.734
            ],
            [
                637.337,
                646.78
            ],
            [
                649.352,
                669.277
            ],
            [
                923.657,
                924.702
            ],
            [
                925.933,
                929.612
            ],
            [
                1053.651,
                1121.619
            ],
            [
                1122.123,
                1139.2430000000002
            ],
            [
                1148.469,
                1185.3
            ]
        ]
    },
    "B": {
        "duration": 231.1239999999999,
        "intervals": [
            [
                2.032,
                3.316
            ],
            [
                284.592,
                317.163
            ],
            [
                320.014,
                389.877
            ],
            [
                432.191,
                433.07899999999995
            ],
            [
                559.273,
                560.186
            ],
            [
                571.713,
                615.111
            ],
            [
                788.312,
                789.071
            ],
            [
                854.315,
                858.845
            ],
            [
                861.038,
                875.308
            ],
            [
                879.204,
                881.462
            ],
            [
                895.496,
                898.054
            ],
            [
                924.91,
                925.6859999999999
            ],
            [
                934.779,
                939.916
            ],
            [
                944.673,
                945.009
            ],
            [
                950.751,
                978.391
            ],
            [
                995.455,
                1001.911
            ],
            [
                1005.392,
                1008.351
            ],
            [
                1010.924,
                1025.452
            ]
        ]
    },
    "C": {
        "duration": 382.0359999999999,
        "intervals": [
            [
                49.57,
                49.882
            ],
            [
                136.613,
                141.169
            ],
            [
                145.019,
                227.74599999999998
            ],
            [
                247.026,
                261.637
            ],
            [
                317.446,
                319.581
            ],
            [
                615.266,
                617.202
            ],
            [
                701.227,
                788.312
            ],
            [
                789.696,
                836.433
            ],
            [
                846.393,
                854.145
            ],
            [
                858.845,
                860.688
            ],
            [
                875.531,
                878.857
            ],
            [
                881.462,
                895.27
            ],
            [
                913.493,
                923.6560000000001
            ],
            [
                929.612,
                934.6139999999999
            ],
            [
                945.008,
                950.751
            ],
            [
                1002.198,
                1004.9839999999999
            ],
            [
                1008.777,
                1010.923
            ],
            [
                1188.056,
                1277.4240000000002
            ]
        ]
    },
    "D": {
        "duration": 290.399,
        "intervals": [
            [
                4.038,
                49.074
            ],
            [
                50.288,
                67.848
            ],
            [
                110.568,
                112.812
            ],
            [
                128.485,
                132.101
            ],
            [
                133.915,
                136.34199999999998
            ],
            [
                141.769,
                144.36100000000002
            ],
            [
                227.747,
                247.027
            ],
            [
                262.13,
                284.59099999999995
            ],
            [
                390.236,
                413.814
            ],
            [
                431.229,
                431.72499999999997
            ],
            [
                485.472,
                501.176
            ],
            [
                503.229,
                520.2579999999999
            ],
            [
                558.017,
                558.447
            ],
            [
                568.917,
                570.712
            ],
            [
                636.363,
                636.7310000000001
            ],
            [
                647.394,
                648.84
            ],
            [
                669.278,
                700.468
            ],
            [
                836.755,
                846.392
            ],
            [
                898.363,
                913.493
            ],
            [
                940.329,
                944.165
            ],
            [
                978.672,
                995.06
            ],
            [
                1025.887,
                1053.152
            ],
            [
                1122.112,
                1122.124
            ],
            [
                1139.243,
                1147.7060000000001
            ],
            [
                1185.639,
                1188.0549999999998
            ]
        ]
    }
}