{
    "A": {
        "duration": 86.917,
        "intervals": [
            [
                152.076,
                238.993
            ]
        ]
    },
    "B": {
        "duration": 218.09500000000006,
        "intervals": [
            [
                83.606,
                143.316
            ],
            [
                240.067,
                314.42
            ],
            [
                337.515,
                339.094
            ],
            [
                340.949,
                398.83000000000004
            ],
            [
                401.704,
                411.79900000000004
            ],
            [
                454.834,
                469.311
            ]
        ]
    },
    "C": {
        "duration": 276.26300000000015,
        "intervals": [
            [
                0.663,
                82.907
            ],
            [
                143.64,
                149.78
            ],
            [
                239.995,
                240.068
            ],
            [
                315.137,
                335.949
            ],
            [
                339.095,
                339.802
            ],
            [
                399.2,
                401.704
            ],
            [
                411.799,
                454.833
            ],
            [
                469.311,
                590.0600000000001
            ]
        ]
    }
}