{
    "A": {
        "duration": 319.9430000000002,
        "intervals": [
            [
                1268.249,
                1277.814
            ],
            [
                1279.861,
                1449.46
            ],
            [
                1452.792,
                1474.453
            ],
            [
                1515.945,
                1601.244
            ],
            [
                1623.027,
                1655.9450000000002
            ],
            [
                1820.959,
                1821.8600000000001
            ]
        ]
    },
    "B": {
        "duration": 389.3559999999991,
        "intervals": [
            [
                12.434,
                54.012
            ],
            [
                55.193,
                69.78999999999999
            ],
            [
                73.639,
                101.037
            ],
            [
                103.93,
                119.66799999999999
            ],
            [
                122.683,
                131.588
            ],
            [
                137.506,
                208.15699999999998
            ],
            [
                213.086,
                220.79
            ],
            [
                375.27,
                388.699
            ],
            [
                391.866,
                394.953
            ],
            [
                398.098,
                399.721
            ],
            [
                401.612,
                402.223
            ],
            [
                525.106,
                531.458
            ],
            [
                532.415,
                537.5799999999999
            ],
            [
                592.059,
                607.13
            ],
            [
                612.193,
                614.375
            ],
            [
                617.066,
                617.6940000000001
            ],
            [
                718.593,
                721.333
            ],
            [
                840.495,
                842.993
            ],
            [
                902.092,
                903.5889999999999
            ],
            [
                948.502,
                951.401
            ],
            [
                969.41,
                973.982
            ],
            [
                977.763,
                981.6850000000001
            ],
            [
                990.615,
                991.403
            ],
            [
                993.205,
                998.213
            ],
            [
                1011.353,
                1014.688
            ],
            [
                1018.61,
                1024.567
            ],
            [
                1218.61,
                1223.9840000000002
            ],
            [
                1247.144,
                1249.962
            ],
            [
                1259.891,
                1261.4370000000001
            ],
            [
                1490.115,
                1492.592
            ],
            [
                1510.394,
                1515.9450000000002
            ],
            [
                1621.134,
                1622.391
            ],
            [
                1658.499,
                1662.001
            ],
            [
                1672.243,
                1674.543
            ],
            [
                1678.057,
                1679.203
            ],
            [
                1682.5,
                1684.527
            ],
            [
                1939.391,
                1944.0
            ],
            [
                1950.605,
                1953.329
            ],
            [
                1959.058,
                1962.8390000000002
            ],
            [
                1965.992,
                1973.16
            ],
            [
                1973.44,
                1984.262
            ],
            [
                1986.576,
                1991.4589999999998
            ],
            [
                1994.274,
                1997.472
            ],
            [
                1999.958,
                2001.392
            ],
            [
                2007.376,
                2008.436
            ],
            [
                2014.818,
                2020.193
            ],
            [
                2024.035,
                2027.943
            ],
            [
                2034.592,
                2038.058
            ],
            [
                2131.326,
                2133.581
            ],
            [
                2216.913,
                2219.23
            ],
            [
                2222.414,
                2224.0220000000004
            ],
            [
                2241.709,
                2243.758
            ],
            [
                2260.2,
                2263.4919999999997
            ],
            [
                2265.408,
                2272.3929999999996
            ],
            [
                2275.817,
                2290.6949999999997
            ],
            [
                2292.992,
                2296.487
            ],
            [
                2297.481,
                2301.5969999999998
            ]
        ]
    },
    "C": {
        "duration": 251.4680000000003,
        "intervals": [
            [
                915.273,
                915.793
            ],
            [
                1139.888,
                1140.193
            ],
            [
                1689.068,
                1820.242
            ],
            [
                1821.86,
                1939.391
            ],
            [
                2175.314,
                2175.673
            ],
            [
                2302.611,
                2304.19
            ]
        ]
    },
    "D": {
        "duration": 260.6200000000007,
        "intervals": [
            [
                444.263,
                444.666
            ],
            [
                875.833,
                876.26
            ],
            [
                1035.273,
                1139.47
            ],
            [
                1140.512,
                1212.4640000000002
            ],
            [
                1278.317,
                1279.0430000000001
            ],
            [
                2042.677,
                2125.592
            ]
        ]
    },
    "E": {
        "duration": 314.576,
        "intervals": [
            [
                224.245,
                373.453
            ],
            [
                404.031,
                443.46500000000003
            ],
            [
                445.257,
                524.187
            ],
            [
                543.228,
                590.232
            ]
        ]
    },
    "F": {
        "duration": 314.187,
        "intervals": [
            [
                628.381,
                718.1410000000001
            ],
            [
                721.334,
                812.192
            ],
            [
                816.143,
                828.192
            ],
            [
                878.248,
                887.236
            ],
            [
                893.349,
                901.854
            ],
            [
                903.808,
                913.7860000000001
            ],
            [
                915.967,
                948.501
            ],
            [
                2139.298,
                2175.133
            ],
            [
                2175.674,
                2201.261
            ],
            [
                2302.177,
                2302.27
            ]
        ]
    },
    "G": {
        "duration": 345.7070000000004,