{
    "A": {
        "duration": 244.10400000000038,
        "intervals": [
            [
                754.837,
                787.133
            ],
            [
                811.006,
                837.319
            ],
            [
                841.03,
                868.398
            ],
            [
                871.012,
                928.746
            ],
            [
                935.516,
                957.993
            ],
            [
                1272.689,
                1280.011
            ],
            [
                1281.059,
                1286.066
            ],
            [
                1633.605,
                1644.074
            ],
            [
                1644.474,
                1688.192
            ],
            [
                1725.447,
                1736.847
            ]
        ]
    },
    "B": {
        "duration": 204.20600000000002,
        "intervals": [
            [
                707.592,
                716.019
            ],
            [
                800.52,
                805.8629999999999
            ],
            [
                957.992,
                973.9639999999999
            ],
            [
                977.059,
                984.044
            ],
            [
                1145.038,
                1167.488
            ],
            [
                1170.293,
                1190.6090000000002
            ],
            [
                1193.138,
                1219.047
            ],
            [
                1286.066,
                1291.23
            ],
            [
                1436.311,
                1450.194
            ],
            [
                1573.192,
                1587.9689999999998
            ],
            [
                1605.977,
                1611.892
            ],
            [
                1688.192,
                1696.177
            ],
            [
                1701.791,
                1710.201
            ],
            [
                1717.904,
                1723.561
            ],
            [
                1736.848,
                1745.2749999999999
            ],
            [
                1748.26,
                1757.691
            ],
            [
                1783.196,
                1789.5919999999999
            ],
            [
                1793.24,
                1799.911
            ],
            [
                1854.903,
                1860.991
            ]
        ]
    },
    "C": {
        "duration": 180.1799999999996,
        "intervals": [
            [
                55.65,
                61.770999999999994
            ],
            [
                85.809,
                93.93599999999999
            ],
            [
                355.97,
                362.105
            ],
            [
                386.144,
                394.25399999999996
            ],
            [
                539.215,
                614.309
            ],
            [
                618.049,
                633.909
            ],
            [
                1252.046,
                1263.5529999999999
            ],
            [
                1265.088,
                1272.441
            ],
            [
                1348.036,
                1353.463
            ],
            [
                1818.249,
                1854.695
            ]
        ]
    },
    "D": {
        "duration": 244.25100000000006,
        "intervals": [
            [
                16.732,
                26.351
            ],
            [
                46.614,
                52.691
            ],
            [
                105.563,
                111.541
            ],
            [
                124.855,
                131.225
            ],
            [
                217.367,
                230.0
            ],
            [
                239.065,
                246.142
            ],
            [
                271.915,
                278.603
            ],
            [
                288.088,
                295.517
            ],
            [
                313.912,
                319.133
            ],
            [
                323.988,
                332.906
            ],
            [
                336.337,
                345.96500000000003
            ],
            [
                347.709,
                354.793
            ],
            [
                405.579,
                412.648
            ],
            [
                513.476,
                533.927
            ],
            [
                1060.825,
                1070.874
            ],
            [
                1094.207,
                1100.1419999999998
            ],
            [
                1113.359,
                1133.211
            ],
            [
                1223.009,
                1239.1960000000001
            ],
            [
                1296.316,
                1314.047
            ],
            [
                1315.953,
                1332.973
            ],
            [
                1418.57,
                1427.6299999999999
            ],
            [
                1624.118,
                1629.302
            ],
            [
                1866.824,
                1874.448
            ],
            [
                1881.811,
                1888.573
            ],
            [
                1900.702,
                1909.307
            ]
        ]
    },
    "E": {
        "duration": 117.12799999999993,
        "intervals": [
            [
                62.071,
                85.81
            ],
            [
                93.936,
                104.828
            ],
            [
                152.855,
                176.35899999999998
            ],
            [
                179.854,
                204.32899999999998
            ],
            [
                362.384,
                386.144
            ],
            [
                394.254,
                405.012
            ]
        ]
    },
    "F": {
        "duration": 72.47199999999992,
        "intervals": [
            [
                447.41,
                507.591
            ],
            [
                1548.215,
                1553.993
            ],
            [
                1566.427,
                1572.9399999999998
            ]
        ]
    },
    "G": {
        "duration": 51.815000000000055,
        "intervals": [
            [
                650.373,
                658.371
            ],
            [
                663.776,
                707.5930000000001
            ]
        ]
    },
    "H": {
        "duration": 228.3190000000002,