{
    "A": {
        "duration": 390.5460000000002,
        "intervals": [
            [
                0.019,
                0.039
            ],
            [
                56.211,
                76.87199999999999
            ],
            [
                77.191,
                79.505
            ],
            [
                83.811,
                84.67
            ],
            [
                119.288,
                119.313
            ],
            [
                211.849,
                214.095
            ],
            [
                256.011,
                262.364
            ],
            [
                263.495,
                267.211
            ],
            [
                267.526,
                272.086
            ],
            [
                274.053,
                280.95099999999996
            ],
            [
                290.0,
                294.20399999999995
            ],
            [
                298.642,
                307.90999999999997
            ],
            [
                309.992,
                314.30899999999997
            ],
            [
                315.115,
                316.774
            ],
            [
                323.269,
                331.37600000000003
            ],
            [
                333.195,
                342.399
            ],
            [
                345.161,
                346.83
            ],
            [
                350.684,
                350.773
            ],
            [
                354.537,
                358.514
            ],
            [
                367.139,
                368.83500000000004
            ],
            [
                372.085,
                373.88
            ],
            [
                385.241,
                393.84400000000005
            ],
            [
                398.766,
                401.257
            ],
            [
                404.386,
                405.279
            ],
            [
                490.767,
                492.584
            ],
            [
                495.032,
                499.144
            ],
            [
                545.176,
                545.4440000000001
            ],
            [
                547.271,
                549.991
            ],
            [
                556.99,
                557.439
            ],
            [
                562.393,
                562.842
            ],
            [
                570.755,
                574.54
            ],
            [
                575.132,
                584.835
            ],
            [
                637.34,
                639.7560000000001
            ],
            [
                669.806,
                672.2339999999999
            ],
            [
                676.215,
                676.996
            ],
            [
                685.763,
                687.601
            ],
            [
                693.407,
                695.289
            ],
            [
                698.239,
                698.46
            ],
            [
                766.773,
                768.889
            ],
            [
                972.874,
                973.687
            ],
            [
                1037.144,
                1040.323
            ],
            [
                1068.39,
                1068.7040000000002
            ],
            [
                1106.512,
                1114.268
            ],
            [
                1180.146,
                1182.493
            ],
            [
                1184.271,
                1187.56
            ],
            [
                1188.709,
                1193.748
            ],
            [
                1195.631,
                1202.3400000000001
            ],
            [
                1267.097,
                1271.744
            ],
            [
                1274.284,
                1278.6260000000002
            ],
            [
                1283.241,
                1284.27
            ],
            [
                1293.788,
                1295.298
            ],
            [
                1325.469,
                1332.482
            ],
            [
                1377.128,
                1416.3660000000002
            ],
            [
                1468.169,
                1484.81
            ],
            [
                1499.582,
                1502.711
            ],
            [
                1521.696,
                1535.8680000000002
            ],
            [
                1572.21,
                1576.673
            ],
            [
                1600.736,
                1633.643
            ],
            [
                1679.01,
                1694.21
            ],
            [
                1694.498,
                1699.058
            ],
            [
                1723.272,
                1731.252
            ],
            [
                1732.015,
                1746.75
            ],
            [
                1815.615,
                1815.8700000000001
            ],
            [
                1827.32,
                1875.99
            ]
        ]
    },
    "B": {
        "duration": 118.80999999999966,
        "intervals": [
            [
                10.017,
                17.922
            ],
            [
                193.332,
                193.373
            ],
            [
                203.754,
                205.435
            ],
            [
                214.496,
                220.136
            ],
            [
                1071.266,
                1105.311
            ],
            [
                1127.081,
                1128.072
            ],
            [
                1634.718,
                1679.011
            ],
            [
                1699.058,
                1723.272
            ]
        ]
    },
    "C": {
        "duration": 67.59900000000013,
        "intervals": [
            [
                88.224,
                112.14
            ],
            [
                141.014,
                149.919
            ],
            [
                175.4,
                192.292
            ],
            [
                193.61,
                198.5
            ],
            [
                221.039,
                230.99200000000002
            ],
            [
                517.323,
                518.0930000000001
            ],
            [
                659.242,
                661.515
            ]
        ]
    },
    "D": {
        "duration": 124.45299999999992,
        "intervals": [
            [
                34.975,
                49.89
            ],
            [
                53.173,
                53.389
            ],
            [
                198.501,
                202.207
            ],
            [
                408.476,
                478.393
            ],
            [
                519.629,
                535.818
            ],
            [
                549.992,
                556.8449999999999
            ],
            [
                648.459,
                658.593
            ],
            [
                663.566,
                666.089
            ]
        ]
    },
    "E": {
        "duration": 205.09399999999948,