{
    "21": {
        "duration": 0.5029999999999859,
        "intervals": [
            [
                144.59,
                145.093
            ]
        ]
    },
    "A": {
        "duration": 364.263,
        "intervals": [
            [
                8.606,
                18.209999999999997
            ],
            [
                22.196,
                121.80799999999999
            ],
            [
                123.017,
                142.191
            ],
            [
                177.89,
                216.913
            ],
            [
                260.128,
                276.39799999999997
            ],
            [
                321.995,
                353.41200000000003
            ],
            [
                360.848,
                367.536
            ],
            [
                369.466,
                382.375
            ],
            [
                504.105,
                509.036
            ],
            [
                621.049,
                624.223
            ],
            [
                625.811,
                668.357
            ],
            [
                687.214,
                687.3290000000001
            ],
            [
                740.078,
                754.259
            ],
            [
                881.646,
                903.724
            ],
            [
                1001.592,
                1001.621
            ],
            [
                1074.016,
                1074.6770000000001
            ],
            [
                1097.803,
                1135.491
            ],
            [
                1246.114,
                1250.277
            ]
        ]
    },
    "B": {
        "duration": 113.81100000000006,
        "intervals": [
            [
                148.473,
                149.32700000000003
            ],
            [
                509.46,
                621.0490000000001
            ],
            [
                624.223,
                625.5
            ],
            [
                816.627,
                816.6389999999999
            ],
            [
                835.493,
                835.572
            ]
        ]
    },
    "C": {
        "duration": 206.2820000000003,
        "intervals": [
            [
                2.531,
                2.744
            ],
            [
                147.805,
                147.859
            ],
            [
                163.625,
                164.143
            ],
            [
                166.016,
                167.833
            ],
            [
                247.953,
                250.256
            ],
            [
                670.235,
                686.927
            ],
            [
                687.329,
                739.541
            ],
            [
                755.649,
                815.3470000000001
            ],
            [
                816.639,
                835.12
            ],
            [
                835.572,
                881.4150000000001
            ],
            [
                935.904,
                936.566
            ],
            [
                1243.438,
                1246.114
            ],
            [
                1251.278,
                1256.391
            ]
        ]
    },
    "D": {
        "duration": 188.70100000000014,
        "intervals": [
            [
                145.388,
                145.806
            ],
            [
                157.66,
                159.962
            ],
            [
                164.143,
                165.328
            ],
            [
                168.001,
                168.192
            ],
            [
                905.209,
                934.9780000000001
            ],
            [
                937.508,
                1000.7900000000001
            ],
            [
                1003.853,
                1015.634
            ],
            [
                1017.125,
                1072.841
            ],
            [
                1074.678,
                1079.9560000000001
            ],
            [
                1082.384,
                1097.371
            ],
            [
                1194.401,
                1198.193
            ]
        ]
    },
    "E": {
        "duration": 334.8540000000002,
        "intervals": [
            [
                1.932,
                2.04
            ],
            [
                2.744,
                8.606
            ],
            [
                18.21,
                21.961000000000002
            ],
            [
                123.01,
                123.01700000000001
            ],
            [
                149.767,
                155.39
            ],
            [
                161.151,
                162.80999999999997
            ],
            [
                217.126,
                247.953
            ],
            [
                250.53,
                259.617
            ],
            [
                277.204,
                321.995
            ],
            [
                353.6,
                360.848
            ],
            [
                367.536,
                368.746
            ],
            [
                382.646,
                503.82
            ],
            [
                1001.621,
                1002.337
            ],
            [
                1016.705,
                1017.125
            ],
            [
                1081.33,
                1082.118
            ],
            [
                1137.706,
                1194.401
            ],
            [
                1198.193,
                1243.0810000000001
            ]
        ]
    }
}