{
    "A": {
        "duration": 46.51299999999999,
        "intervals": [
            [
                60.33,
                106.84299999999999
            ]
        ]
    },
    "B": {
        "duration": 265.76399999999995,
        "intervals": [
            [
                108.326,
                111.03099999999999
            ],
            [
                239.439,
                346.361
            ],
            [
                371.792,
                373.68699999999995
            ],
            [
                382.553,
                452.492
            ],
            [
                458.555,
                499.692
            ],
            [
                506.679,
                510.66999999999996
            ],
            [
                523.893,
                560.841
            ],
            [
                715.215,
                717.442
            ]
        ]
    },
    "C": {
        "duration": 318.22400000000005,
        "intervals": [
            [
                0.01,
                58.134
            ],
            [
                112.241,
                238.233
            ],
            [
                346.97,
                357.587
            ],
            [
                359.355,
                362.476
            ],
            [
                364.225,
                371.592
            ],
            [
                374.259,
                381.687
            ],
            [
                453.249,
                458.55400000000003
            ],
            [
                505.516,
                505.946
            ],
            [
                510.67,
                523.893
            ],
            [
                561.406,
                630.951
            ],
            [
                717.905,
                734.977
            ]
        ]
    },
    "D": {
        "duration": 81.536,
        "intervals": [
            [
                239.299,
                239.439
            ],
            [
                358.238,
                359.355
            ],
            [
                363.641,
                363.87600000000003
            ],
            [
                635.011,
                715.055
            ]
        ]
    }
}