{
    "A": {
        "duration": 315.99100000000016,
        "intervals": [
            [
                54.199,
                57.821999999999996
            ],
            [
                98.395,
                106.323
            ],
            [
                112.666,
                114.158
            ],
            [
                124.357,
                126.655
            ],
            [
                131.492,
                133.19299999999998
            ],
            [
                136.75,
                149.339
            ],
            [
                151.077,
                158.202
            ],
            [
                192.993,
                205.594
            ],
            [
                209.193,
                223.79000000000002
            ],
            [
                251.863,
                255.95
            ],
            [
                262.639,
                267.305
            ],
            [
                270.832,
                272.8
            ],
            [
                275.068,
                282.45799999999997
            ],
            [
                288.61,
                313.612
            ],
            [
                352.559,
                353.32300000000004
            ],
            [
                382.84,
                384.049
            ],
            [
                388.106,
                388.872
            ],
            [
                396.168,
                403.021
            ],
            [
                404.565,
                413.593
            ],
            [
                415.916,
                425.606
            ],
            [
                431.936,
                446.897
            ],
            [
                447.871,
                458.288
            ],
            [
                464.061,
                476.932
            ],
            [
                504.109,
                507.40299999999996
            ],
            [
                550.15,
                554.009
            ],
            [
                568.369,
                570.576
            ],
            [
                590.392,
                599.3760000000001
            ],
            [
                610.227,
                618.7940000000001
            ],
            [
                625.72,
                629.971
            ],
            [
                635.71,
                638.813
            ],
            [
                671.434,
                677.356
            ],
            [
                688.571,
                707.716
            ],
            [
                735.168,
                737.556
            ],
            [
                742.154,
                745.365
            ],
            [
                749.792,
                751.498
            ],
            [
                755.435,
                755.459
            ],
            [
                761.127,
                766.811
            ],
            [
                791.611,
                800.968
            ],
            [
                803.613,
                807.4399999999999
            ],
            [
                842.199,
                847.7909999999999
            ],
            [
                849.764,
                862.719
            ],
            [
                864.959,
                872.121
            ],
            [
                875.591,
                880.819
            ],
            [
                905.953,
                915.271
            ],
            [
                919.993,
                936.574
            ]
        ]
    },
    "B": {
        "duration": 114.58299999999991,
        "intervals": [
            [
                45.174,
                54.06
            ],
            [
                57.967,
                97.44
            ],
            [
                163.304,
                164.207
            ],
            [
                224.098,
                225.514
            ],
            [
                494.083,
                503.888
            ],
            [
                507.809,
                525.811
            ],
            [
                527.546,
                549.4889999999999
            ],
            [
                554.477,
                568.057
            ],
            [
                811.458,
                812.033
            ]
        ]
    },
    "C": {
        "duration": 203.3959999999998,