{
    "A": {
        "duration": 115.50599999999994,
        "intervals": [
            [
                108.626,
                108.68700000000001
            ],
            [
                155.248,
                166.715
            ],
            [
                182.41,
                184.214
            ],
            [
                296.139,
                392.945
            ],
            [
                798.859,
                801.6370000000001
            ],
            [
                1032.051,
                1033.0819999999999
            ],
            [
                1033.342,
                1034.901
            ]
        ]
    },
    "B": {
        "duration": 133.80000000000004,
        "intervals": [
            [
                184.214,
                186.126
            ],
            [
                188.517,
                194.791
            ],
            [
                438.31,
                440.73
            ],
            [
                452.13,
                456.533
            ],
            [
                463.575,
                464.501
            ],
            [
                466.4,
                468.332
            ],
            [
                474.869,
                476.70500000000004
            ],
            [
                640.68,
                737.842
            ],
            [
                805.283,
                814.132
            ],
            [
                828.937,
                832.818
            ],
            [
                1015.031,
                1019.236
            ]
        ]
    },
    "C": {
        "duration": 381.0100000000001,
        "intervals": [
            [
                167.441,
                182.27200000000002
            ],
            [
                186.469,
                188.293
            ],
            [
                205.347,
                205.393
            ],
            [
                431.61,
                437.61899999999997
            ],
            [
                441.045,
                441.082
            ],
            [
                449.159,
                451.81100000000004
            ],
            [
                456.533,
                463.575
            ],
            [
                464.761,
                466.192
            ],
            [
                468.89,
                474.593
            ],
            [
                476.705,
                477.508
            ],
            [
                491.874,
                492.117
            ],
            [
                495.192,
                534.6880000000001
            ],
            [
                547.484,
                603.5949999999999
            ],
            [
                611.928,
                616.31
            ],
            [
                745.505,
                798.287
            ],
            [
                850.522,
                974.3870000000001
            ],
            [
                981.307,
                985.392
            ],
            [
                1008.349,
                1014.424
            ],
            [
                1019.466,
                1031.765
            ],
            [
                1033.337,
                1033.342
            ],
            [
                1035.067,
                1041.752
            ],
            [
                1042.612,
                1050.16
            ],
            [
                1053.403,
                1056.614
            ],
            [
                1079.819,
                1103.664
            ]
        ]
    },
    "D": {
        "duration": 489.032,
        "intervals": [
            [
                0.746,
                108.336
            ],
            [
                111.518,
                153.048
            ],
            [
                196.412,
                203.385
            ],
            [
                205.392,
                294.852
            ],
            [
                393.512,
                430.775
            ],
            [
                441.082,
                448.902
            ],
            [
                478.359,
                490.433
            ],
            [
                493.768,
                495.192
            ],
            [
                534.688,
                547.484
            ],
            [
                603.595,
                611.928
            ],
            [
                616.31,
                637.79
            ],
            [
                737.843,
                741.991
            ],
            [
                801.637,
                804.9459999999999
            ],
            [
                814.133,
                828.937
            ],
            [
                832.818,
                848.975
            ],
            [
                974.67,
                981.3069999999999
            ],
            [
                985.392,
                1008.349
            ],
            [
                1041.751,
                1042.441
            ],
            [
                1050.16,
                1053.403
            ],
            [
                1056.615,
                1079.078
            ],
            [
                1103.664,
                1151.545
            ]
        ]
    }
}