{
    "A": {
        "duration": 271.31000000000006,
        "intervals": [
            [
                0.66,
                1.384
            ],
            [
                68.459,
                69.556
            ],
            [
                101.034,
                102.792
            ],
            [
                110.685,
                114.10900000000001
            ],
            [
                143.751,
                143.75300000000001
            ],
            [
                1142.218,
                1158.6970000000001
            ],
            [
                1182.426,
                1187.843
            ],
            [
                1211.168,
                1222.3110000000001
            ],
            [
                1235.294,
                1245.1309999999999
            ],
            [
                1274.616,
                1277.6009999999999
            ],
            [
                1283.229,
                1336.056
            ],
            [
                1367.283,
                1401.433
            ],
            [
                1405.569,
                1412.8819999999998
            ],
            [
                1427.639,
                1433.011
            ],
            [
                1435.811,
                1439.8729999999998
            ],
            [
                1442.519,
                1447.992
            ],
            [
                1468.051,
                1473.0049999999999
            ],
            [
                1490.216,
                1503.0220000000002
            ],
            [
                1525.709,
                1535.414
            ],
            [
                1555.917,
                1560.392
            ],
            [
                1564.404,
                1568.405
            ],
            [
                1570.691,
                1597.57
            ],
            [
                1722.531,
                1726.7949999999998
            ],
            [
                1733.597,
                1736.704
            ],
            [
                1743.284,
                1745.641
            ],
            [
                1753.564,
                1773.654
            ],
            [
                1785.974,
                1802.5410000000002
            ],
            [
                1863.805,
                1863.847
            ]
        ]
    },
    "B": {
        "duration": 142.45199999999969,
        "intervals": [
            [
                67.498,
                67.74300000000001
            ],
            [
                69.555,
                74.03
            ],
            [
                144.641,
                144.879
            ],
            [
                1045.378,
                1082.5439999999999
            ],
            [
                1083.358,
                1095.329
            ],
            [
                1103.644,
                1105.413
            ],
            [
                1114.148,
                1124.593
            ],
            [
                1812.729,
                1859.696
            ],
            [
                1874.082,
                1901.273
            ],
            [
                1938.409,
                1940.394
            ]
        ]
    },
    "C": {
        "duration": 301.4579999999995,
        "intervals": [
            [
                117.41,
                120.453
            ],
            [
                122.411,
                126.421
            ],
            [
                448.716,
                518.712
            ],
            [
                562.844,
                618.073
            ],
            [
                620.06,
                623.074
            ],
            [
                963.183,
                965.39
            ],
            [
                1006.184,
                1009.229
            ],
            [
                1940.613,
                1952.5
            ],
            [
                1957.77,
                2102.1459999999997
            ],
            [
                2103.852,
                2108.5029999999997
            ]
        ]
    },
    "D": {
        "duration": 437.2869999999999,