{
    "A": {
        "duration": 272.50999999999976,
        "intervals": [
            [
                110.059,
                110.368
            ],
            [
                115.587,
                178.237
            ],
            [
                476.494,
                499.046
            ],
            [
                506.274,
                525.747
            ],
            [
                529.558,
                557.196
            ],
            [
                620.247,
                661.9929999999999
            ],
            [
                684.396,
                701.571
            ],
            [
                716.997,
                723.7330000000001
            ],
            [
                739.746,
                756.4879999999999
            ],
            [
                929.975,
                930.115
            ],
            [
                1251.813,
                1284.2269999999999
            ],
            [
                1287.546,
                1294.008
            ],
            [
                1406.756,
                1425.229
            ]
        ]
    },
    "B": {
        "duration": 280.7599999999998,
        "intervals": [
            [
                270.741,
                343.805
            ],
            [
                801.49,
                919.865
            ],
            [
                922.852,
                927.692
            ],
            [
                932.237,
                971.9580000000001
            ],
            [
                974.086,
                997.4219999999999
            ],
            [
                1342.038,
                1352.8819999999998
            ],
            [
                1353.201,
                1357.693
            ],
            [
                1364.114,
                1370.202
            ]
        ]
    },
    "C": {
        "duration": 345.1940000000002,
        "intervals": [
            [
                0.01,
                46.300999999999995
            ],
            [
                110.94,
                114.161
            ],
            [
                178.752,
                190.07600000000002
            ],
            [
                264.396,
                266.868
            ],
            [
                344.284,
                369.014
            ],
            [
                441.501,
                476.49399999999997
            ],
            [
                499.046,
                506.10299999999995
            ],
            [
                527.73,
                529.264
            ],
            [
                557.196,
                572.695
            ],
            [
                615.74,
                617.409
            ],
            [
                681.256,
                684.0400000000001
            ],
            [
                723.733,
                739.383
            ],
            [
                756.488,
                798.779
            ],
            [
                927.971,
                929.173
            ],
            [
                972.478,
                974.0859999999999
            ],
            [
                997.422,
                1021.2090000000001
            ],
            [
                1077.462,
                1078.08
            ],
            [
                1083.024,
                1086.799
            ],
            [
                1088.812,
                1093.454
            ],
            [
                1126.016,
                1127.2330000000002
            ],
            [
                1142.205,
                1144.279
            ],
            [
                1201.193,
                1206.416
            ],
            [
                1224.808,
                1229.474
            ],
            [
                1241.663,
                1251.055
            ],
            [
                1297.426,
                1307.5910000000001
            ],
            [
                1310.769,
                1320.273
            ],
            [
                1322.701,
                1322.753
            ],
            [
                1325.516,
                1339.298
            ],
            [
                1353.184,
                1353.201
            ],
            [
                1370.345,
                1372.78
            ],
            [
                1400.384,
                1406.756
            ],
            [
                1425.229,
                1460.377
            ]
        ]
    },
    "D": {
        "duration": 159.8330000000005,
        "intervals": [
            [
                191.599,
                253.183
            ],
            [
                255.756,
                256.677
            ],
            [
                258.275,
                263.77299999999997
            ],
            [
                1021.209,
                1056.6770000000001
            ],
            [
                1061.291,
                1069.99
            ],
            [
                1070.84,
                1072.762
            ],
            [
                1075.015,
                1077.18
            ],
            [
                1098.509,
                1112.483
            ],
            [
                1133.212,
                1137.39
            ],
            [
                1144.503,
                1147.281
            ],
            [
                1148.033,
                1168.438
            ],
            [
                1171.329,
                1173.57
            ]
        ]
    },
    "E": {
        "duration": 119.95399999999995,
        "intervals": [
            [
                253.182,
                255.463
            ],
            [
                256.677,
                257.993
            ],
            [
                525.747,
                527.438
            ],
            [
                618.987,
                620.2479999999999
            ],
            [
                674.723,
                675.641
            ],
            [
                931.097,
                932.2379999999999
            ],
            [
                1057.084,
                1060.9750000000001
            ],
            [
                1069.99,
                1070.471
            ],
            [
                1073.009,
                1075.015
            ],
            [
                1078.08,
                1082.791
            ],
            [
                1087.109,
                1088.812
            ],
            [
                1093.929,
                1098.209
            ],
            [
                1112.798,
                1126.016
            ],
            [
                1127.591,
                1132.941
            ],
            [
                1137.39,
                1141.8519999999999
            ],
            [
                1147.281,
                1147.705
            ],
            [
                1168.439,
                1171.3300000000002
            ],
            [
                1173.842,
                1201.193
            ],
            [
                1206.642,
                1224.808
            ],
            [
                1229.975,
                1241.662
            ],
            [
                1284.41,
                1286.9950000000001
            ],
            [
                1307.591,
                1310.137
            ],
            [
                1320.273,
                1322.4699999999998
            ],
            [
                1322.754,
                1325.0829999999999
            ],
            [
                1373.5,
                1374.568
            ]
        ]
    },
    "F": {
        "duration": 239.83100000000033,