{
    "A": {
        "duration": 336.23199999999974,
        "intervals": [
            [
                1318.493,
                1325.606
            ],
            [
                1333.803,
                1539.142
            ],
            [
                2033.022,
                2038.2089999999998
            ],
            [
                2545.506,
                2546.873
            ],
            [
                2549.072,
                2639.888
            ],
            [
                2641.44,
                2667.85
            ]
        ]
    },
    "B": {
        "duration": 275.75599999999963,
        "intervals": [
            [
                1181.368,
                1182.0159999999998
            ],
            [
                1226.377,
                1226.571
            ],
            [
                1567.804,
                1719.211
            ],
            [
                1732.669,
                1739.807
            ],
            [
                1762.997,
                1828.4759999999999
            ],
            [
                1992.686,
                1993.2579999999998
            ],
            [
                2267.406,
                2268.761
            ],
            [
                2279.529,
                2298.085
            ],
            [
                2300.528,
                2318.3430000000003
            ],
            [
                2319.317,
                2324.307
            ],
            [
                2496.609,
                2502.8759999999997
            ],
            [
                2639.888,
                2641.223
            ]
        ]
    },
    "C": {
        "duration": 259.1519999999983,
        "intervals": [
            [
                13.036,
                13.850999999999999
            ],
            [
                35.746,
                37.008
            ],
            [
                60.124,
                60.802
            ],
            [
                76.528,
                77.99300000000001
            ],
            [
                105.766,
                115.655
            ],
            [
                150.89,
                152.82
            ],
            [
                182.839,
                183.492
            ],
            [
                195.414,
                199.309
            ],
            [
                259.257,
                261.19100000000003
            ],
            [
                273.561,
                278.606
            ],
            [
                330.237,
                331.59700000000004
            ],
            [
                349.167,
                349.64099999999996
            ],
            [
                593.701,
                594.13
            ],
            [
                605.387,
                606.2779999999999
            ],
            [
                672.719,
                675.8100000000001
            ],
            [
                695.282,
                698.163
            ],
            [
                709.388,
                711.835
            ],
            [
                875.065,
                877.966
            ],
            [
                885.769,
                887.792
            ],
            [
                942.067,
                947.445
            ],
            [
                952.128,
                954.9970000000001
            ],
            [
                1059.917,
                1061.993
            ],
            [
                1093.792,
                1104.8719999999998
            ],
            [
                1110.009,
                1119.9180000000001
            ],
            [
                1126.216,
                1129.193
            ],
            [
                1131.762,
                1147.6409999999998
            ],
            [
                1160.325,
                1180.4889999999998
            ],
            [
                1249.391,
                1257.213
            ],
            [
                1261.253,
                1262.9289999999999
            ],
            [
                1266.221,
                1268.997
            ],
            [
                1272.272,
                1276.965
            ],
            [
                1280.308,
                1291.947
            ],
            [
                1303.649,
                1303.9409999999998
            ],
            [
                1308.538,
                1313.742
            ],
            [
                1551.363,
                1552.47
            ],
            [
                1719.212,
                1722.201
            ],
            [
                1739.807,
                1743.911
            ],
            [
                1751.424,
                1754.043
            ],
            [
                1755.872,
                1762.997
            ],
            [
                1828.664,
                1841.894
            ],
            [
                1843.56,
                1846.808
            ],
            [
                1939.962,
                1950.21
            ],
            [
                2045.9,
                2052.076
            ],
            [
                2054.606,
                2055.3720000000003
            ],
            [
                2086.481,
                2088.692
            ],
            [
                2103.725,
                2105.3109999999997
            ],
            [
                2172.553,
                2177.0209999999997
            ],
            [
                2186.207,
                2187.79
            ],
            [
                2192.873,
                2194.031
            ],
            [
                2200.665,
                2204.433
            ],
            [
                2204.791,
                2206.8920000000003
            ],
            [
                2268.962,
                2271.741
            ],
            [
                2274.615,
                2275.5719999999997
            ],
            [
                2279.51,
                2279.529
            ],
            [
                2318.613,
                2318.9739999999997
            ],
            [
                2324.307,
                2337.427
            ],
            [
                2341.477,
                2345.412
            ],
            [
                2489.056,
                2492.073
            ],
            [
                2494.236,
                2494.7909999999997
            ],
            [
                2508.376,
                2517.728
            ],
            [
                2528.793,
                2530.938
            ],
            [
                2667.85,
                2672.005
            ],
            [
                2693.243,
                2693.537
            ],
            [
                2696.536,
                2696.993
            ],
            [
                2745.033,
                2746.04
            ],
            [
                2768.378,
                2768.393
            ]
        ]
    },
    "D": {
        "duration": 92.14800000000014,
        "intervals": [
            [
                1849.065,
                1939.6509999999998
            ],
            [
                2231.191,
                2231.636
            ],
            [
                2242.249,
                2242.8089999999997
            ],
            [
                2251.768,
                2252.121
            ],
            [
                2276.304,
                2276.5080000000003
            ]
        ]
    },
    "E": {
        "duration": 295.3589999999994,