{
    "A": {
        "duration": 762.2490000000008,
        "intervals": [
            [
                8.262,
                17.775
            ],
            [
                22.444,
                30.183
            ],
            [
                40.426,
                48.466
            ],
            [
                51.418,
                79.34
            ],
            [
                161.841,
                187.757
            ],
            [
                196.742,
                215.739
            ],
            [
                219.051,
                224.129
            ],
            [
                236.277,
                245.324
            ],
            [
                254.116,
                265.491
            ],
            [
                337.402,
                354.442
            ],
            [
                380.438,
                386.896
            ],
            [
                465.659,
                487.17299999999994
            ],
            [
                579.535,
                585.1160000000001
            ],
            [
                588.514,
                598.2850000000001
            ],
            [
                658.847,
                668.744
            ],
            [
                671.716,
                680.42
            ],
            [
                683.984,
                704.446
            ],
            [
                709.364,
                714.6139999999999
            ],
            [
                721.909,
                730.1039999999999
            ],
            [
                748.226,
                781.304
            ],
            [
                782.507,
                803.855
            ],
            [
                806.809,
                816.191
            ],
            [
                817.037,
                830.085
            ],
            [
                845.524,
                865.198
            ],
            [
                871.992,
                877.728
            ],
            [
                961.5,
                969.043
            ],
            [
                981.018,
                992.355
            ],
            [
                1052.693,
                1058.441
            ],
            [
                1070.943,
                1084.227
            ],
            [
                1085.954,
                1095.137
            ],
            [
                1356.75,
                1377.619
            ],
            [
                1519.13,
                1525.336
            ],
            [
                1553.901,
                1559.897
            ],
            [
                1567.617,
                1574.692
            ],
            [
                1576.835,
                1590.297
            ],
            [
                1691.825,
                1696.933
            ],
            [
                1772.648,
                1789.6370000000002
            ],
            [
                1829.562,
                1838.314
            ],
            [
                1840.222,
                1866.925
            ],
            [
                1868.105,
                1892.013
            ],
            [
                1916.696,
                1947.795
            ],
            [
                2015.84,
                2025.44
            ],
            [
                2096.052,
                2126.87
            ],
            [
                2162.207,
                2169.033
            ],
            [
                2194.774,
                2205.348
            ],
            [
                2208.21,
                2213.685
            ],
            [
                2268.609,
                2278.081
            ],
            [
                2363.266,
                2382.085
            ],
            [
                2384.817,
                2396.677
            ],
            [
                2511.204,
                2523.9590000000003
            ],
            [
                2567.322,
                2588.909
            ],
            [
                2591.359,
                2663.795
            ]
        ]
    },
    "B": {
        "duration": 217.02300000000048,
        "intervals": [
            [
                113.746,
                135.361
            ],
            [
                137.698,
                144.687
            ],
            [
                147.673,
                158.24699999999999
            ],
            [
                1423.259,
                1429.932
            ],
            [
                1430.605,
                1506.8090000000002
            ],
            [
                1701.547,
                1744.173
            ],
            [
                1904.594,
                1911.175
            ],
            [
                2147.16,
                2158.8450000000003
            ],
            [
                2169.394,
                2174.4509999999996
            ],
            [
                2262.428,
                2268.609
            ],
            [
                2448.296,
                2457.2749999999996
            ],
            [
                2472.917,
                2486.7760000000003
            ]
        ]
    },
    "C": {
        "duration": 212.55899999999968,
        "intervals": [
            [
                93.621,
                102.136
            ],
            [
                103.204,
                113.08
            ],
            [
                884.741,
                905.867
            ],
            [
                909.21,
                952.975
            ],
            [
                999.054,
                1035.1239999999998
            ],
            [
                1398.462,
                1409.078
            ],
            [
                1658.975,
                1687.012
            ],
            [
                1748.895,
                1756.0919999999999
            ],
            [
                2034.21,
                2040.746
            ],
            [
                2398.989,
                2439.81
            ]
        ]
    },
    "D": {
        "duration": 285.55199999999985,
        "intervals": [
            [
                276.458,
                337.004
            ],
            [
                358.177,
                380.439
            ],
            [
                400.251,
                454.094
            ],
            [
                454.65,
                464.948
            ],
            [
                491.476,
                542.967
            ],
            [
                545.461,
                576.6049999999999
            ],
            [
                602.495,
                658.463
            ]
        ]
    },
    "E": {
        "duration": 185.1850000000004,
        "intervals": [
            [
                1118.953,
                1188.692
            ],
            [
                1599.137,
                1633.099
            ],
            [
                2234.744,
                2261.958
            ],
            [
                2278.081,
                2298.813
            ],
            [
                2339.179,
                2351.871
            ],
            [
                2457.275,
                2462.6330000000003
            ],
            [
                2467.074,
                2472.916
            ],
            [
                2542.308,
                2551.954
            ]
        ]
    },
    "F": {
        "duration": 81.91300000000024,