{
    "A": {
        "duration": 248.22500000000036,
        "intervals": [
            [
                1235.25,
                1241.592
            ],
            [
                1270.34,
                1277.12
            ],
            [
                1346.156,
                1380.831
            ],
            [
                1395.352,
                1447.271
            ],
            [
                1450.936,
                1470.4740000000002
            ],
            [
                1497.947,
                1523.0049999999999
            ],
            [
                1879.374,
                1936.071
            ],
            [
                2450.49,
                2472.67
            ],
            [
                2517.205,
                2542.241
            ]
        ]
    },
    "B": {
        "duration": 213.34000000000015,
        "intervals": [
            [
                400.81,
                408.856
            ],
            [
                418.721,
                426.90500000000003
            ],
            [
                943.942,
                952.818
            ],
            [
                1090.392,
                1100.5929999999998
            ],
            [
                1103.142,
                1111.191
            ],
            [
                1121.455,
                1139.8
            ],
            [
                1177.713,
                1199.0629999999999
            ],
            [
                1940.411,
                1959.804
            ],
            [
                1984.792,
                1997.052
            ],
            [
                2051.308,
                2057.138
            ],
            [
                2231.992,
                2238.273
            ],
            [
                2425.035,
                2433.545
            ],
            [
                2472.67,
                2478.313
            ],
            [
                2480.146,
                2486.641
            ],
            [
                2497.915,
                2508.637
            ],
            [
                2553.358,
                2558.6130000000003
            ],
            [
                2570.052,
                2585.3360000000002
            ],
            [
                2612.91,
                2647.526
            ]
        ]
    },
    "C": {
        "duration": 249.7930000000001,
        "intervals": [
            [
                68.702,
                74.275
            ],
            [
                285.392,
                292.884
            ],
            [
                333.097,
                342.044
            ],
            [
                359.684,
                366.312
            ],
            [
                378.089,
                386.697
            ],
            [
                446.597,
                457.222
            ],
            [
                782.399,
                788.459
            ],
            [
                1049.429,
                1060.803
            ],
            [
                1153.033,
                1163.156
            ],
            [
                1172.659,
                1177.7130000000002
            ],
            [
                1200.737,
                1210.193
            ],
            [
                1277.12,
                1282.2969999999998
            ],
            [
                1320.683,
                1326.409
            ],
            [
                1380.831,
                1390.646
            ],
            [
                1533.954,
                1542.9370000000001
            ],
            [
                1551.246,
                1556.403
            ],
            [
                1574.581,
                1579.927
            ],
            [
                1640.994,
                1647.886
            ],
            [
                1701.743,
                1709.7640000000001
            ],
            [
                1719.914,
                1731.4170000000001
            ],
            [
                1735.867,
                1743.4950000000001
            ],
            [
                1743.665,
                1750.665
            ],
            [
                1756.855,
                1767.3909999999998
            ],
            [
                1869.976,
                1878.115
            ],
            [
                1978.197,
                1984.2109999999998
            ],
            [
                2096.125,
                2103.6949999999997
            ],
            [
                2105.988,
                2117.011
            ],
            [
                2384.726,
                2394.873
            ],
            [
                2414.1,
                2419.6
            ],
            [
                2601.737,
                2612.91
            ],
            [
                2651.888,
                2660.391
            ]
        ]
    },
    "D": {
        "duration": 188.36199999999957,
        "intervals": [
            [
                326.918,
                333.098
            ],
            [
                520.901,
                532.221
            ],
            [
                569.636,
                585.477
            ],
            [
                716.686,
                723.0160000000001
            ],
            [
                908.275,
                922.107
            ],
            [
                1241.592,
                1259.135
            ],
            [
                1326.409,
                1337.121
            ],
            [
                1470.474,
                1479.495
            ],
            [
                1556.403,
                1565.289
            ],
            [
                1861.392,
                1869.77
            ],
            [
                1959.803,
                1978.1979999999999
            ],
            [
                2057.138,
                2062.4809999999998
            ],
            [
                2138.493,
                2146.9210000000003
            ],
            [
                2361.081,
                2369.299
            ],
            [
                2433.545,
                2446.029
            ],
            [
                2486.641,
                2497.1150000000002
            ],
            [
                2561.907,
                2569.599
            ],
            [
                2680.525,
                2689.81
            ]
        ]
    },
    "E": {
        "duration": 193.86899999999952,