{
    "A": {
        "duration": 286.3689999999999,
        "intervals": [
            [
                10.211,
                15.704
            ],
            [
                30.743,
                37.417
            ],
            [
                127.793,
                133.108
            ],
            [
                203.784,
                214.42399999999998
            ],
            [
                338.394,
                347.491
            ],
            [
                348.408,
                359.054
            ],
            [
                389.792,
                395.82
            ],
            [
                854.11,
                864.678
            ],
            [
                881.393,
                886.84
            ],
            [
                1074.593,
                1080.6100000000001
            ],
            [
                1209.737,
                1215.852
            ],
            [
                1228.487,
                1233.629
            ],
            [
                1234.211,
                1239.317
            ],
            [
                1294.847,
                1308.075
            ],
            [
                1475.699,
                1485.992
            ],
            [
                1494.55,
                1509.904
            ],
            [
                1523.61,
                1531.007
            ],
            [
                1540.031,
                1546.1899999999998
            ],
            [
                1571.046,
                1584.61
            ],
            [
                1603.034,
                1610.188
            ],
            [
                1617.492,
                1628.817
            ],
            [
                1670.792,
                1690.232
            ],
            [
                1693.329,
                1713.4769999999999
            ],
            [
                1721.842,
                1727.7530000000002
            ],
            [
                1738.193,
                1746.317
            ],
            [
                1768.416,
                1789.324
            ],
            [
                1822.593,
                1847.2130000000002
            ],
            [
                1854.652,
                1865.108
            ]
        ]
    },
    "B": {
        "duration": 116.80699999999999,
        "intervals": [
            [
                235.443,
                338.394
            ],
            [
                367.754,
                381.61
            ]
        ]
    },
    "C": {
        "duration": 579.6159999999998,
        "intervals": [
            [
                54.947,
                63.324999999999996
            ],
            [
                70.492,
                77.25399999999999
            ],
            [
                97.07,
                115.53500000000001
            ],
            [
                133.577,
                147.177
            ],
            [
                150.643,
                170.34
            ],
            [
                174.277,
                193.137
            ],
            [
                396.374,
                443.868
            ],
            [
                446.097,
                459.757
            ],
            [
                460.937,
                467.957
            ],
            [
                468.61,
                475.99
            ],
            [
                486.299,
                523.808
            ],
            [
                547.16,
                552.285
            ],
            [
                556.392,
                562.132
            ],
            [
                563.915,
                588.483
            ],
            [
                590.714,
                676.576
            ],
            [
                752.47,
                770.393
            ],
            [
                846.663,
                854.11
            ],
            [
                865.024,
                881.393
            ],
            [
                891.351,
                912.412
            ],
            [
                916.093,
                924.495
            ],
            [
                924.996,
                933.5
            ],
            [
                936.048,
                952.821
            ],
            [
                955.339,
                963.8679999999999
            ],
            [
                1033.385,
                1040.85
            ],
            [
                1043.061,
                1073.9099999999999
            ],
            [
                1081.73,
                1089.2849999999999
            ],
            [
                1100.679,
                1114.0
            ],
            [
                1216.227,
                1223.681
            ],
            [
                1285.708,
                1294.847
            ],
            [
                1308.633,
                1332.8980000000001
            ],
            [
                1335.138,
                1356.573
            ],
            [
                1592.153,
                1602.6290000000001
            ],
            [
                1797.599,
                1814.034
            ],
            [
                1816.499,
                1822.5929999999998
            ]
        ]
    },
    "D": {
        "duration": 50.739000000000146,
        "intervals": [
            [
                976.55,
                998.446
            ],
            [
                1000.338,
                1029.181
            ]
        ]
    },
    "E": {
        "duration": 263.9100000000002,
        "intervals": [
            [
                691.087,
                699.9359999999999
            ],
            [
                702.461,
                726.1370000000001
            ],
            [
                726.491,
                742.452
            ],
            [
                795.683,
                801.625
            ],
            [
                805.906,
                843.163
            ],
            [
                1115.206,
                1128.327
            ],
            [
                1129.783,
                1151.2649999999999
            ],
            [
                1156.056,
                1161.4850000000001
            ],
            [
                1163.039,
                1208.7749999999999
            ],
            [
                1240.685,
                1245.847
            ],
            [
                1248.672,
                1283.516
            ],
            [
                1632.616,
                1670.792
            ],
            [
                1789.324,
                1797.5990000000002
            ]
        ]
    },
    "F": {
        "duration": 91.36300000000006,
        "intervals": [
            [
                1361.612,
                1383.266
            ],
            [
                1391.239,
                1416.039
            ],
            [
                1419.368,
                1443.557
            ],
            [
                1447.603,
                1468.323
            ]
        ]
    }
}