{
    "A": {
        "duration": 52.41599999999997,
        "intervals": [
            [
                162.78,
                177.375
            ],
            [
                179.855,
                195.23899999999998
            ],
            [
                198.302,
                212.88
            ],
            [
                403.993,
                411.852
            ]
        ]
    },
    "B": {
        "duration": 129.34700000000004,
        "intervals": [
            [
                449.594,
                551.3399999999999
            ],
            [
                602.92,
                630.5210000000001
            ]
        ]
    },
    "C": {
        "duration": 98.94099999999983,
        "intervals": [
            [
                242.76,
                248.395
            ],
            [
                658.01,
                693.993
            ],
            [
                703.623,
                722.1940000000001
            ],
            [
                756.528,
                761.874
            ],
            [
                939.391,
                951.3919999999999
            ],
            [
                1255.613,
                1261.1299999999999
            ],
            [
                1573.548,
                1583.2949999999998
            ],
            [
                1651.139,
                1657.28
            ]
        ]
    },
    "D": {
        "duration": 243.05500000000006,
        "intervals": [
            [
                48.472,
                55.159
            ],
            [
                58.239,
                63.864
            ],
            [
                151.801,
                158.255
            ],
            [
                326.339,
                337.416
            ],
            [
                344.756,
                352.564
            ],
            [
                432.965,
                440.319
            ],
            [
                584.488,
                592.474
            ],
            [
                645.918,
                657.111
            ],
            [
                722.194,
                746.135
            ],
            [
                767.667,
                776.307
            ],
            [
                787.592,
                799.0989999999999
            ],
            [
                799.9,
                805.5169999999999
            ],
            [
                896.192,
                903.625
            ],
            [
                920.916,
                938.5740000000001
            ],
            [
                951.392,
                966.595
            ],
            [
                974.455,
                980.8370000000001
            ],
            [
                1001.476,
                1013.533
            ],
            [
                1040.486,
                1046.3580000000002
            ],
            [
                1050.68,
                1064.619
            ],
            [
                1303.062,
                1309.965
            ],
            [
                1375.48,
                1385.606
            ],
            [
                1494.084,
                1502.3999999999999
            ],
            [
                1541.484,
                1548.803
            ],
            [
                1583.459,
                1596.3400000000001
            ],
            [
                1821.614,
                1826.691
            ]
        ]
    },
    "E": {
        "duration": 73.096,
        "intervals": [
            [
                248.395,
                253.999
            ],
            [
                256.493,
                269.01
            ],
            [
                833.333,
                888.308
            ]
        ]
    },
    "F": {
        "duration": 98.23400000000015,
        "intervals": [
            [
                395.55,
                403.993
            ],
            [
                888.308,
                896.015
            ],
            [
                1020.686,
                1035.592
            ],
            [
                1596.993,
                1638.349
            ],
            [
                1687.19,
                1692.219
            ],
            [
                1720.145,
                1732.526
            ],
            [
                1736.66,
                1745.0720000000001
            ]
        ]
    },
    "G": {
        "duration": 233.95400000000024,
        "intervals": [
            [
                411.851,
                428.296
            ],
            [
                1092.285,
                1103.709
            ],
            [
                1106.126,
                1202.705
            ],
            [
                1211.804,
                1218.224
            ],
            [
                1230.517,
                1249.766
            ],
            [
                1310.924,
                1326.651
            ],
            [
                1333.14,
                1340.662
            ],
            [
                1344.021,
                1356.888
            ],
            [
                1479.158,
                1484.327
            ],
            [
                1707.07,
                1720.1450000000002
            ],
            [
                1759.514,
                1788.991
            ]
        ]
    },
    "H": {
        "duration": 282.35300000000024,
        "intervals": [
            [
                0.061,
                15.995999999999999
            ],
            [
                19.735,
                24.904
            ],
            [
                27.527,
                41.958
            ],
            [
                64.572,
                75.011
            ],
            [
                94.88,
                102.327
            ],
            [
                104.91,
                112.386
            ],
            [
                135.174,
                141.763
            ],
            [
                143.616,
                150.64000000000001
            ],
            [
                213.744,
                226.417
            ],
            [
                276.17,
                286.027
            ],
            [
                297.194,
                304.29699999999997
            ],
            [
                309.344,
                317.11199999999997
            ],
            [
                319.736,
                325.048
            ],
            [
                338.241,
                343.65700000000004
            ],
            [
                353.152,
                364.397
            ],
            [
                373.209,
                387.202
            ],
            [
                442.176,
                449.222
            ],
            [
                552.592,
                563.386
            ],
            [
                568.983,
                575.09
            ],
            [
                631.579,
                639.0649999999999
            ],
            [
                776.307,
                782.192
            ],
            [
                813.233,
                828.7620000000001
            ],
            [
                915.398,
                920.421
            ],
            [
                981.178,
                986.608
            ],
            [
                1267.446,
                1291.602
            ],
            [
                1524.442,
                1541.484
            ],
            [
                1657.28,
                1671.762
            ],
            [
                1788.991,
                1797.175
            ],
            [
                1799.761,
                1807.073
            ]
        ]
    },
    "I": {
        "duration": 81.50299999999993,