{
    "A": {
        "duration": 40.056,
        "intervals": [
            [
                88.592,
                128.648
            ]
        ]
    },
    "B": {
        "duration": 95.29199999999997,
        "intervals": [
            [
                171.951,
                208.192
            ],
            [
                220.565,
                226.124
            ],
            [
                307.424,
                309.82899999999995
            ],
            [
                353.639,
                357.73
            ],
            [
                466.084,
                470.127
            ],
            [
                473.3,
                475.992
            ],
            [
                523.017,
                533.313
            ],
            [
                535.14,
                565.105
            ]
        ]
    },
    "C": {
        "duration": 387.4279999999999,
        "intervals": [
            [
                0.01,
                86.751
            ],
            [
                129.735,
                170.184
            ],
            [
                208.192,
                220.066
            ],
            [
                226.933,
                304.263
            ],
            [
                309.828,
                323.25699999999995
            ],
            [
                331.01,
                353.64
            ],
            [
                360.448,
                364.954
            ],
            [
                370.001,
                373.224
            ],
            [
                374.551,
                377.875
            ],
            [
                378.937,
                406.694
            ],
            [
                409.919,
                411.976
            ],
            [
                470.127,
                470.79
            ],
            [
                472.716,
                473.3
            ],
            [
                475.991,
                477.635
            ],
            [
                513.447,
                519.497
            ],
            [
                533.312,
                534.716
            ],
            [
                565.363,
                649.126
            ]
        ]
    },
    "D": {
        "duration": 113.0970000000001,
        "intervals": [
            [
                305.849,
                306.82099999999997
            ],
            [
                323.258,
                331.01
            ],
            [
                357.73,
                360.077
            ],
            [
                365.209,
                369.78200000000004
            ],
            [
                373.802,
                374.55100000000004
            ],
            [
                378.022,
                378.8
            ],
            [
                406.694,
                409.91900000000004
            ],
            [
                412.774,
                466.084
            ],
            [
                471.076,
                472.01800000000003
            ],
            [
                477.917,
                512.846
            ],
            [
                519.497,
                523.0169999999999
            ]
        ]
    }
}