{
    "A": {
        "duration": 239.95100000000133,
        "intervals": [
            [
                222.283,
                222.29999999999998
            ],
            [
                981.865,
                985.577
            ],
            [
                1317.2,
                1320.8990000000001
            ],
            [
                1603.262,
                1605.5919999999999
            ],
            [
                1613.807,
                1619.55
            ],
            [
                1664.81,
                1672.7079999999999
            ],
            [
                1676.616,
                1680.317
            ],
            [
                1875.523,
                1877.972
            ],
            [
                1904.081,
                1915.002
            ],
            [
                1950.335,
                1956.771
            ],
            [
                1963.902,
                1966.724
            ],
            [
                1969.962,
                1970.352
            ],
            [
                2003.594,
                2015.0300000000002
            ],
            [
                2034.722,
                2043.445
            ],
            [
                2058.043,
                2061.344
            ],
            [
                2070.326,
                2073.762
            ],
            [
                2079.997,
                2093.44
            ],
            [
                2312.737,
                2315.29
            ],
            [
                2320.005,
                2322.536
            ],
            [
                2326.654,
                2337.152
            ],
            [
                2376.604,
                2377.173
            ],
            [
                2458.323,
                2460.122
            ],
            [
                2465.792,
                2468.991
            ],
            [
                2600.932,
                2601.118
            ],
            [
                2657.392,
                2662.004
            ],
            [
                2703.751,
                2712.556
            ],
            [
                2739.81,
                2742.2889999999998
            ],
            [
                2759.547,
                2769.283
            ],
            [
                2769.652,
                2772.4500000000003
            ],
            [
                2774.881,
                2819.61
            ],
            [
                2837.411,
                2840.315
            ],
            [
                2855.405,
                2870.7920000000004
            ],
            [
                2876.428,
                2883.409
            ],
            [
                2885.411,
                2887.141
            ],
            [
                2898.647,
                2905.436
            ],
            [
                2955.791,
                2963.0510000000004
            ],
            [
                2966.426,
                2973.799
            ],
            [
                2977.793,
                2981.492
            ],
            [
                3014.142,
                3017.019
            ]
        ]
    },
    "B": {
        "duration": 533.1960000000003,
        "intervals": [
            [
                169.108,
                221.858
            ],
            [
                222.299,
                233.938
            ],
            [
                482.325,
                482.332
            ],
            [
                864.889,
                865.95
            ],
            [
                875.05,
                940.685
            ],
            [
                950.599,
                981.8649999999999
            ],
            [
                1237.908,
                1317.201
            ],
            [
                1349.698,
                1353.039
            ],
            [
                1362.977,
                1365.7060000000001
            ],
            [
                1387.815,
                1435.301
            ],
            [
                1442.09,
                1444.559
            ],
            [
                1642.118,
                1642.201
            ],
            [
                1680.316,
                1687.113
            ],
            [
                1693.68,
                1722.5800000000002
            ],
            [
                1723.795,
                1769.9160000000002
            ],
            [
                2064.015,
                2070.326
            ],
            [
                2073.762,
                2079.7580000000003
            ],
            [
                2093.44,
                2096.592
            ],
            [
                2543.549,
                2553.645
            ],
            [
                2561.726,
                2600.0780000000004
            ],
            [
                2601.654,
                2626.366
            ],
            [
                2630.401,
                2637.4089999999997
            ],
            [
                2638.675,
                2649.606
            ],
            [
                2853.341,
                2855.4049999999997
            ],
            [
                3017.019,
                3062.0159999999996
            ]
        ]
    },
    "C": {
        "duration": 185.66199999999913,
        "intervals": [
            [
                1672.871,
                1676.616
            ],
            [
                1986.228,
                1986.2450000000001
            ],
            [
                2122.219,
                2216.607
            ],
            [
                2230.175,
                2235.494
            ],
            [
                2262.323,
                2290.5029999999997
            ],
            [
                2301.414,
                2312.738
            ],
            [
                2315.589,
                2320.005
            ],
            [
                2387.492,
                2391.922
            ],
            [
                2729.693,
                2739.81
            ],
            [
                2742.289,
                2753.963
            ],
            [
                2833.385,
                2837.2160000000003
            ],
            [
                2922.384,
                2926.805
            ],
            [
                3092.99,
                3096.79
            ]
        ]
    },
    "D": {
        "duration": 175.26599999999996,
        "intervals": [
            [
                319.157,
                386.613
            ],
            [
                1479.411,
                1516.798
            ],
            [
                1518.546,
                1564.912
            ],
            [
                1571.884,
                1577.47
            ],
            [
                1589.149,
                1594.809
            ],
            [
                1638.218,
                1641.919
            ],
            [
                2030.408,
                2034.309
            ],
            [
                2638.286,
                2638.674
            ],
            [
                2769.284,
                2769.331
            ],
            [
                2772.618,
                2774.881
            ],
            [
                2819.61,
                2820.842
            ],
            [
                3091.711,
                3092.99
            ]
        ]
    },
    "E": {
        "duration": 585.1140000000003,