{
    "A": {
        "duration": 443.3790000000005,
        "intervals": [
            [
                25.221,
                43.884
            ],
            [
                109.357,
                115.66499999999999
            ],
            [
                155.593,
                206.41299999999998
            ],
            [
                302.643,
                302.986
            ],
            [
                345.951,
                362.09
            ],
            [
                365.567,
                368.971
            ],
            [
                383.614,
                384.72299999999996
            ],
            [
                424.275,
                427.32599999999996
            ],
            [
                460.586,
                480.992
            ],
            [
                504.903,
                516.041
            ],
            [
                536.451,
                540.304
            ],
            [
                559.192,
                562.518
            ],
            [
                597.544,
                602.218
            ],
            [
                609.638,
                614.0540000000001
            ],
            [
                765.82,
                777.7070000000001
            ],
            [
                786.797,
                789.419
            ],
            [
                795.388,
                802.205
            ],
            [
                830.473,
                874.744
            ],
            [
                884.009,
                887.003
            ],
            [
                900.275,
                908.432
            ],
            [
                935.81,
                943.7159999999999
            ],
            [
                950.604,
                951.974
            ],
            [
                999.879,
                1002.196
            ],
            [
                1011.157,
                1013.9920000000001
            ],
            [
                1105.063,
                1112.0310000000002
            ],
            [
                1165.222,
                1165.983
            ],
            [
                1170.793,
                1177.2189999999998
            ],
            [
                1198.258,
                1201.874
            ],
            [
                1224.595,
                1227.4080000000001
            ],
            [
                1229.81,
                1238.689
            ],
            [
                1287.068,
                1297.903
            ],
            [
                1312.959,
                1319.518
            ],
            [
                1384.312,
                1399.2450000000001
            ],
            [
                1407.837,
                1410.161
            ],
            [
                1413.585,
                1420.793
            ],
            [
                1423.609,
                1428.359
            ],
            [
                1436.888,
                1441.066
            ],
            [
                1448.699,
                1457.895
            ],
            [
                1535.392,
                1541.924
            ],
            [
                1547.227,
                1548.758
            ],
            [
                1548.992,
                1561.358
            ],
            [
                1580.381,
                1587.6499999999999
            ],
            [
                1610.651,
                1616.23
            ],
            [
                1617.72,
                1621.851
            ],
            [
                1623.873,
                1638.267
            ],
            [
                1641.111,
                1643.1090000000002
            ],
            [
                1645.962,
                1663.463
            ],
            [
                1674.884,
                1678.644
            ],
            [
                1681.946,
                1684.548
            ],
            [
                1696.012,
                1725.862
            ],
            [
                1736.264,
                1743.858
            ]
        ]
    },
    "B": {
        "duration": 251.49499999999955,