{
    "A": {
        "duration": 149.42200000000003,
        "intervals": [
            [
                115.776,
                137.60899999999998
            ],
            [
                150.333,
                181.769
            ],
            [
                190.623,
                229.856
            ],
            [
                232.887,
                289.807
            ]
        ]
    },
    "B": {
        "duration": 306.6329999999997,
        "intervals": [
            [
                0.245,
                1.612
            ],
            [
                300.235,
                408.10499999999996
            ],
            [
                528.11,
                543.797
            ],
            [
                545.889,
                552.518
            ],
            [
                561.036,
                563.931
            ],
            [
                566.35,
                567.688
            ],
            [
                570.907,
                574.967
            ],
            [
                577.66,
                583.591
            ],
            [
                587.64,
                591.833
            ],
            [
                594.569,
                599.045
            ],
            [
                627.392,
                676.795
            ],
            [
                681.477,
                695.277
            ],
            [
                698.677,
                722.61
            ],
            [
                1066.854,
                1067.316
            ],
            [
                1103.414,
                1153.8439999999998
            ],
            [
                1183.592,
                1186.999
            ],
            [
                1286.351,
                1288.46
            ],
            [
                1367.057,
                1375.7
            ]
        ]
    },
    "C": {
        "duration": 68.35400000000004,
        "intervals": [
            [
                436.298,
                479.37300000000005
            ],
            [
                1025.575,
                1026.771
            ],
            [
                1034.007,
                1045.305
            ],
            [
                1058.937,
                1065.098
            ],
            [
                1067.764,
                1068.954
            ],
            [
                1078.68,
                1080.842
            ],
            [
                1093.041,
                1094.8229999999999
            ],
            [
                1101.301,
                1102.791
            ]
        ]
    },
    "D": {
        "duration": 111.72800000000007,
        "intervals": [
            [
                543.797,
                545.461
            ],
            [
                583.986,
                587.39
            ],
            [
                764.562,
                815.104
            ],
            [
                848.411,
                904.529
            ]
        ]
    },
    "E": {
        "duration": 429.775,
        "intervals": [
            [
                5.007,
                115.419
            ],
            [
                137.609,
                149.119
            ],
            [
                181.769,
                190.242
            ],
            [
                229.856,
                232.328
            ],
            [
                289.808,
                298.615
            ],
            [
                408.313,
                426.465
            ],
            [
                428.601,
                436.298
            ],
            [
                479.915,
                486.457
            ],
            [
                489.846,
                525.4200000000001
            ],
            [
                553.502,
                561.0369999999999
            ],
            [
                570.296,
                570.3380000000001
            ],
            [
                575.35,
                577.66
            ],
            [
                601.96,
                627.3919999999999
            ],
            [
                676.796,
                681.4770000000001
            ],
            [
                695.277,
                698.677
            ],
            [
                722.609,
                762.402
            ],
            [
                815.66,
                848.052
            ],
            [
                905.268,
                915.404
            ],
            [
                1009.724,
                1024.7920000000001
            ],
            [
                1027.196,
                1033.57
            ],
            [
                1045.305,
                1058.67
            ],
            [
                1069.424,
                1072.608
            ],
            [
                1076.024,
                1078.3139999999999
            ],
            [
                1080.842,
                1092.631
            ],
            [
                1095.056,
                1097.391
            ],
            [
                1102.997,
                1103.414
            ],
            [
                1154.127,
                1160.247
            ],
            [
                1177.335,
                1183.592
            ],
            [
                1257.638,
                1263.6609999999998
            ],
            [
                1290.992,
                1308.8
            ],
            [
                1313.926,
                1317.311
            ]
        ]
    },
    "F": {
        "duration": 101.5329999999999,
        "intervals": [
            [
                298.954,
                299.92900000000003
            ],
            [
                916.262,
                1009.724
            ],
            [
                1072.609,
                1076.0249999999999
            ],
            [
                1097.391,
                1101.071
            ]
        ]
    },
    "G": {
        "duration": 133.6379999999999,
        "intervals": [
            [
                2.508,
                5.007
            ],
            [
                426.997,
                428.19
            ],
            [
                486.791,
                489.44
            ],
            [
                525.725,
                527.812
            ],
            [
                563.93,
                565.9939999999999
            ],
            [
                568.014,
                570.295
            ],
            [
                592.375,
                594.238
            ],
            [
                599.046,
                601.692
            ],
            [
                1160.765,
                1177.1850000000002
            ],
            [
                1187.352,
                1257.638
            ],
            [
                1264.083,
                1286.351
            ],
            [
                1288.737,
                1290.9920000000002
            ],
            [
                1308.8,
                1313.927
            ]
        ]
    },
    "H": {
        "duration": 47.34299999999985,
        "intervals": [
            [
                1319.419,
                1366.762
            ]
        ]
    }
}