{
    "A": {
        "duration": 144.25699999999995,
        "intervals": [
            [
                27.996,
                46.382999999999996
            ],
            [
                48.431,
                79.496
            ],
            [
                100.297,
                145.731
            ],
            [
                155.906,
                166.048
            ],
            [
                186.538,
                193.202
            ],
            [
                203.177,
                235.687
            ],
            [
                919.956,
                919.991
            ],
            [
                926.502,
                926.5219999999999
            ]
        ]
    },
    "B": {
        "duration": 309.49900000000025,
        "intervals": [
            [
                4.592,
                7.4879999999999995
            ],
            [
                11.399,
                11.411
            ],
            [
                277.206,
                279.52000000000004
            ],
            [
                293.409,
                293.412
            ],
            [
                304.533,
                310.317
            ],
            [
                312.034,
                318.19100000000003
            ],
            [
                322.01,
                335.183
            ],
            [
                338.217,
                340.32099999999997
            ],
            [
                432.996,
                434.068
            ],
            [
                447.51,
                448.776
            ],
            [
                472.714,
                473.192
            ],
            [
                475.791,
                487.93
            ],
            [
                493.7,
                512.28
            ],
            [
                578.143,
                578.5500000000001
            ],
            [
                581.337,
                589.0360000000001
            ],
            [
                591.125,
                591.235
            ],
            [
                594.466,
                605.4159999999999
            ],
            [
                609.009,
                621.746
            ],
            [
                646.925,
                650.0619999999999
            ],
            [
                673.476,
                675.395
            ],
            [
                681.448,
                684.7719999999999
            ],
            [
                687.412,
                688.615
            ],
            [
                697.246,
                715.992
            ],
            [
                729.515,
                732.941
            ],
            [
                799.009,
                802.119
            ],
            [
                811.222,
                820.792
            ],
            [
                830.328,
                830.914
            ],
            [
                831.467,
                837.0690000000001
            ],
            [
                903.871,
                912.1550000000001
            ],
            [
                929.649,
                929.9920000000001
            ],
            [
                934.548,
                944.693
            ],
            [
                948.21,
                950.586
            ],
            [
                955.343,
                957.8929999999999
            ],
            [
                960.67,
                973.087
            ],
            [
                975.929,
                981.9780000000001
            ],
            [
                994.881,
                997.468
            ],
            [
                1173.508,
                1175.72
            ],
            [
                1201.535,
                1203.7610000000002
            ],
            [
                1234.612,
                1237.044
            ],
            [
                1242.003,
                1244.887
            ],
            [
                1251.664,
                1252.867
            ],
            [
                1258.392,
                1259.251
            ],
            [
                1267.67,
                1280.21
            ],
            [
                1382.268,
                1384.593
            ],
            [
                1387.037,
                1390.933
            ],
            [
                1488.12,
                1491.841
            ],
            [
                1494.612,
                1510.515
            ],
            [
                1536.503,
                1541.827
            ],
            [
                1557.051,
                1565.8609999999999
            ],
            [
                1628.465,
                1632.7359999999999
            ],
            [
                1662.469,
                1666.065
            ],
            [
                1687.714,
                1689.565
            ],
            [
                1702.688,
                1707.296
            ],
            [
                1711.322,
                1715.8329999999999
            ],
            [
                1784.541,
                1792.53
            ],
            [
                1968.705,
                1982.011
            ],
            [
                1995.41,
                2004.661
            ],
            [
                2010.725,
                2011.4879999999998
            ],
            [
                2039.762,
                2041.5249999999999
            ]
        ]
    },
    "C": {
        "duration": 192.74999999999955,