{
    "A": {
        "duration": 369.8390000000003,
        "intervals": [
            [
                4.588,
                18.298
            ],
            [
                31.934,
                33.311
            ],
            [
                35.721,
                38.815999999999995
            ],
            [
                43.394,
                48.522999999999996
            ],
            [
                52.812,
                64.798
            ],
            [
                74.913,
                78.143
            ],
            [
                79.409,
                82.13600000000001
            ],
            [
                91.903,
                93.94000000000001
            ],
            [
                99.191,
                101.687
            ],
            [
                112.76,
                113.992
            ],
            [
                126.368,
                128.976
            ],
            [
                132.02,
                132.555
            ],
            [
                136.622,
                137.47600000000003
            ],
            [
                153.168,
                161.983
            ],
            [
                170.222,
                174.044
            ],
            [
                177.083,
                179.992
            ],
            [
                181.641,
                184.188
            ],
            [
                186.654,
                190.714
            ],
            [
                199.592,
                202.155
            ],
            [
                204.204,
                205.49800000000002
            ],
            [
                208.121,
                210.048
            ],
            [
                246.849,
                248.57500000000002
            ],
            [
                260.511,
                261.40700000000004
            ],
            [
                414.16,
                417.307
            ],
            [
                420.066,
                421.34299999999996
            ],
            [
                421.865,
                430.461
            ],
            [
                554.113,
                556.844
            ],
            [
                717.26,
                724.624
            ],
            [
                728.786,
                730.867
            ],
            [
                862.886,
                867.5
            ],
            [
                869.781,
                870.1909999999999
            ],
            [
                873.793,
                879.613
            ],
            [
                1003.538,
                1005.475
            ],
            [
                1018.406,
                1019.7189999999999
            ],
            [
                1029.497,
                1030.7930000000001
            ],
            [
                1033.153,
                1036.784
            ],
            [
                1039.792,
                1053.461
            ],
            [
                1063.193,
                1064.968
            ],
            [
                1067.232,
                1069.927
            ],
            [
                1072.481,
                1075.392
            ],
            [
                1076.905,
                1078.046
            ],
            [
                1080.189,
                1081.171
            ],
            [
                1325.553,
                1326.8370000000002
            ],
            [
                1331.25,
                1337.791
            ],
            [
                1343.944,
                1344.0049999999999
            ],
            [
                1357.047,
                1364.1319999999998
            ],
            [
                1369.81,
                1370.5929999999998
            ],
            [
                1374.263,
                1376.9979999999998
            ],
            [
                1629.939,
                1630.671
            ],
            [
                1659.341,
                1663.271
            ],
            [
                1673.004,
                1673.839
            ],
            [
                1681.653,
                1683.998
            ],
            [
                1689.878,
                1690.705
            ],
            [
                1692.922,
                1705.982
            ],
            [
                1740.984,
                1761.612
            ],
            [
                1767.882,
                1771.0600000000002
            ],
            [
                1815.662,
                1852.033
            ],
            [
                1869.583,
                1878.009
            ],
            [
                1883.149,
                1884.1989999999998
            ],
            [
                1896.632,
                1901.649
            ],
            [
                2013.955,
                2018.24
            ],
            [
                2021.298,
                2028.554
            ],
            [
                2028.794,
                2038.557
            ],
            [
                2050.559,
                2055.0730000000003
            ],
            [
                2065.483,
                2068.514
            ],
            [
                2071.141,
                2073.5930000000003
            ],
            [
                2078.541,
                2081.907
            ],
            [
                2083.134,
                2087.3140000000003
            ],
            [
                2097.392,
                2104.737
            ],
            [
                2111.11,
                2116.6890000000003
            ],
            [
                2130.319,
                2130.4339999999997
            ],
            [
                2151.733,
                2164.97
            ],
            [
                2172.229,
                2175.4719999999998
            ],
            [
                2254.098,
                2256.808
            ],
            [
                2273.434,
                2292.241
            ],
            [
                2367.395,
                2367.996
            ],
            [
                2376.678,
                2378.5139999999997
            ],
            [
                2386.213,
                2391.862
            ],
            [
                2395.896,
                2398.3900000000003
            ],
            [
                2473.237,
                2478.76
            ]
        ]
    },
    "B": {
        "duration": 372.00599999999963,
        "intervals": [
            [
                123.593,
                126.369
            ],
            [
                210.652,
                212.72299999999998
            ],
            [
                1394.008,
                1451.386
            ],
            [
                1452.769,
                1629.413
            ],
            [
                1631.178,
                1638.9679999999998
            ],
            [
                1641.818,
                1659.0790000000002
            ],
            [
                1663.271,
                1673.0049999999999
            ],
            [
                1674.01,
                1680.338
            ],
            [
                1712.117,
                1738.269
            ],
            [
                1763.439,
                1767.882
            ],
            [
                1771.316,
                1815.663
            ],
            [
                1852.033,
                1867.993
            ],
            [
                2471.28,
                2472.402
            ]
        ]
    },
    "C": {
        "duration": 224.71999999999935,