{
    "A": {
        "duration": 372.2789999999993,
        "intervals": [
            [
                0.987,
                7.035
            ],
            [
                11.757,
                14.743
            ],
            [
                158.416,
                159.618
            ],
            [
                165.038,
                167.984
            ],
            [
                170.88,
                183.904
            ],
            [
                311.56,
                314.992
            ],
            [
                318.585,
                318.791
            ],
            [
                326.217,
                327.926
            ],
            [
                418.856,
                424.85299999999995
            ],
            [
                426.681,
                446.749
            ],
            [
                449.219,
                457.457
            ],
            [
                458.98,
                467.603
            ],
            [
                656.586,
                674.101
            ],
            [
                677.288,
                681.801
            ],
            [
                684.126,
                695.689
            ],
            [
                696.325,
                698.4730000000001
            ],
            [
                699.499,
                702.364
            ],
            [
                704.935,
                708.459
            ],
            [
                712.626,
                714.239
            ],
            [
                800.665,
                817.138
            ],
            [
                875.224,
                889.311
            ],
            [
                890.524,
                892.655
            ],
            [
                894.132,
                896.6769999999999
            ],
            [
                1166.667,
                1170.501
            ],
            [
                1217.091,
                1218.4119999999998
            ],
            [
                1280.276,
                1286.59
            ],
            [
                1290.192,
                1302.294
            ],
            [
                1302.612,
                1308.6589999999999
            ],
            [
                1311.657,
                1323.855
            ],
            [
                1327.165,
                1330.9389999999999
            ],
            [
                1341.272,
                1341.446
            ],
            [
                1460.334,
                1462.41
            ],
            [
                1478.969,
                1481.738
            ],
            [
                1491.855,
                1493.04
            ],
            [
                1503.151,
                1506.808
            ],
            [
                1513.612,
                1518.18
            ],
            [
                1518.546,
                1524.012
            ],
            [
                1529.618,
                1531.483
            ],
            [
                1552.031,
                1558.305
            ],
            [
                1564.613,
                1570.669
            ],
            [
                1576.603,
                1581.979
            ],
            [
                1594.924,
                1595.017
            ],
            [
                1601.146,
                1604.405
            ],
            [
                1702.067,
                1707.119
            ],
            [
                1715.696,
                1723.3909999999998
            ],
            [
                1904.992,
                1907.297
            ],
            [
                1935.056,
                1947.692
            ],
            [
                1954.874,
                1958.6689999999999
            ],
            [
                1964.616,
                1968.882
            ],
            [
                2192.792,
                2204.672
            ],
            [
                2207.216,
                2209.411
            ],
            [
                2391.613,
                2394.048
            ],
            [
                2399.078,
                2416.871
            ],
            [
                2562.877,
                2570.361
            ],
            [
                2570.815,
                2582.259
            ],
            [
                2584.165,
                2593.792
            ],
            [
                2597.867,
                2612.016
            ],
            [
                2615.652,
                2617.232
            ],
            [
                2619.628,
                2623.087
            ],
            [
                2632.422,
                2635.888
            ],
            [
                2645.575,
                2648.68
            ],
            [
                2651.354,
                2656.348
            ],
            [
                2660.754,
                2661.8089999999997
            ]
        ]
    },
    "B": {
        "duration": 152.322,
        "intervals": [
            [
                919.927,
                920.739
            ],
            [
                1346.628,
                1459.828
            ],
            [
                1462.409,
                1478.565
            ],
            [
                1482.793,
                1489.8549999999998
            ],
            [
                1493.039,
                1503.15
            ],
            [
                1506.808,
                1508.812
            ],
            [
                1612.199,
                1615.1760000000002
            ]
        ]
    },
    "C": {
        "duration": 156.317,
        "intervals": [
            [
                1731.451,
                1757.59
            ],
            [
                1761.333,
                1804.137
            ],
            [
                1806.032,
                1821.2040000000002
            ],
            [
                1827.988,
                1848.8619999999999
            ],
            [
                1853.943,
                1863.72
            ],
            [
                1866.815,
                1868.7910000000002
            ],
            [
                1877.406,
                1899.073
            ],
            [
                1916.929,
                1934.837
            ]
        ]
    },
    "D": {
        "duration": 229.28400000000016,