{
    "A": {
        "duration": 86.11999999999998,
        "intervals": [
            [
                206.047,
                206.894
            ],
            [
                226.051,
                229.087
            ],
            [
                389.095,
                471.332
            ]
        ]
    },
    "B": {
        "duration": 113.82499999999979,
        "intervals": [
            [
                3.348,
                5.157
            ],
            [
                206.894,
                207.72400000000002
            ],
            [
                211.908,
                225.697
            ],
            [
                229.087,
                245.284
            ],
            [
                247.077,
                249.411
            ],
            [
                300.134,
                315.37
            ],
            [
                679.811,
                691.102
            ],
            [
                693.949,
                701.9399999999999
            ],
            [
                703.676,
                708.494
            ],
            [
                709.801,
                712.885
            ],
            [
                716.136,
                719.192
            ],
            [
                720.962,
                735.719
            ],
            [
                742.195,
                747.053
            ],
            [
                749.653,
                751.391
            ],
            [
                752.461,
                754.0139999999999
            ],
            [
                754.397,
                763.298
            ],
            [
                1053.643,
                1055.226
            ]
        ]
    },
    "C": {
        "duration": 432.2180000000003,
        "intervals": [
            [
                8.326,
                56.052
            ],
            [
                57.554,
                85.953
            ],
            [
                90.75,
                121.11399999999999
            ],
            [
                123.171,
                134.06
            ],
            [
                136.063,
                154.288
            ],
            [
                156.538,
                202.43800000000002
            ],
            [
                254.151,
                298.99300000000005
            ],
            [
                324.953,
                334.327
            ],
            [
                336.057,
                388.088
            ],
            [
                471.332,
                485.87600000000003
            ],
            [
                493.459,
                494.355
            ],
            [
                528.434,
                530.641
            ],
            [
                532.266,
                534.2049999999999
            ],
            [
                562.035,
                582.684
            ],
            [
                584.474,
                588.043
            ],
            [
                591.248,
                593.1160000000001
            ],
            [
                594.844,
                599.2090000000001
            ],
            [
                604.908,
                607.868
            ],
            [
                613.209,
                614.492
            ],
            [
                647.647,
                655.5250000000001
            ],
            [
                660.008,
                662.813
            ],
            [
                663.849,
                666.1020000000001
            ],
            [
                671.119,
                674.332
            ],
            [
                677.506,
                678.23
            ],
            [
                767.251,
                775.702
            ],
            [
                778.111,
                783.4259999999999
            ],
            [
                785.708,
                793.992
            ],
            [
                796.281,
                800.361
            ],
            [
                806.856,
                813.674
            ],
            [
                838.642,
                840.846
            ],
            [
                913.592,
                917.713
            ],
            [
                938.382,
                941.2929999999999
            ],
            [
                946.718,
                955.318
            ],
            [
                968.085,
                969.82
            ],
            [
                970.736,
                974.715
            ],
            [
                987.41,
                988.3209999999999
            ],
            [
                1031.493,
                1047.3990000000001
            ]
        ]
    },
    "D": {
        "duration": 361.34500000000025,