{
    "A": {
        "duration": 114.48799999999997,
        "intervals": [
            [
                168.605,
                170.397
            ],
            [
                180.811,
                198.192
            ],
            [
                199.13,
                200.659
            ],
            [
                203.909,
                204.309
            ],
            [
                209.081,
                223.553
            ],
            [
                228.552,
                302.792
            ],
            [
                309.023,
                313.697
            ]
        ]
    },
    "B": {
        "duration": 305.77,
        "intervals": [
            [
                0.461,
                158.96099999999998
            ],
            [
                303.004,
                308.786
            ],
            [
                313.698,
                333.36
            ],
            [
                433.208,
                481.484
            ],
            [
                514.161,
                523.917
            ],
            [
                550.982,
                614.776
            ]
        ]
    },
    "C": {
        "duration": 121.89299999999994,
        "intervals": [
            [
                163.716,
                165.049
            ],
            [
                170.797,
                180.121
            ],
            [
                198.423,
                198.855
            ],
            [
                200.904,
                203.53799999999998
            ],
            [
                204.309,
                209.081
            ],
            [
                224.009,
                228.552
            ],
            [
                334.115,
                432.96999999999997
            ]
        ]
    },
    "D": {
        "duration": 64.18399999999994,
        "intervals": [
            [
                160.142,
                163.716
            ],
            [
                165.616,
                168.60500000000002
            ],
            [
                482.267,
                514.161
            ],
            [
                525.064,
                550.7909999999999
            ]
        ]
    }
}