{
    "A": {
        "duration": 483.16799999999944,
        "intervals": [
            [
                1.369,
                1.791
            ],
            [
                371.324,
                433.443
            ],
            [
                945.435,
                1037.782
            ],
            [
                1234.992,
                1289.5919999999999
            ],
            [
                1684.992,
                1815.9589999999998
            ],
            [
                2534.262,
                2593.628
            ],
            [
                2595.76,
                2679.107
            ]
        ]
    },
    "B": {
        "duration": 295.4109999999986,
        "intervals": [
            [
                284.378,
                284.49399999999997
            ],
            [
                296.237,
                297.649
            ],
            [
                324.535,
                325.40700000000004
            ],
            [
                1043.958,
                1045.968
            ],
            [
                1053.994,
                1055.1209999999999
            ],
            [
                1060.977,
                1067.205
            ],
            [
                1071.559,
                1071.864
            ],
            [
                1076.343,
                1092.9489999999998
            ],
            [
                1093.713,
                1097.8609999999999
            ],
            [
                1099.011,
                1100.99
            ],
            [
                1102.047,
                1103.643
            ],
            [
                1107.424,
                1111.284
            ],
            [
                1116.955,
                1131.6019999999999
            ],
            [
                1133.467,
                1142.031
            ],
            [
                1146.916,
                1150.32
            ],
            [
                1165.931,
                1169.55
            ],
            [
                1181.385,
                1186.291
            ],
            [
                1187.72,
                1190.6970000000001
            ],
            [
                1192.195,
                1196.438
            ],
            [
                1209.475,
                1213.402
            ],
            [
                1214.431,
                1216.598
            ],
            [
                1818.592,
                1831.7900000000002
            ],
            [
                1834.108,
                1836.5819999999999
            ],
            [
                1842.791,
                1846.154
            ],
            [
                1850.21,
                1853.004
            ],
            [
                1854.22,
                1855.349
            ],
            [
                1863.825,
                1868.2330000000002
            ],
            [
                1871.751,
                1876.072
            ],
            [
                1879.014,
                1903.8419999999999
            ],
            [
                1907.528,
                1912.9859999999999
            ],
            [
                1914.977,
                1917.3580000000002
            ],
            [
                1919.31,
                1926.057
            ],
            [
                1929.881,
                1931.4989999999998
            ],
            [
                1932.819,
                1934.955
            ],
            [
                1935.399,
                1942.106
            ],
            [
                1944.822,
                1954.267
            ],
            [
                1956.833,
                1962.0369999999998
            ],
            [
                1964.245,
                1974.5040000000001
            ],
            [
                1977.146,
                1981.794
            ],
            [
                2334.845,
                2337.1229999999996
            ],
            [
                2339.15,
                2340.591
            ],
            [
                2350.929,
                2364.5910000000003
            ],
            [
                2366.115,
                2367.8669999999997
            ],
            [
                2371.302,
                2392.699
            ],
            [
                2395.509,
                2399.549
            ],
            [
                2401.221,
                2404.613
            ],
            [
                2405.761,
                2410.2850000000003
            ],
            [
                2414.024,
                2419.522
            ],
            [
                2420.957,
                2428.549
            ],
            [
                2429.948,
                2430.982
            ],
            [
                2439.41,
                2441.546
            ],
            [
                2451.936,
                2461.062
            ],
            [
                2464.317,
                2467.267
            ],
            [
                2467.614,
                2475.8059999999996
            ],
            [
                2482.579,
                2483.529
            ],
            [
                2486.329,
                2488.7830000000004
            ],
            [
                2490.09,
                2491.244
            ],
            [
                2492.635,
                2494.643
            ]
        ]
    },
    "C": {
        "duration": 302.30499999999955,
        "intervals": [
            [
                455.311,
                511.621
            ],
            [
                788.596,
                870.8449999999999
            ],
            [
                875.121,
                904.997
            ],
            [
                909.632,
                913.265
            ],
            [
                2031.308,
                2051.835
            ],
            [
                2057.003,
                2151.087
            ],
            [
                2174.973,
                2190.5989999999997
            ]
        ]
    },
    "D": {
        "duration": 307.2580000000001,
        "intervals": [
            [
                1.951,
                3.419
            ],
            [
                246.162,
                247.298
            ],
            [
                596.141,
                658.056
            ],
            [
                1437.818,
                1438.242
            ],
            [
                1487.168,
                1487.9899999999998
            ],
            [
                1509.543,
                1643.592
            ],
            [
                2783.855,
                2790.592
            ],
            [
                2791.079,
                2891.786
            ]
        ]
    },
    "E": {
        "duration": 240.46000000000015,