{
    "A": {
        "duration": 170.11900000000014,
        "intervals": [
            [
                23.191,
                25.653
            ],
            [
                29.727,
                32.093
            ],
            [
                32.527,
                56.739
            ],
            [
                59.133,
                69.59700000000001
            ],
            [
                73.005,
                81.808
            ],
            [
                87.966,
                110.57900000000001
            ],
            [
                110.921,
                114.289
            ],
            [
                116.088,
                134.05700000000002
            ],
            [
                135.771,
                147.773
            ],
            [
                148.392,
                172.428
            ],
            [
                175.016,
                182.064
            ],
            [
                188.448,
                189.37800000000001
            ],
            [
                292.937,
                295.958
            ],
            [
                302.884,
                303.038
            ],
            [
                314.82,
                319.109
            ],
            [
                323.931,
                324.44899999999996
            ],
            [
                442.282,
                445.323
            ],
            [
                769.584,
                770.6099999999999
            ],
            [
                894.009,
                897.349
            ],
            [
                958.292,
                961.8000000000001
            ],
            [
                977.306,
                979.547
            ],
            [
                1008.447,
                1011.667
            ],
            [
                1021.003,
                1022.658
            ],
            [
                1042.872,
                1045.9840000000002
            ],
            [
                1047.84,
                1049.696
            ],
            [
                1098.392,
                1101.257
            ]
        ]
    },
    "B": {
        "duration": 182.32399999999984,
        "intervals": [
            [
                4.676,
                7.357
            ],
            [
                192.453,
                253.816
            ],
            [
                259.617,
                269.665
            ],
            [
                274.723,
                292.613
            ],
            [
                624.201,
                650.268
            ],
            [
                861.042,
                865.181
            ],
            [
                870.323,
                876.366
            ],
            [
                1218.355,
                1270.799
            ],
            [
                1277.67,
                1279.319
            ]
        ]
    },
    "C": {
        "duration": 150.112,
        "intervals": [
            [
                11.338,
                11.539
            ],
            [
                321.062,
                323.529
            ],
            [
                326.081,
                371.368
            ],
            [
                385.229,
                421.01500000000004
            ],
            [
                434.042,
                442.282
            ],
            [
                735.21,
                762.411
            ],
            [
                1055.793,
                1086.723
            ]
        ]
    },
    "D": {
        "duration": 82.07399999999996,
        "intervals": [
            [
                134.676,
                135.02499999999998
            ],
            [
                148.385,
                148.392
            ],
            [
                319.818,
                320.409
            ],
            [
                663.942,
                665.7
            ],
            [
                777.352,
                855.006
            ],
            [
                1198.277,
                1199.992
            ]
        ]
    },
    "E": {
        "duration": 170.6569999999997,
        "intervals": [
            [
                7.946,
                8.11
            ],
            [
                445.323,
                486.30999999999995
            ],
            [
                651.173,
                663.459
            ],
            [
                665.999,
                675.42
            ],
            [
                690.0,
                733.529
            ],
            [
                909.191,
                912.1120000000001
            ],
            [
                961.801,
                969.111
            ],
            [
                985.713,
                987.7669999999999
            ],
            [
                1086.723,
                1098.392
            ],
            [
                1172.867,
                1175.243
            ],
            [
                1385.594,
                1415.495
            ],
            [
                1430.241,
                1436.835
            ],
            [
                1441.444,
                1442.889
            ]
        ]
    },
    "F": {
        "duration": 115.57100000000007,
        "intervals": [
            [
                8.11,
                11.338
            ],
            [
                269.664,
                274.36199999999997
            ],
            [
                486.506,
                542.697
            ],
            [
                545.636,
                553.085
            ],
            [
                563.75,
                567.052
            ],
            [
                1101.257,
                1141.96
            ]
        ]
    },
    "G": {
        "duration": 70.92700000000025,
        "intervals": [
            [
                572.559,
                593.2330000000001
            ],
            [
                608.622,
                615.293
            ],
            [
                617.033,
                618.341
            ],
            [
                619.392,
                622.2660000000001
            ],
            [
                883.324,
                885.6899999999999
            ],
            [
                1158.204,
                1172.357
            ],
            [
                1180.594,
                1197.8690000000001
            ],
            [
                1210.673,
                1215.044
            ],
            [
                1445.649,
                1446.8839999999998
            ]
        ]
    },
    "H": {
        "duration": 320.16199999999975,