{
    "A": {
        "duration": 153.56999999999994,
        "intervals": [
            [
                60.374,
                61.579
            ],
            [
                66.03,
                68.036
            ],
            [
                123.756,
                186.068
            ],
            [
                193.813,
                212.591
            ],
            [
                252.18,
                265.157
            ],
            [
                383.638,
                398.061
            ],
            [
                1014.123,
                1055.992
            ]
        ]
    },
    "B": {
        "duration": 159.09199999999998,
        "intervals": [
            [
                83.01,
                85.21900000000001
            ],
            [
                299.15,
                377.335
            ],
            [
                779.686,
                858.384
            ]
        ]
    },
    "C": {
        "duration": 371.8169999999999,
        "intervals": [
            [
                1.326,
                42.41
            ],
            [
                87.392,
                87.841
            ],
            [
                97.91,
                118.508
            ],
            [
                186.455,
                187.407
            ],
            [
                188.696,
                189.879
            ],
            [
                212.591,
                247.703
            ],
            [
                265.489,
                294.695
            ],
            [
                379.065,
                382.81399999999996
            ],
            [
                398.061,
                410.507
            ],
            [
                479.615,
                535.606
            ],
            [
                601.41,
                618.99
            ],
            [
                642.114,
                645.621
            ],
            [
                648.867,
                658.5459999999999
            ],
            [
                695.399,
                750.965
            ],
            [
                760.396,
                763.957
            ],
            [
                764.907,
                767.88
            ],
            [
                769.792,
                771.696
            ],
            [
                773.017,
                774.9639999999999
            ],
            [
                877.343,
                885.502
            ],
            [
                926.21,
                933.7710000000001
            ],
            [
                934.7,
                966.234
            ],
            [
                1061.871,
                1063.039
            ],
            [
                1072.609,
                1098.517
            ]
        ]
    },
    "D": {
        "duration": 182.8789999999999,
        "intervals": [
            [
                535.606,
                575.6899999999999
            ],
            [
                579.413,
                580.39
            ],
            [
                582.753,
                586.3580000000001
            ],
            [
                588.563,
                593.442
            ],
            [
                595.841,
                601.41
            ],
            [
                638.746,
                642.114
            ],
            [
                658.835,
                668.68
            ],
            [
                674.565,
                680.066
            ],
            [
                686.846,
                688.615
            ],
            [
                768.128,
                769.456
            ],
            [
                771.987,
                772.783
            ],
            [
                867.272,
                871.9620000000001
            ],
            [
                888.788,
                926.21
            ],
            [
                966.234,
                1014.123
            ],
            [
                1055.992,
                1061.579
            ],
            [
                1063.039,
                1072.609
            ]
        ]
    },
    "E": {
        "duration": 183.84699999999995,
        "intervals": [
            [
                44.751,
                59.779
            ],
            [
                62.524,
                65.60300000000001
            ],
            [
                68.426,
                83.00999999999999
            ],
            [
                85.528,
                87.02000000000001
            ],
            [
                88.094,
                96.449
            ],
            [
                187.407,
                187.928
            ],
            [
                415.981,
                479.614
            ],
            [
                575.691,
                579.414
            ],
            [
                580.591,
                582.753
            ],
            [
                586.357,
                588.411
            ],
            [
                593.441,
                595.841
            ],
            [
                621.174,
                638.468
            ],
            [
                645.621,
                648.3679999999999
            ],
            [
                668.68,
                674.1750000000001
            ],
            [
                680.066,
                686.514
            ],
            [
                688.615,
                695.399
            ],
            [
                750.965,
                759.991
            ],
            [
                764.348,
                764.707
            ],
            [
                775.597,
                779.39
            ],
            [
                858.595,
                865.902
            ],
            [
                872.205,
                876.923
            ],
            [
                885.502,
                888.141
            ],
            [
                934.094,
                934.3000000000001
            ]
        ]
    }
}