{
    "A": {
        "duration": 693.5389999999998,
        "intervals": [
            [
                0.478,
                80.646
            ],
            [
                90.242,
                92.29100000000001
            ],
            [
                98.969,
                102.091
            ],
            [
                281.578,
                296.257
            ],
            [
                483.381,
                521.677
            ],
            [
                615.808,
                629.18
            ],
            [
                733.787,
                737.508
            ],
            [
                741.008,
                749.5740000000001
            ],
            [
                892.991,
                900.816
            ],
            [
                903.334,
                921.568
            ],
            [
                1098.91,
                1101.991
            ],
            [
                1112.415,
                1118.105
            ],
            [
                1149.054,
                1153.355
            ],
            [
                1156.872,
                1158.97
            ],
            [
                1164.039,
                1174.335
            ],
            [
                1181.022,
                1187.504
            ],
            [
                1201.816,
                1229.2160000000001
            ],
            [
                1313.434,
                1320.856
            ],
            [
                1437.239,
                1466.146
            ],
            [
                1540.21,
                1552.999
            ],
            [
                1582.997,
                1584.931
            ],
            [
                1594.259,
                1683.881
            ],
            [
                1702.441,
                1734.569
            ],
            [
                1735.815,
                1760.25
            ],
            [
                1762.589,
                1797.456
            ],
            [
                1848.455,
                1871.849
            ],
            [
                1967.622,
                2007.3110000000001
            ],
            [
                2118.022,
                2209.941
            ],
            [
                2271.513,
                2328.566
            ]
        ]
    },
    "B": {
        "duration": 285.1290000000005,
        "intervals": [
            [
                927.043,
                927.058
            ],
            [
                1480.16,
                1481.4750000000001
            ],
            [
                1802.593,
                1847.8890000000001
            ],
            [
                1876.994,
                1951.312
            ],
            [
                1955.215,
                1965.106
            ],
            [
                2013.601,
                2066.1530000000002
            ],
            [
                2066.624,
                2107.1730000000002
            ],
            [
                2111.009,
                2117.538
            ],
            [
                2214.366,
                2269.0299999999997
            ]
        ]
    },
    "C": {
        "duration": 126.36399999999995,
        "intervals": [
            [
                102.09,
                103.467
            ],
            [
                105.278,
                178.577
            ],
            [
                202.993,
                231.209
            ],
            [
                244.25,
                247.191
            ],
            [
                262.644,
                280.947
            ],
            [
                524.612,
                526.8109999999999
            ],
            [
                631.211,
                631.24
            ]
        ]
    },
    "D": {
        "duration": 64.384,
        "intervals": [
            [
                83.86,
                86.19
            ],
            [
                104.139,
                104.544
            ],
            [
                178.576,
                202.993
            ],
            [
                231.209,
                243.987
            ],
            [
                247.192,
                261.94599999999997
            ],
            [
                298.993,
                302.069
            ],
            [
                1187.755,
                1188.403
            ],
            [
                1232.801,
                1232.806
            ],
            [
                1696.462,
                1701.8609999999999
            ],
            [
                1735.447,
                1735.8149999999998
            ],
            [
                2211.011,
                2211.215
            ]
        ]
    },
    "E": {
        "duration": 158.6499999999998,
        "intervals": [
            [
                86.867,
                90.242
            ],
            [
                92.845,
                98.78999999999999
            ],
            [
                302.069,
                381.055
            ],
            [
                422.854,
                434.30199999999996
            ],
            [
                434.697,
                482.924
            ],
            [
                841.99,
                844.886
            ],
            [
                857.145,
                859.567
            ],
            [
                871.271,
                873.396
            ],
            [
                1362.67,
                1364.538
            ],
            [
                1385.262,
                1386.62
            ]
        ]
    },
    "F": {
        "duration": 41.94500000000005,
        "intervals": [
            [
                381.243,
                422.854
            ],
            [
                1232.015,
                1232.3490000000002
            ]
        ]
    },
    "G": {
        "duration": 334.76699999999977,
        "intervals": [
            [
                434.656,
                434.696
            ],
            [
                635.887,
                733.6
            ],
            [
                737.836,
                740.644
            ],
            [
                756.152,
                841.736
            ],
            [
                844.886,
                856.932
            ],
            [
                859.817,
                870.9979999999999
            ],
            [
                873.609,
                892.992
            ],
            [
                900.816,
                902.917
            ],
            [
                1326.854,
                1362.67
            ],
            [
                1364.717,
                1385.262
            ],
            [
                1386.97,
                1434.52
            ]
        ]
    },
    "H": {
        "duration": 358.3739999999991,