{
    "A": {
        "duration": 406.7659999999998,
        "intervals": [
            [
                10.115,
                11.433
            ],
            [
                16.612,
                205.977
            ],
            [
                208.583,
                215.106
            ],
            [
                248.699,
                279.388
            ],
            [
                282.415,
                300.772
            ],
            [
                359.792,
                399.933
            ],
            [
                431.465,
                436.14099999999996
            ],
            [
                460.392,
                462.424
            ],
            [
                479.211,
                480.595
            ],
            [
                531.871,
                538.248
            ],
            [
                539.595,
                543.653
            ],
            [
                546.575,
                549.187
            ],
            [
                553.306,
                559.408
            ],
            [
                573.603,
                576.1139999999999
            ],
            [
                628.727,
                638.912
            ],
            [
                646.257,
                647.4739999999999
            ],
            [
                732.962,
                766.84
            ],
            [
                780.761,
                784.885
            ],
            [
                790.479,
                799.534
            ],
            [
                877.065,
                895.794
            ],
            [
                921.167,
                925.462
            ],
            [
                1116.523,
                1119.5929999999998
            ],
            [
                1135.895,
                1136.685
            ],
            [
                1162.421,
                1167.699
            ]
        ]
    },
    "B": {
        "duration": 121.36799999999998,
        "intervals": [
            [
                0.105,
                2.084
            ],
            [
                215.597,
                248.397
            ],
            [
                301.339,
                359.792
            ],
            [
                404.706,
                405.91900000000004
            ],
            [
                411.434,
                413.589
            ],
            [
                421.004,
                423.01
            ],
            [
                453.067,
                453.455
            ],
            [
                471.508,
                473.822
            ],
            [
                538.684,
                539.5949999999999
            ],
            [
                546.556,
                546.575
            ],
            [
                549.546,
                549.553
            ],
            [
                576.445,
                577.5010000000001
            ],
            [
                598.106,
                598.965
            ],
            [
                638.913,
                646.2570000000001
            ],
            [
                702.304,
                706.68
            ],
            [
                1269.997,
                1275.4850000000001
            ]
        ]
    },
    "C": {
        "duration": 309.08599999999944,
        "intervals": [
            [
                2.084,
                4.791
            ],
            [
                7.742,
                8.76
            ],
            [
                281.072,
                282.415
            ],
            [
                401.109,
                401.34499999999997
            ],
            [
                410.891,
                411.20500000000004
            ],
            [
                414.811,
                417.418
            ],
            [
                420.974,
                421.00399999999996
            ],
            [
                429.432,
                431.099
            ],
            [
                452.399,
                452.777
            ],
            [
                458.038,
                460.11
            ],
            [
                463.982,
                467.02700000000004
            ],
            [
                468.889,
                471.164
            ],
            [
                476.273,
                478.656
            ],
            [
                480.595,
                517.688
            ],
            [
                519.338,
                529.637
            ],
            [
                544.29,
                546.192
            ],
            [
                549.553,
                553.306
            ],
            [
                559.408,
                573.195
            ],
            [
                577.835,
                597.871
            ],
            [
                599.28,
                628.457
            ],
            [
                651.395,
                654.39
            ],
            [
                701.015,
                702.093
            ],
            [
                714.638,
                716.909
            ],
            [
                720.887,
                727.804
            ],
            [
                863.143,
                872.6610000000001
            ],
            [
                1008.835,
                1092.081
            ],
            [
                1097.623,
                1100.537
            ],
            [
                1103.969,
                1113.826
            ],
            [
                1119.592,
                1134.0890000000002
            ],
            [
                1202.069,
                1204.764
            ],
            [
                1206.471,
                1216.7869999999998
            ],
            [
                1218.537,
                1219.436
            ],
            [
                1220.856,
                1221.217
            ],
            [
                1230.994,
                1237.9969999999998
            ],
            [
                1243.904,
                1258.5919999999999
            ],
            [
                1275.485,
                1279.194
            ]
        ]
    },
    "D": {
        "duration": 158.26800000000026,
        "intervals": [
            [
                11.433,
                15.935
            ],
            [
                206.25,
                207.951
            ],
            [
                799.534,
                863.143
            ],
            [
                872.66,
                877.064
            ],
            [
                895.794,
                905.0550000000001
            ],
            [
                909.309,
                911.992
            ],
            [
                930.245,
                950.042
            ],
            [
                953.795,
                990.993
            ],
            [
                993.722,
                1008.835
            ]
        ]
    },
    "E": {
        "duration": 62.633000000000266,
        "intervals": [
            [
                518.09,
                519.339
            ],
            [
                950.834,
                953.7959999999999
            ],
            [
                1136.685,
                1162.421
            ],
            [
                1171.943,
                1202.069
            ],
            [
                1204.97,
                1205.297
            ],
            [
                1217.096,
                1218.188
            ],
            [
                1219.715,
                1220.856
            ]
        ]
    },
    "F": {
        "duration": 187.93299999999948,