{
    "A": {
        "duration": 185.786,
        "intervals": [
            [
                246.132,
                263.209
            ],
            [
                263.608,
                339.625
            ],
            [
                1709.124,
                1748.964
            ],
            [
                1750.108,
                1802.96
            ]
        ]
    },
    "B": {
        "duration": 153.75899999999996,
        "intervals": [
            [
                368.548,
                450.79200000000003
            ],
            [
                451.124,
                454.732
            ],
            [
                1342.285,
                1346.392
            ],
            [
                1821.246,
                1858.712
            ],
            [
                1862.792,
                1864.378
            ],
            [
                1871.767,
                1896.515
            ]
        ]
    },
    "C": {
        "duration": 300.08299999999986,
        "intervals": [
            [
                8.22,
                9.227
            ],
            [
                21.441,
                25.857
            ],
            [
                27.314,
                28.337
            ],
            [
                37.042,
                37.278
            ],
            [
                50.065,
                50.116
            ],
            [
                78.592,
                81.01
            ],
            [
                81.803,
                83.02499999999999
            ],
            [
                85.283,
                86.807
            ],
            [
                90.659,
                91.602
            ],
            [
                99.802,
                99.84800000000001
            ],
            [
                109.627,
                114.39200000000001
            ],
            [
                117.916,
                122.634
            ],
            [
                128.596,
                131.117
            ],
            [
                148.616,
                148.66000000000003
            ],
            [
                177.522,
                180.262
            ],
            [
                186.59,
                190.436
            ],
            [
                197.606,
                200.298
            ],
            [
                223.818,
                230.36100000000002
            ],
            [
                232.856,
                237.487
            ],
            [
                263.21,
                263.352
            ],
            [
                340.364,
                357.556
            ],
            [
                363.243,
                364.826
            ],
            [
                455.362,
                457.66400000000004
            ],
            [
                463.951,
                466.601
            ],
            [
                470.063,
                471.17199999999997
            ],
            [
                476.898,
                485.43800000000005
            ],
            [
                568.321,
                577.6429999999999
            ],
            [
                620.592,
                622.678
            ],
            [
                627.779,
                635.334
            ],
            [
                730.077,
                741.9250000000001
            ],
            [
                750.409,
                751.205
            ],
            [
                811.391,
                811.7339999999999
            ],
            [
                815.597,
                821.356
            ],
            [
                869.37,
                870.393
            ],
            [
                887.662,
                889.481
            ],
            [
                952.994,
                960.274
            ],
            [
                961.809,
                963.329
            ],
            [
                969.486,
                971.627
            ],
            [
                974.106,
                974.646
            ],
            [
                986.837,
                989.793
            ],
            [
                994.631,
                996.398
            ],
            [
                1000.178,
                1003.165
            ],
            [
                1182.264,
                1191.341
            ],
            [
                1195.827,
                1203.336
            ],
            [
                1217.815,
                1219.568
            ],
            [
                1339.61,
                1341.6429999999998
            ],
            [
                1449.956,
                1453.473
            ],
            [
                1563.438,
                1567.943
            ],
            [
                1570.509,
                1580.065
            ],
            [
                1664.361,
                1670.5910000000001
            ],
            [
                1676.393,
                1679.859
            ],
            [
                1686.03,
                1689.749
            ],
            [
                1693.226,
                1697.134
            ],
            [
                1701.854,
                1703.612
            ],
            [
                1749.344,
                1750.108
            ],
            [
                1808.926,
                1817.1190000000001
            ],
            [
                1867.902,
                1870.551
            ],
            [
                1897.255,
                1910.124
            ],
            [
                1914.8,
                1919.209
            ],
            [
                1922.397,
                1925.193
            ],
            [
                1994.353,
                2002.9399999999998
            ],
            [
                2007.843,
                2010.27
            ],
            [
                2013.922,
                2022.3929999999998
            ],
            [
                2024.352,
                2028.975
            ],
            [
                2031.905,
                2033.501
            ],
            [
                2035.849,
                2043.64
            ],
            [
                2054.668,
                2064.4320000000002
            ],
            [
                2068.342,
                2074.2090000000003
            ],
            [
                2138.792,
                2149.074
            ],
            [
                2152.988,
                2155.207
            ],
            [
                2178.001,
                2179.609
            ],
            [
                2180.841,
                2189.592
            ],
            [
                2197.569,
                2198.306
            ],
            [
                2206.091,
                2206.094
            ]
        ]
    },
    "D": {
        "duration": 68.5100000000001,
        "intervals": [
            [
                1.109,
                4.598999999999999
            ],
            [
                891.122,
                951.077
            ],
            [
                1397.743,
                1402.157
            ],
            [
                1424.719,
                1425.259
            ],
            [
                1706.331,
                1706.442
            ]
        ]
    },
    "E": {
        "duration": 405.1769999999992,