{
    "A": {
        "duration": 159.09600000000006,
        "intervals": [
            [
                111.444,
                249.63
            ],
            [
                253.918,
                258.259
            ],
            [
                429.192,
                435.611
            ],
            [
                1003.534,
                1005.189
            ],
            [
                1071.961,
                1075.191
            ],
            [
                1080.608,
                1083.637
            ],
            [
                1100.21,
                1102.4460000000001
            ]
        ]
    },
    "B": {
        "duration": 137.6449999999998,
        "intervals": [
            [
                328.556,
                329.61899999999997
            ],
            [
                332.294,
                335.402
            ],
            [
                336.771,
                340.264
            ],
            [
                363.587,
                367.264
            ],
            [
                369.232,
                374.31399999999996
            ],
            [
                385.089,
                391.037
            ],
            [
                509.63,
                514.407
            ],
            [
                618.562,
                703.3019999999999
            ],
            [
                1001.805,
                1003.535
            ],
            [
                1014.206,
                1015.863
            ],
            [
                1058.118,
                1058.6799999999998
            ],
            [
                1078.635,
                1080.608
            ],
            [
                1083.637,
                1097.685
            ],
            [
                1099.718,
                1100.209
            ],
            [
                1103.092,
                1107.7920000000001
            ],
            [
                1115.821,
                1116.417
            ]
        ]
    },
    "C": {
        "duration": 174.80199999999996,
        "intervals": [
            [
                34.012,
                34.515
            ],
            [
                107.818,
                108.66199999999999
            ],
            [
                305.92,
                306.971
            ],
            [
                311.518,
                318.483
            ],
            [
                325.634,
                328.557
            ],
            [
                329.861,
                332.08299999999997
            ],
            [
                335.402,
                336.561
            ],
            [
                367.554,
                368.99899999999997
            ],
            [
                374.581,
                385.089
            ],
            [
                429.184,
                429.192
            ],
            [
                436.057,
                442.19300000000004
            ],
            [
                489.815,
                490.655
            ],
            [
                498.614,
                509.63
            ],
            [
                535.668,
                538.915
            ],
            [
                548.434,
                550.943
            ],
            [
                570.606,
                574.086
            ],
            [
                726.686,
                739.993
            ],
            [
                741.221,
                784.078
            ],
            [
                785.465,
                809.138
            ],
            [
                819.435,
                827.7289999999999
            ],
            [
                836.61,
                839.2040000000001
            ],
            [
                841.85,
                844.403
            ],
            [
                864.091,
                867.392
            ],
            [
                922.158,
                922.868
            ],
            [
                1005.753,
                1014.206
            ],
            [
                1044.682,
                1044.704
            ],
            [
                1057.367,
                1057.656
            ],
            [
                1061.365,
                1071.58
            ],
            [
                1075.191,
                1076.578
            ],
            [
                1098.812,
                1099.349
            ],
            [
                1107.791,
                1109.545
            ]
        ]
    },
    "D": {
        "duration": 634.193,
        "intervals": [
            [
                0.047,
                33.479
            ],
            [
                34.842,
                105.577
            ],
            [
                249.63,
                253.528
            ],
            [
                258.258,
                305.415
            ],
            [
                306.971,
                311.517
            ],
            [
                318.745,
                325.475
            ],
            [
                340.264,
                363.39
            ],
            [
                391.038,
                424.943
            ],
            [
                442.378,
                488.94199999999995
            ],
            [
                491.192,
                498.288
            ],
            [
                514.407,
                535.53
            ],
            [
                539.256,
                548.434
            ],
            [
                550.943,
                570.606
            ],
            [
                574.086,
                615.4060000000001
            ],
            [
                703.529,
                722.661
            ],
            [
                739.992,
                740.976
            ],
            [
                784.078,
                785.232
            ],
            [
                809.465,
                819.4350000000001
            ],
            [
                827.729,
                836.364
            ],
            [
                839.204,
                841.8499999999999
            ],
            [
                844.403,
                864.091
            ],
            [
                867.392,
                920.3639999999999
            ],
            [
                923.329,
                999.788
            ],
            [
                1017.212,
                1044.683
            ],
            [
                1045.626,
                1055.342
            ],
            [
                1058.68,
                1060.933
            ],
            [
                1110.702,
                1115.8210000000001
            ],
            [
                1117.68,
                1147.201
            ]
        ]
    }
}