{
    "A": {
        "duration": 178.2049999999997,
        "intervals": [
            [
                25.203,
                50.549
            ],
            [
                51.832,
                71.434
            ],
            [
                73.774,
                80.651
            ],
            [
                80.97,
                90.973
            ],
            [
                94.011,
                102.114
            ],
            [
                108.187,
                110.592
            ],
            [
                116.616,
                121.4
            ],
            [
                123.984,
                132.792
            ],
            [
                138.011,
                166.609
            ],
            [
                171.016,
                171.59099999999998
            ],
            [
                174.044,
                177.889
            ],
            [
                178.597,
                184.99300000000002
            ],
            [
                188.992,
                193.31199999999998
            ],
            [
                272.531,
                276.315
            ],
            [
                341.356,
                345.926
            ],
            [
                348.123,
                348.941
            ],
            [
                420.731,
                423.593
            ],
            [
                451.918,
                456.071
            ],
            [
                456.919,
                462.506
            ],
            [
                544.936,
                550.68
            ],
            [
                561.605,
                565.466
            ],
            [
                572.576,
                573.759
            ],
            [
                609.193,
                613.6039999999999
            ],
            [
                758.614,
                758.779
            ],
            [
                782.188,
                785.393
            ],
            [
                948.193,
                949.4449999999999
            ],
            [
                1166.861,
                1169.9560000000001
            ],
            [
                1183.613,
                1187.444
            ],
            [
                1190.822,
                1190.8439999999998
            ]
        ]
    },
    "B": {
        "duration": 83.98600000000027,
        "intervals": [
            [
                12.947,
                15.375
            ],
            [
                18.198,
                19.671
            ],
            [
                21.684,
                23.290000000000003
            ],
            [
                105.371,
                107.23899999999999
            ],
            [
                197.748,
                210.283
            ],
            [
                221.204,
                245.666
            ],
            [
                251.708,
                266.39500000000004
            ],
            [
                616.116,
                618.148
            ],
            [
                1137.999,
                1139.4
            ],
            [
                1262.523,
                1262.992
            ],
            [
                1266.992,
                1288.017
            ]
        ]
    },
    "C": {
        "duration": 153.40400000000005,
        "intervals": [
            [
                21.04,
                21.685
            ],
            [
                132.793,
                137.607
            ],
            [
                349.248,
                402.594
            ],
            [
                408.098,
                409.992
            ],
            [
                423.593,
                451.589
            ],
            [
                954.651,
                1019.36
            ]
        ]
    },
    "D": {
        "duration": 77.97599999999989,
        "intervals": [
            [
                576.566,
                600.0360000000001
            ],
            [
                618.148,
                655.911
            ],
            [
                785.393,
                802.136
            ]
        ]
    },
    "E": {
        "duration": 145.65399999999988,
        "intervals": [
            [
                665.525,
                720.942
            ],
            [
                854.751,
                875.799
            ],
            [
                892.257,
                930.0269999999999
            ],
            [
                1113.519,
                1137.702
            ],
            [
                1150.478,
                1156.425
            ],
            [
                1254.963,
                1256.252
            ]
        ]
    },
    "F": {
        "duration": 156.70200000000023,
        "intervals": [
            [
                12.342,
                12.946
            ],
            [
                17.612,
                18.034
            ],
            [
                462.922,
                491.736
            ],
            [
                502.667,
                532.722
            ],
            [
                533.301,
                537.82
            ],
            [
                1022.569,
                1046.719
            ],
            [
                1057.793,
                1105.9930000000002
            ],
            [
                1201.257,
                1221.195
            ]
        ]
    },
    "G": {
        "duration": 64.43300000000016,
        "intervals": [
            [
                166.609,
                168.597
            ],
            [
                725.225,
                757.916
            ],
            [
                1230.262,
                1254.559
            ],
            [
                1256.54,
                1261.997
            ]
        ]
    },
    "H": {
        "duration": 265.32000000000045,