{
    "A": {
        "duration": 336.28300000000013,
        "intervals": [
            [
                9.548,
                11.013
            ],
            [
                38.937,
                41.455999999999996
            ],
            [
                44.434,
                52.112
            ],
            [
                62.262,
                62.586
            ],
            [
                70.187,
                71.67
            ],
            [
                75.951,
                78.48599999999999
            ],
            [
                79.464,
                81.513
            ],
            [
                88.099,
                88.723
            ],
            [
                97.548,
                100.084
            ],
            [
                100.825,
                101.878
            ],
            [
                106.51,
                111.64599999999999
            ],
            [
                129.364,
                132.13500000000002
            ],
            [
                133.837,
                136.53199999999998
            ],
            [
                141.247,
                142.63400000000001
            ],
            [
                154.529,
                155.454
            ],
            [
                159.793,
                167.274
            ],
            [
                169.393,
                172.79100000000003
            ],
            [
                197.306,
                199.36
            ],
            [
                333.911,
                339.878
            ],
            [
                349.687,
                350.062
            ],
            [
                356.861,
                364.478
            ],
            [
                369.178,
                375.292
            ],
            [
                381.242,
                382.69
            ],
            [
                384.041,
                387.262
            ],
            [
                389.89,
                395.531
            ],
            [
                402.086,
                403.856
            ],
            [
                539.489,
                549.125
            ],
            [
                552.255,
                553.482
            ],
            [
                656.011,
                671.091
            ],
            [
                685.031,
                688.423
            ],
            [
                705.993,
                712.706
            ],
            [
                721.172,
                723.577
            ],
            [
                842.42,
                853.568
            ],
            [
                855.854,
                856.1
            ],
            [
                862.031,
                863.391
            ],
            [
                865.774,
                866.305
            ],
            [
                954.209,
                960.261
            ],
            [
                962.003,
                980.357
            ],
            [
                987.652,
                993.0419999999999
            ],
            [
                997.073,
                1007.024
            ],
            [
                1017.174,
                1018.0509999999999
            ],
            [
                1170.167,
                1174.2079999999999
            ],
            [
                1177.991,
                1179.478
            ],
            [
                1183.928,
                1192.403
            ],
            [
                1202.192,
                1212.6509999999998
            ],
            [
                1214.838,
                1216.218
            ],
            [
                1217.268,
                1219.02
            ],
            [
                1221.151,
                1226.0700000000002
            ],
            [
                1228.777,
                1231.627
            ],
            [
                1249.108,
                1251.2749999999999
            ],
            [
                1257.724,
                1266.111
            ],
            [
                1268.97,
                1273.968
            ],
            [
                1337.637,
                1348.257
            ],
            [
                1403.522,
                1409.481
            ],
            [
                1412.014,
                1412.4509999999998
            ],
            [
                1422.093,
                1423.154
            ],
            [
                1431.383,
                1439.4950000000001
            ],
            [
                1442.159,
                1448.611
            ],
            [
                1454.315,
                1459.4389999999999
            ],
            [
                1462.949,
                1464.712
            ],
            [
                1611.482,
                1614.2069999999999
            ],
            [
                1617.843,
                1620.54
            ],
            [
                1699.242,
                1702.038
            ],
            [
                1727.872,
                1735.327
            ],
            [
                1739.485,
                1743.8829999999998
            ],
            [
                1746.225,
                1750.9810000000002
            ],
            [
                1762.926,
                1768.9769999999999
            ],
            [
                1817.525,
                1823.6170000000002
            ],
            [
                1954.754,
                1963.791
            ],
            [
                1966.159,
                1972.6480000000001
            ],
            [
                1977.747,
                1980.711
            ],
            [
                1983.697,
                1986.1270000000002
            ],
            [
                1992.001,
                1995.901
            ],
            [
                2008.478,
                2016.8190000000002
            ],
            [
                2024.652,
                2025.227
            ],
            [
                2044.192,
                2046.698
            ]
        ]
    },
    "B": {
        "duration": 379.37399999999985,
        "intervals": [
            [
                415.695,
                539.0659999999999
            ],
            [
                728.575,
                740.522
            ],
            [
                791.208,
                793.981
            ],
            [
                796.5,
                799.487
            ],
            [
                800.11,
                809.865
            ],
            [
                1039.061,
                1040.2099999999998
            ],
            [
                1061.814,
                1071.392
            ],
            [
                1074.745,
                1168.261
            ],
            [
                1534.491,
                1537.1299999999999
            ],
            [
                1831.85,
                1953.509
            ]
        ]
    },
    "C": {
        "duration": 288.1,
        "intervals": [
            [
                8.984,
                9.225
            ],
            [
                207.065,
                270.527
            ],
            [
                272.869,
                333.634
            ],
            [
                1040.479,
                1041.594
            ],
            [
                1274.484,
                1337.637
            ],
            [
                1351.021,
                1403.05
            ],
            [
                1769.896,
                1817.231
            ]
        ]
    },
    "D": {
        "duration": 159.982000000001,