{
    "A": {
        "duration": 175.592,
        "intervals": [
            [
                179.653,
                268.098
            ],
            [
                293.077,
                378.324
            ],
            [
                589.359,
                590.2280000000001
            ],
            [
                1083.112,
                1084.143
            ]
        ]
    },
    "B": {
        "duration": 174.51100000000002,
        "intervals": [
            [
                171.793,
                172.365
            ],
            [
                417.083,
                521.292
            ],
            [
                1037.937,
                1039.6529999999998
            ],
            [
                1167.191,
                1169.645
            ],
            [
                1202.61,
                1204.897
            ],
            [
                1265.635,
                1328.9080000000001
            ]
        ]
    },
    "C": {
        "duration": 50.089000000000055,
        "intervals": [
            [
                556.72,
                589.038
            ],
            [
                590.63,
                592.668
            ],
            [
                593.809,
                608.1460000000001
            ],
            [
                628.408,
                629.804
            ]
        ]
    },
    "D": {
        "duration": 281.7810000000001,
        "intervals": [
            [
                6.126,
                6.32
            ],
            [
                9.801,
                43.936
            ],
            [
                44.317,
                63.81
            ],
            [
                68.754,
                70.24600000000001
            ],
            [
                71.975,
                77.214
            ],
            [
                81.317,
                87.836
            ],
            [
                91.452,
                106.407
            ],
            [
                108.906,
                136.057
            ],
            [
                138.502,
                162.047
            ],
            [
                167.017,
                171.249
            ],
            [
                179.172,
                179.653
            ],
            [
                268.611,
                278.928
            ],
            [
                281.791,
                289.49699999999996
            ],
            [
                379.272,
                385.253
            ],
            [
                391.029,
                393.999
            ],
            [
                395.663,
                396.296
            ],
            [
                398.729,
                402.606
            ],
            [
                405.17,
                412.822
            ],
            [
                415.191,
                416.195
            ],
            [
                521.292,
                524.0310000000001
            ],
            [
                525.935,
                535.12
            ],
            [
                551.914,
                555.192
            ],
            [
                608.146,
                612.053
            ],
            [
                614.692,
                618.639
            ],
            [
                625.026,
                628.4079999999999
            ],
            [
                630.07,
                633.003
            ],
            [
                726.071,
                739.616
            ],
            [
                742.814,
                748.01
            ],
            [
                836.997,
                839.4169999999999
            ],
            [
                842.969,
                845.397
            ],
            [
                852.027,
                854.793
            ],
            [
                897.554,
                901.192
            ],
            [
                920.28,
                928.8149999999999
            ],
            [
                1000.097,
                1006.279
            ],
            [
                1008.863,
                1012.7900000000001
            ],
            [
                1017.014,
                1017.463
            ],
            [
                1022.995,
                1023.7
            ],
            [
                1043.597,
                1044.2549999999999
            ],
            [
                1086.338,
                1086.633
            ],
            [
                1117.616,
                1121.404
            ],
            [
                1127.004,
                1130.1109999999999
            ],
            [
                1132.952,
                1134.952
            ],
            [
                1137.524,
                1148.192
            ],
            [
                1156.079,
                1157.0439999999999
            ],
            [
                1161.407,
                1162.758
            ],
            [
                1254.108,
                1256.319
            ]
        ]
    },
    "E": {
        "duration": 88.00199999999995,
        "intervals": [
            [
                637.845,
                639.9390000000001
            ],
            [
                858.003,
                897.555
            ],
            [
                906.797,
                917.04
            ],
            [
                952.059,
                966.277
            ],
            [
                1025.268,
                1028.181
            ],
            [
                1036.621,
                1037.9370000000001
            ],
            [
                1044.834,
                1045.9
            ],
            [
                1048.164,
                1050.57
            ],
            [
                1051.559,
                1052.248
            ],
            [
                1054.701,
                1057.521
            ],
            [
                1062.904,
                1066.139
            ],
            [
                1081.114,
                1083.112
            ],
            [
                1087.371,
                1087.393
            ],
            [
                1106.313,
                1107.9460000000001
            ],
            [
                1198.814,
                1202.611
            ]
        ]
    },
    "F": {
        "duration": 101.2579999999998,
        "intervals": [
            [
                2.811,
                4.8870000000000005
            ],
            [
                6.32,
                9.801
            ],
            [
                757.374,
                760.914
            ],
            [
                765.129,
                775.251
            ],
            [
                780.462,
                833.0319999999999
            ],
            [
                967.13,
                992.392
            ],
            [
                1031.0,
                1031.79
            ],
            [
                1080.192,
                1080.629
            ],
            [
                1109.411,
                1112.391
            ]
        ]
    },
    "G": {
        "duration": 255.20699999999965,