{
    "A": {
        "duration": 119.37999999999965,
        "intervals": [
            [
                1226.747,
                1233.809
            ],
            [
                1237.111,
                1243.5610000000001
            ],
            [
                1288.899,
                1304.6919999999998
            ],
            [
                1311.177,
                1333.4959999999999
            ],
            [
                1654.592,
                1659.992
            ],
            [
                1731.409,
                1744.209
            ],
            [
                2005.847,
                2045.901
            ],
            [
                2100.897,
                2110.399
            ]
        ]
    },
    "B": {
        "duration": 244.96700000000033,
        "intervals": [
            [
                952.403,
                960.165
            ],
            [
                991.089,
                1000.2120000000001
            ],
            [
                1048.602,
                1054.275
            ],
            [
                1333.496,
                1342.0040000000001
            ],
            [
                1395.951,
                1401.5620000000001
            ],
            [
                1442.548,
                1460.393
            ],
            [
                1464.073,
                1470.552
            ],
            [
                1489.663,
                1515.824
            ],
            [
                1519.042,
                1541.673
            ],
            [
                1606.551,
                1617.6200000000001
            ],
            [
                1620.074,
                1631.393
            ],
            [
                1663.106,
                1689.2749999999999
            ],
            [
                1712.224,
                1720.793
            ],
            [
                1805.816,
                1838.027
            ],
            [
                1845.457,
                1856.2820000000002
            ],
            [
                1934.052,
                1940.59
            ],
            [
                1944.424,
                1955.392
            ],
            [
                1962.637,
                1980.143
            ]
        ]
    },
    "C": {
        "duration": 63.81699999999998,
        "intervals": [
            [
                151.858,
                215.67499999999998
            ]
        ]
    },
    "D": {
        "duration": 91.20499999999998,
        "intervals": [
            [
                253.969,
                345.174
            ]
        ]
    },
    "E": {
        "duration": 147.42200000000003,
        "intervals": [
            [
                403.149,
                544.736
            ],
            [
                1995.793,
                2001.628
            ]
        ]
    },
    "F": {
        "duration": 99.42800000000011,
        "intervals": [
            [
                580.973,
                610.455
            ],
            [
                650.319,
                657.7230000000001
            ],
            [
                1148.216,
                1165.315
            ],
            [
                1189.551,
                1226.7469999999998
            ],
            [
                2062.992,
                2071.239
            ]
        ]
    },
    "G": {
        "duration": 233.44900000000004,
        "intervals": [
            [
                14.094,
                40.461
            ],
            [
                50.382,
                64.147
            ],
            [
                67.404,
                74.382
            ],
            [
                81.793,
                101.59100000000001
            ],
            [
                108.245,
                115.243
            ],
            [
                217.693,
                222.924
            ],
            [
                229.272,
                234.797
            ],
            [
                547.871,
                561.784
            ],
            [
                610.701,
                621.674
            ],
            [
                634.235,
                641.326
            ],
            [
                718.998,
                724.109
            ],
            [
                735.036,
                742.284
            ],
            [
                744.716,
                753.759
            ],
            [
                892.578,
                899.9929999999999
            ],
            [
                913.422,
                924.9920000000001
            ],
            [
                945.123,
                950.2360000000001
            ],
            [
                1074.423,
                1087.03
            ],
            [
                1273.163,
                1279.01
            ],
            [
                1388.391,
                1395.951
            ],
            [
                1553.405,
                1566.006
            ],
            [
                1637.493,
                1643.75
            ],
            [
                1778.488,
                1786.0690000000002
            ],
            [
                1955.392,
                1962.636
            ],
            [
                2073.006,
                2084.6189999999997
            ]
        ]
    },
    "H": {
        "duration": 195.04600000000016,
        "intervals": [
            [
                753.759,
                867.8580000000001
            ],
            [
                1428.469,
                1442.2620000000002
            ],
            [
                1699.375,
                1705.231
            ],
            [
                1746.041,
                1754.4189999999999
            ],
            [
                1755.861,
                1762.258
            ],
            [
                1858.712,
                1905.2350000000001
            ]
        ]
    },
    "I": {
        "duration": 74.96799999999996,
        "intervals": [
            [
                682.062,
                704.187
            ],
            [
                724.11,
                729.718
            ],
            [
                867.858,
                889.8190000000001
            ],
            [
                931.991,
                945.1229999999999
            ],
            [
                984.781,
                990.9019999999999
            ],
            [
                1068.402,
                1074.423
            ]
        ]
    },
    "J": {
        "duration": 279.4469999999999,