{
    "A": {
        "duration": 111.74800000000002,
        "intervals": [
            [
                81.13,
                123.63199999999999
            ],
            [
                127.508,
                156.231
            ],
            [
                160.392,
                166.728
            ],
            [
                169.852,
                204.03900000000002
            ]
        ]
    },
    "B": {
        "duration": 139.15000000000015,
        "intervals": [
            [
                481.412,
                553.143
            ],
            [
                630.107,
                638.462
            ],
            [
                648.899,
                655.679
            ],
            [
                884.122,
                903.602
            ],
            [
                906.258,
                918.147
            ],
            [
                924.514,
                938.9960000000001
            ],
            [
                946.576,
                953.009
            ]
        ]
    },
    "C": {
        "duration": 254.41300000000024,
        "intervals": [
            [
                18.262,
                40.247
            ],
            [
                67.421,
                78.467
            ],
            [
                212.487,
                225.58900000000003
            ],
            [
                229.242,
                245.155
            ],
            [
                256.827,
                266.656
            ],
            [
                288.401,
                294.64300000000003
            ],
            [
                346.047,
                365.143
            ],
            [
                369.844,
                376.32599999999996
            ],
            [
                376.944,
                402.163
            ],
            [
                417.309,
                425.41499999999996
            ],
            [
                447.625,
                456.854
            ],
            [
                474.392,
                480.541
            ],
            [
                553.142,
                562.931
            ],
            [
                577.392,
                586.6120000000001
            ],
            [
                671.669,
                688.3349999999999
            ],
            [
                688.568,
                696.192
            ],
            [
                703.946,
                712.022
            ],
            [
                1074.743,
                1082.192
            ],
            [
                1184.087,
                1193.6950000000002
            ],
            [
                1275.946,
                1282.225
            ],
            [
                1350.842,
                1357.9940000000001
            ],
            [
                1363.127,
                1370.566
            ],
            [
                1395.009,
                1400.827
            ],
            [
                1401.497,
                1408.392
            ]
        ]
    },
    "D": {
        "duration": 154.28700000000015,
        "intervals": [
            [
                736.202,
                829.2199999999999
            ],
            [
                832.915,
                855.856
            ],
            [
                1773.802,
                1801.7359999999999
            ],
            [
                1808.706,
                1819.1000000000001
            ]
        ]
    },
    "E": {
        "duration": 131.92200000000014,
        "intervals": [
            [
                939.148,
                946.346
            ],
            [
                953.277,
                962.993
            ],
            [
                969.708,
                979.99
            ],
            [
                986.393,
                991.828
            ],
            [
                999.059,
                1016.605
            ],
            [
                1082.192,
                1090.815
            ],
            [
                1129.705,
                1137.888
            ],
            [
                1138.546,
                1147.2450000000001
            ],
            [
                1153.855,
                1163.6100000000001
            ],
            [
                1228.404,
                1233.741
            ],
            [
                1237.856,
                1243.494
            ],
            [
                1282.225,
                1293.4769999999999
            ],
            [
                1605.353,
                1622.64
            ],
            [
                1801.735,
                1808.706
            ]
        ]
    },
    "F": {
        "duration": 134.2550000000001,
        "intervals": [
            [
                1108.591,
                1129.427
            ],
            [
                1163.611,
                1170.611
            ],
            [
                1196.25,
                1201.27
            ],
            [
                1250.009,
                1274.4640000000002
            ],
            [
                1310.72,
                1319.976
            ],
            [
                1322.339,
                1328.849
            ],
            [
                1330.58,
                1339.723
            ],
            [
                1345.413,
                1350.591
            ],
            [
                1565.533,
                1602.936
            ],
            [
                1632.759,
                1642.213
            ]
        ]
    },
    "G": {
        "duration": 430.7630000000002,