{
    "A": {
        "duration": 488.43899999999985,
        "intervals": [
            [
                0.186,
                86.034
            ],
            [
                117.237,
                122.19099999999999
            ],
            [
                173.792,
                194.13899999999998
            ],
            [
                241.485,
                378.121
            ],
            [
                409.598,
                553.793
            ],
            [
                582.917,
                679.376
            ]
        ]
    },
    "B": {
        "duration": 182.42199999999997,
        "intervals": [
            [
                88.528,
                117.238
            ],
            [
                123.965,
                173.793
            ],
            [
                196.359,
                241.485
            ],
            [
                379.5,
                409.599
            ],
            [
                553.794,
                582.4259999999999
            ],
            [
                680.783,
                680.8100000000001
            ]
        ]
    }
}