{
    "A": {
        "duration": 286.3149999999996,
        "intervals": [
            [
                1577.391,
                1745.609
            ],
            [
                2286.433,
                2404.5299999999997
            ]
        ]
    },
    "B": {
        "duration": 780.1530000000013,
        "intervals": [
            [
                9.506,
                128.65699999999998
            ],
            [
                198.573,
                204.992
            ],
            [
                288.451,
                317.036
            ],
            [
                410.125,
                418.922
            ],
            [
                499.174,
                508.238
            ],
            [
                555.753,
                657.4920000000001
            ],
            [
                771.017,
                773.089
            ],
            [
                810.803,
                893.3420000000001
            ],
            [
                895.796,
                896.1220000000001
            ],
            [
                1072.865,
                1111.856
            ],
            [
                1171.918,
                1183.923
            ],
            [
                1236.527,
                1260.0149999999999
            ],
            [
                1329.237,
                1333.328
            ],
            [
                1335.692,
                1348.115
            ],
            [
                1348.466,
                1384.364
            ],
            [
                1486.6,
                1491.4009999999998
            ],
            [
                1495.628,
                1508.367
            ],
            [
                1550.126,
                1575.099
            ],
            [
                1746.333,
                1769.013
            ],
            [
                2000.072,
                2043.1660000000002
            ],
            [
                2146.095,
                2151.062
            ],
            [
                2174.86,
                2192.418
            ],
            [
                2280.008,
                2284.97
            ],
            [
                2404.691,
                2407.975
            ],
            [
                2478.29,
                2494.142
            ],
            [
                2517.229,
                2555.447
            ],
            [
                2596.455,
                2623.6020000000003
            ],
            [
                2675.054,
                2687.759
            ],
            [
                2737.94,
                2759.714
            ],
            [
                2768.506,
                2783.494
            ],
            [
                2815.493,
                2833.623
            ],
            [
                2872.159,
                2875.6490000000003
            ],
            [
                2877.461,
                2880.6639999999998
            ]
        ]
    },
    "C": {
        "duration": 176.31799999999998,
        "intervals": [
            [
                1113.58,
                1171.2459999999999
            ],
            [
                1185.179,
                1235.599
            ],
            [
                1261.713,
                1328.382
            ],
            [
                1334.112,
                1335.2730000000001
            ],
            [
                2767.892,
                2768.294
            ]
        ]
    },
    "D": {
        "duration": 260.4910000000002,
        "intervals": [
            [
                898.791,
                900.178
            ],
            [
                901.177,
                903.826
            ],
            [
                906.554,
                909.011
            ],
            [
                912.641,
                919.107
            ],
            [
                930.128,
                931.4910000000001
            ],
            [
                933.128,
                946.76
            ],
            [
                954.923,
                957.38
            ],
            [
                967.687,
                969.916
            ],
            [
                973.642,
                975.542
            ],
            [
                1066.211,
                1068.469
            ],
            [
                1769.715,
                1796.56
            ],
            [
                1799.592,
                1800.7900000000002
            ],
            [
                1801.528,
                1897.636
            ],
            [
                1898.392,
                1997.9340000000002
            ]
        ]
    },
    "E": {
        "duration": 123.72400000000039,
        "intervals": [
            [
                2044.896,
                2145.8050000000003
            ],
            [
                2151.765,
                2174.58
            ]
        ]
    },
    "F": {
        "duration": 234.16700000000014,
        "intervals": [
            [
                1348.453,
                1348.466
            ],
            [
                1385.503,
                1486.6
            ],
            [
                1491.566,
                1495.628
            ],
            [
                1509.278,
                1549.984
            ],
            [
                1998.572,
                1999.817
            ],
            [
                2193.296,
                2280.0080000000003
            ],
            [
                2692.595,
                2692.9269999999997
            ]
        ]
    },
    "G": {
        "duration": 45.16099999999979,
        "intervals": [
            [
                0.419,
                6.393
            ],
            [
                924.262,
                924.6129999999999
            ],
            [
                2494.837,
                2516.034
            ],
            [
                2880.664,
                2898.303
            ]
        ]
    },
    "H": {
        "duration": 209.9020000000005,
        "intervals": [
            [
                2556.957,
                2594.8940000000002
            ],
            [
                2624.945,
                2674.178
            ],
            [
                2689.97,
                2692.596
            ],
            [
                2693.753,
                2737.528
            ],
            [
                2760.173,
                2767.264
            ],
            [
                2784.669,
                2815.493
            ],
            [
                2834.038,
                2871.143
            ],
            [
                2875.649,
                2876.96
            ]
        ]
    },
    "I": {
        "duration": 365.50899999999996,
        "intervals": [
            [
                129.767,
                197.517
            ],
            [
                206.142,
                287.51800000000003
            ],
            [
                318.001,
                408.803
            ],
            [
                420.42,
                498.736
            ],
            [
                508.238,
                555.4509999999999
            ],
            [
                931.492,
                931.544
            ]
        ]
    },
    "J": {
        "duration": 220.57599999999957,
        "intervals": [
            [
                658.518,
                771.0169999999999
            ],
            [
                773.884,
                810.568
            ],
            [
                895.045,
                895.7959999999999
            ],
            [
                919.284,
                920.894
            ],
            [
                2408.576,
                2477.6079999999997
            ]
        ]
    },