{
    "A": {
        "duration": 134.56099999999998,
        "intervals": [
            [
                308.617,
                308.619
            ],
            [
                1637.02,
                1681.025
            ],
            [
                1687.355,
                1725.941
            ],
            [
                1727.006,
                1778.974
            ]
        ]
    },
    "B": {
        "duration": 726.4949999999997,
        "intervals": [
            [
                16.053,
                115.564
            ],
            [
                309.835,
                368.994
            ],
            [
                372.399,
                381.355
            ],
            [
                383.469,
                428.831
            ],
            [
                498.15,
                500.919
            ],
            [
                583.627,
                584.688
            ],
            [
                664.62,
                667.153
            ],
            [
                675.068,
                703.489
            ],
            [
                705.095,
                706.804
            ],
            [
                709.142,
                726.376
            ],
            [
                728.494,
                768.9200000000001
            ],
            [
                870.991,
                903.773
            ],
            [
                911.64,
                930.193
            ],
            [
                1009.609,
                1013.807
            ],
            [
                1019.198,
                1100.952
            ],
            [
                1200.832,
                1258.691
            ],
            [
                1388.018,
                1391.541
            ],
            [
                1445.968,
                1457.0829999999999
            ],
            [
                1474.058,
                1482.227
            ],
            [
                1492.101,
                1532.795
            ],
            [
                1582.102,
                1600.758
            ],
            [
                1619.198,
                1634.845
            ],
            [
                1681.855,
                1687.0240000000001
            ],
            [
                1726.208,
                1726.4360000000001
            ],
            [
                1779.356,
                1856.8609999999999
            ],
            [
                1859.117,
                1861.02
            ],
            [
                1883.856,
                1889.097
            ],
            [
                1894.995,
                1912.593
            ],
            [
                1952.939,
                1968.57
            ],
            [
                1970.838,
                1973.9669999999999
            ]
        ]
    },
    "C": {
        "duration": 123.7119999999999,
        "intervals": [
            [
                0.01,
                15.646
            ],
            [
                117.74,
                153.675
            ],
            [
                170.191,
                173.984
            ],
            [
                177.94,
                178.407
            ],
            [
                186.776,
                197.196
            ],
            [
                199.873,
                234.593
            ],
            [
                242.597,
                245.59699999999998
            ],
            [
                253.592,
                262.26099999999997
            ],
            [
                288.119,
                299.191
            ]
        ]
    },
    "D": {
        "duration": 206.82100000000023,
        "intervals": [
            [
                240.941,
                242.262
            ],
            [
                263.162,
                271.912
            ],
            [
                273.783,
                287.037
            ],
            [
                432.23,
                457.5
            ],
            [
                460.704,
                463.154
            ],
            [
                467.864,
                469.614
            ],
            [
                473.653,
                487.34299999999996
            ],
            [
                491.177,
                491.189
            ],
            [
                494.014,
                496.692
            ],
            [
                504.247,
                505.83000000000004
            ],
            [
                514.843,
                518.419
            ],
            [
                527.469,
                531.1220000000001
            ],
            [
                533.729,
                534.416
            ],
            [
                545.501,
                551.332
            ],
            [
                554.371,
                557.199
            ],
            [
                566.828,
                572.358
            ],
            [
                578.148,
                583.356
            ],
            [
                592.132,
                594.025
            ],
            [
                603.033,
                604.5200000000001
            ],
            [
                617.434,
                619.044
            ],
            [
                627.391,
                630.43
            ],
            [
                640.31,
                642.4899999999999
            ],
            [
                651.486,
                653.045
            ],
            [
                655.908,
                655.9350000000001
            ],
            [
                667.886,
                669.766
            ],
            [
                672.401,
                673.4079999999999
            ],
            [
                772.514,
                775.7070000000001
            ],
            [
                779.058,
                790.913
            ],
            [
                797.457,
                807.0740000000001
            ],
            [
                808.891,
                814.499
            ],
            [
                820.382,
                820.401
            ],
            [
                822.862,
                826.669
            ],
            [
                830.375,
                832.317
            ],
            [
                864.587,
                865.186
            ],
            [
                868.384,
                870.323
            ],
            [
                1268.148,
                1269.856
            ],
            [
                1271.607,
                1287.221
            ],
            [
                1296.208,
                1299.885
            ],
            [
                1306.594,
                1312.223
            ],
            [
                1319.176,
                1324.4089999999999
            ],
            [
                1328.67,
                1334.173
            ],
            [
                1340.489,
                1340.877
            ],
            [
                1358.777,
                1360.9
            ],
            [
                1364.626,
                1367.584
            ],
            [
                1398.119,
                1399.024
            ],
            [
                1408.872,
                1413.508
            ],
            [
                1420.6,
                1423.192
            ],
            [
                1431.354,
                1433.641
            ],
            [
                1488.419,
                1490.6550000000002
            ]
        ]
    },
    "E": {
        "duration": 300.9950000000013,