{
    "A": {
        "duration": 95.286,
        "intervals": [
            [
                59.641,
                135.81
            ],
            [
                146.311,
                165.428
            ]
        ]
    },
    "B": {
        "duration": 77.88799999999992,
        "intervals": [
            [
                229.854,
                230.74
            ],
            [
                232.701,
                293.311
            ],
            [
                298.328,
                299.36199999999997
            ],
            [
                300.903,
                305.736
            ],
            [
                563.704,
                564.1899999999999
            ],
            [
                1423.567,
                1426.866
            ],
            [
                1677.409,
                1684.1490000000001
            ]
        ]
    },
    "C": {
        "duration": 208.413,
        "intervals": [
            [
                0.105,
                0.345
            ],
            [
                861.114,
                970.904
            ],
            [
                1240.338,
                1244.8519999999999
            ],
            [
                1452.922,
                1534.903
            ],
            [
                1641.192,
                1645.7740000000001
            ],
            [
                1649.703,
                1657.009
            ]
        ]
    },
    "D": {
        "duration": 311.0089999999998,
        "intervals": [
            [
                33.119,
                35.287
            ],
            [
                41.011,
                42.17
            ],
            [
                44.184,
                46.641
            ],
            [
                52.827,
                59.202999999999996
            ],
            [
                174.592,
                174.651
            ],
            [
                306.016,
                307.34900000000005
            ],
            [
                380.192,
                381.547
            ],
            [
                445.426,
                458.818
            ],
            [
                459.992,
                470.232
            ],
            [
                498.376,
                502.988
            ],
            [
                531.819,
                533.2099999999999
            ],
            [
                543.436,
                544.236
            ],
            [
                547.655,
                552.036
            ],
            [
                555.208,
                562.525
            ],
            [
                564.671,
                605.636
            ],
            [
                606.882,
                623.108
            ],
            [
                624.156,
                625.7929999999999
            ],
            [
                629.392,
                682.04
            ],
            [
                687.795,
                700.7339999999999
            ],
            [
                745.676,
                750.609
            ],
            [
                763.081,
                764.6220000000001
            ],
            [
                769.416,
                772.214
            ],
            [
                808.481,
                815.93
            ],
            [
                993.188,
                994.486
            ],
            [
                1001.12,
                1005.0169999999999
            ],
            [
                1008.197,
                1009.668
            ],
            [
                1051.5,
                1057.792
            ],
            [
                1075.874,
                1102.8220000000001
            ],
            [
                1106.992,
                1156.4699999999998
            ],
            [
                1276.585,
                1277.4560000000001
            ],
            [
                1281.084,
                1290.8700000000001
            ],
            [
                1572.843,
                1573.2160000000001
            ],
            [
                1576.211,
                1579.3490000000002
            ],
            [
                1612.811,
                1622.0919999999999
            ]
        ]
    },
    "E": {
        "duration": 268.8830000000004,
        "intervals": [
            [
                32.483,
                33.119
            ],
            [
                36.458,
                40.593
            ],
            [
                42.991,
                43.525999999999996
            ],
            [
                47.615,
                51.934
            ],
            [
                136.551,
                145.72699999999998
            ],
            [
                389.612,
                442.501
            ],
            [
                470.602,
                484.323
            ],
            [
                488.297,
                495.84900000000005
            ],
            [
                515.244,
                519.5980000000001
            ],
            [
                528.409,
                529.472
            ],
            [
                606.071,
                606.4340000000001
            ],
            [
                625.793,
                629.3919999999999
            ],
            [
                682.462,
                686.964
            ],
            [
                991.702,
                992.601
            ],
            [
                997.324,
                997.947
            ],
            [
                1016.847,
                1034.393
            ],
            [
                1037.139,
                1049.767
            ],
            [
                1057.793,
                1070.192
            ],
            [
                1291.302,
                1367.1919999999998
            ],
            [
                1369.337,
                1377.636
            ],
            [
                1384.53,
                1389.992
            ],
            [
                1391.33,
                1393.8999999999999
            ],
            [
                1398.946,
                1423.567
            ],
            [
                1579.35,
                1580.452
            ]
        ]
    },
    "F": {
        "duration": 347.3720000000009,