{
    "A": {
        "duration": 244.55400000000031,
        "intervals": [
            [
                383.932,
                386.235
            ],
            [
                920.167,
                920.528
            ],
            [
                986.592,
                989.407
            ],
            [
                994.035,
                1021.0120000000001
            ],
            [
                1369.556,
                1382.085
            ],
            [
                1384.325,
                1384.701
            ],
            [
                1398.975,
                1407.896
            ],
            [
                1420.114,
                1424.208
            ],
            [
                1427.225,
                1427.8729999999998
            ],
            [
                1432.315,
                1434.009
            ],
            [
                1437.257,
                1437.969
            ],
            [
                1441.976,
                1442.6390000000001
            ],
            [
                1449.593,
                1458.139
            ],
            [
                1516.803,
                1523.866
            ],
            [
                1562.564,
                1565.006
            ],
            [
                1795.792,
                1800.9170000000001
            ],
            [
                1823.921,
                1827.6570000000002
            ],
            [
                1830.875,
                1877.641
            ],
            [
                1882.762,
                1885.3909999999998
            ],
            [
                1895.466,
                1945.192
            ],
            [
                1952.601,
                2002.7920000000001
            ],
            [
                2085.482,
                2091.719
            ]
        ]
    },
    "B": {
        "duration": 512.1340000000007,
        "intervals": [
            [
                0.412,
                13.222
            ],
            [
                15.949,
                18.789
            ],
            [
                22.672,
                30.851
            ],
            [
                35.0,
                38.88
            ],
            [
                352.153,
                352.59200000000004
            ],
            [
                357.731,
                360.838
            ],
            [
                492.033,
                495.724
            ],
            [
                505.113,
                508.917
            ],
            [
                531.811,
                532.884
            ],
            [
                590.428,
                592.154
            ],
            [
                601.415,
                604.836
            ],
            [
                633.923,
                657.393
            ],
            [
                659.735,
                662.193
            ],
            [
                758.464,
                759.826
            ],
            [
                763.447,
                769.806
            ],
            [
                776.567,
                783.082
            ],
            [
                884.609,
                885.4000000000001
            ],
            [
                892.058,
                919.1
            ],
            [
                921.517,
                986.591
            ],
            [
                989.407,
                994.0360000000001
            ],
            [
                1026.078,
                1027.992
            ],
            [
                1046.836,
                1051.328
            ],
            [
                1143.256,
                1145.8020000000001
            ],
            [
                1158.56,
                1178.2900000000002
            ],
            [
                1213.269,
                1222.464
            ],
            [
                1338.493,
                1338.527
            ],
            [
                1344.178,
                1345.979
            ],
            [
                1351.369,
                1351.735
            ],
            [
                1357.312,
                1363.07
            ],
            [
                1364.693,
                1366.635
            ],
            [
                1386.889,
                1398.506
            ],
            [
                1407.896,
                1419.192
            ],
            [
                1428.011,
                1428.107
            ],
            [
                1458.138,
                1476.397
            ],
            [
                1510.638,
                1515.2869999999998
            ],
            [
                1524.101,
                1533.8090000000002
            ],
            [
                1538.409,
                1552.9270000000001
            ],
            [
                1570.264,
                1594.792
            ],
            [
                1625.493,
                1659.79
            ],
            [
                1725.202,
                1727.755
            ],
            [
                1730.833,
                1736.5520000000001
            ],
            [
                1742.074,
                1743.756
            ],
            [
                1746.254,
                1749.667
            ],
            [
                1780.51,
                1795.184
            ],
            [
                1800.917,
                1820.993
            ],
            [
                1827.657,
                1830.875
            ],
            [
                1880.997,
                1882.048
            ],
            [
                1885.391,
                1895.123
            ],
            [
                1945.191,
                1948.915
            ],
            [
                2002.793,
                2009.548
            ],
            [
                2041.836,
                2049.091
            ],
            [
                2054.386,
                2080.0789999999997
            ],
            [
                2092.043,
                2104.563
            ],
            [
                2121.425,
                2123.8300000000004
            ],
            [
                2129.961,
                2148.398
            ],
            [
                2162.891,
                2171.592
            ],
            [
                2174.592,
                2179.7019999999998
            ]
        ]
    },
    "C": {
        "duration": 144.77400000000006,
        "intervals": [
            [
                41.514,
                44.190000000000005
            ],
            [
                47.179,
                65.19200000000001
            ],
            [
                68.575,
                74.929
            ],
            [
                80.156,
                153.482
            ],
            [
                167.889,
                174.89
            ],
            [
                205.035,
                213.81199999999998
            ],
            [
                222.456,
                238.452
            ],
            [
                1178.558,
                1181.088
            ],
            [
                1186.059,
                1188.705
            ],
            [
                1197.663,
                1201.63
            ],
            [
                1207.732,
                1211.22
            ]
        ]
    },
    "D": {
        "duration": 443.36500000000035,