{
    "141": {
        "duration": 0.09799999999999898,
        "intervals": [
            [
                38.188,
                38.286
            ]
        ]
    },
    "A": {
        "duration": 86.667,
        "intervals": [
            [
                38.431,
                51.589999999999996
            ],
            [
                78.211,
                86.17
            ],
            [
                102.176,
                109.79899999999999
            ],
            [
                124.441,
                150.59500000000003
            ],
            [
                171.622,
                181.298
            ],
            [
                191.033,
                194.4
            ],
            [
                199.95,
                218.08499999999998
            ],
            [
                235.373,
                235.96699999999998
            ]
        ]
    },
    "B": {
        "duration": 243.99199999999985,
        "intervals": [
            [
                12.015,
                14.207
            ],
            [
                52.056,
                53.724999999999994
            ],
            [
                86.618,
                98.177
            ],
            [
                151.819,
                159.40300000000002
            ],
            [
                163.492,
                171.08200000000002
            ],
            [
                181.298,
                187.592
            ],
            [
                224.097,
                224.596
            ],
            [
                228.29,
                230.002
            ],
            [
                361.027,
                368.83599999999996
            ],
            [
                370.067,
                383.61199999999997
            ],
            [
                387.469,
                389.46
            ],
            [
                394.504,
                398.20500000000004
            ],
            [
                399.49,
                402.22200000000004
            ],
            [
                409.538,
                444.322
            ],
            [
                484.529,
                487.359
            ],
            [
                498.069,
                501.395
            ],
            [
                544.008,
                548.21
            ],
            [
                607.323,
                608.735
            ],
            [
                704.455,
                706.797
            ],
            [
                726.666,
                729.84
            ],
            [
                737.645,
                742.301
            ],
            [
                766.739,
                768.0110000000001
            ],
            [
                770.828,
                772.073
            ],
            [
                800.393,
                815.451
            ],
            [
                819.57,
                820.404
            ],
            [
                826.5,
                829.613
            ],
            [
                832.596,
                835.438
            ],
            [
                837.83,
                840.7950000000001
            ],
            [
                844.801,
                847.053
            ],
            [
                854.391,
                861.592
            ],
            [
                881.192,
                884.592
            ],
            [
                891.915,
                899.6709999999999
            ],
            [
                902.408,
                906.1220000000001
            ],
            [
                957.638,
                966.8520000000001
            ],
            [
                975.125,
                979.07
            ],
            [
                1006.946,
                1011.933
            ],
            [
                1378.013,
                1379.1299999999999
            ],
            [
                1383.438,
                1388.61
            ],
            [
                1410.139,
                1412.608
            ],
            [
                1413.163,
                1418.154
            ],
            [
                1482.857,
                1486.591
            ],
            [
                1494.666,
                1499.8909999999998
            ],
            [
                1504.774,
                1510.8619999999999
            ],
            [
                1583.83,
                1592.745
            ],
            [
                1604.202,
                1608.335
            ],
            [
                1611.374,
                1613.269
            ],
            [
                1634.484,
                1639.336
            ]
        ]
    },
    "C": {
        "duration": 215.2160000000007,