{
    "A": {
        "duration": 193.65399999999988,
        "intervals": [
            [
                264.73,
                265.63300000000004
            ],
            [
                320.507,
                321.54
            ],
            [
                326.884,
                329.398
            ],
            [
                941.392,
                1012.859
            ],
            [
                1256.983,
                1322.415
            ],
            [
                1668.548,
                1720.8529999999998
            ]
        ]
    },
    "B": {
        "duration": 265.06599999999946,
        "intervals": [
            [
                127.982,
                128.573
            ],
            [
                137.405,
                138.922
            ],
            [
                141.941,
                142.864
            ],
            [
                158.888,
                163.364
            ],
            [
                350.382,
                394.267
            ],
            [
                395.084,
                397.09
            ],
            [
                417.815,
                418.291
            ],
            [
                424.011,
                424.387
            ],
            [
                473.941,
                499.335
            ],
            [
                502.711,
                505.617
            ],
            [
                510.523,
                514.6370000000001
            ],
            [
                517.565,
                520.503
            ],
            [
                527.82,
                531.212
            ],
            [
                643.91,
                672.5680000000001
            ],
            [
                745.948,
                745.994
            ],
            [
                812.881,
                813.379
            ],
            [
                816.882,
                820.812
            ],
            [
                821.416,
                824.9090000000001
            ],
            [
                834.106,
                834.1899999999999
            ],
            [
                901.184,
                901.206
            ],
            [
                910.099,
                912.109
            ],
            [
                1096.219,
                1096.719
            ],
            [
                1244.114,
                1246.203
            ],
            [
                1253.728,
                1256.78
            ],
            [
                1325.671,
                1341.613
            ],
            [
                1341.952,
                1347.0149999999999
            ],
            [
                1507.398,
                1507.9889999999998
            ],
            [
                1510.79,
                1513.99
            ],
            [
                1517.778,
                1521.784
            ],
            [
                1531.192,
                1533.129
            ],
            [
                1619.148,
                1628.1519999999998
            ],
            [
                1659.734,
                1662.704
            ],
            [
                1721.672,
                1742.962
            ],
            [
                1747.641,
                1767.009
            ],
            [
                1793.921,
                1809.179
            ],
            [
                1840.755,
                1846.643
            ],
            [
                1848.925,
                1853.312
            ],
            [
                1854.487,
                1858.962
            ],
            [
                1860.632,
                1861.9550000000002
            ],
            [
                1863.241,
                1869.933
            ],
            [
                2009.64,
                2009.702
            ],
            [
                2012.757,
                2018.991
            ]
        ]
    },
    "C": {
        "duration": 372.581,
        "intervals": [
            [
                209.689,
                216.875
            ],
            [
                428.686,
                473.941
            ],
            [
                535.729,
                637.3929999999999
            ],
            [
                1101.774,
                1102.041
            ],
            [
                1126.209,
                1160.073
            ],
            [
                1223.596,
                1225.432
            ],
            [
                1395.714,
                1398.4389999999999
            ],
            [
                1408.595,
                1408.791
            ],
            [
                1458.527,
                1506.583
            ],
            [
                1721.08,
                1721.298
            ],
            [
                1873.964,
                2005.278
            ]
        ]
    },
    "D": {
        "duration": 112.04399999999998,
        "intervals": [
            [
                39.592,
                52.009
            ],
            [
                164.982,
                190.858
            ],
            [
                204.483,
                209.18599999999998
            ],
            [
                217.424,
                230.536
            ],
            [
                240.977,
                257.391
            ],
            [
                280.024,
                285.186
            ],
            [
                293.051,
                308.432
            ],
            [
                310.625,
                319.017
            ],
            [
                329.805,
                340.392
            ]
        ]
    },
    "E": {
        "duration": 67.08800000000005,
        "intervals": [
            [
                9.958,
                39.159000000000006
            ],
            [
                52.179,
                59.158
            ],
            [
                191.374,
                204.483
            ],
            [
                231.086,
                240.389
            ],
            [
                309.815,
                309.891
            ],
            [
                319.017,
                319.901
            ],
            [
                346.592,
                349.032
            ],
            [
                836.237,
                836.3919999999999
            ],
            [
                1123.21,
                1123.49
            ],
            [
                1398.651,
                1401.7140000000002
            ],
            [
                1416.336,
                1417.934
            ]
        ]
    },
    "F": {
        "duration": 179.50000000000023,
        "intervals": [
            [
                265.633,
                267.58
            ],
            [
                673.869,
                720.6890000000001
            ],
            [
                848.453,
                875.99
            ],
            [
                879.208,
                883.776
            ],
            [
                1214.239,
                1223.596
            ],
            [
                1226.112,
                1244.114
            ],
            [
                1246.386,
                1249.7820000000002
            ],
            [
                1401.713,
                1407.6109999999999
            ],
            [
                1427.564,
                1438.438
            ],
            [
                1594.041,
                1594.8049999999998
            ],
            [
                1598.216,
                1618.009
            ],
            [
                1810.212,
                1840.756
            ]
        ]
    },
    "G": {
        "duration": 69.2999999999999,