{
    "A": {
        "duration": 286.559,
        "intervals": [
            [
                320.723,
                327.157
            ],
            [
                344.095,
                358.689
            ],
            [
                805.613,
                812.8570000000001
            ],
            [
                1096.448,
                1102.045
            ],
            [
                1146.992,
                1153.2869999999998
            ],
            [
                1158.396,
                1164.7269999999999
            ],
            [
                1183.251,
                1202.222
            ],
            [
                1290.291,
                1297.7949999999998
            ],
            [
                1321.395,
                1329.122
            ],
            [
                1331.839,
                1344.212
            ],
            [
                1348.667,
                1355.074
            ],
            [
                1368.542,
                1375.557
            ],
            [
                1376.134,
                1407.593
            ],
            [
                1438.391,
                1450.713
            ],
            [
                1496.877,
                1502.206
            ],
            [
                1506.085,
                1515.442
            ],
            [
                1631.991,
                1642.467
            ],
            [
                1739.563,
                1746.6450000000002
            ],
            [
                1750.844,
                1788.5069999999998
            ],
            [
                1843.511,
                1883.061
            ],
            [
                1887.092,
                1896.0490000000002
            ],
            [
                1905.928,
                1923.8000000000002
            ]
        ]
    },
    "B": {
        "duration": 55.37099999999995,
        "intervals": [
            [
                178.254,
                205.94
            ],
            [
                993.855,
                1021.54
            ]
        ]
    },
    "C": {
        "duration": 222.78400000000053,
        "intervals": [
            [
                159.492,
                165.219
            ],
            [
                167.852,
                175.428
            ],
            [
                210.484,
                217.81900000000002
            ],
            [
                224.409,
                243.233
            ],
            [
                365.222,
                400.292
            ],
            [
                427.791,
                441.781
            ],
            [
                463.096,
                491.736
            ],
            [
                507.236,
                519.7230000000001
            ],
            [
                960.893,
                966.7570000000001
            ],
            [
                970.093,
                991.5970000000001
            ],
            [
                1024.112,
                1051.642
            ],
            [
                1053.081,
                1065.8519999999999
            ],
            [
                1953.239,
                1958.391
            ],
            [
                1965.848,
                1973.467
            ],
            [
                2140.398,
                2146.641
            ],
            [
                2153.112,
                2159.5640000000003
            ]
        ]
    },
    "D": {
        "duration": 129.90699999999964,
        "intervals": [
            [
                497.107,
                507.236
            ],
            [
                562.702,
                582.5559999999999
            ],
            [
                586.197,
                601.6949999999999
            ],
            [
                642.479,
                669.612
            ],
            [
                672.123,
                679.192
            ],
            [
                708.721,
                715.947
            ],
            [
                746.052,
                754.521
            ],
            [
                756.049,
                768.433
            ],
            [
                2023.056,
                2045.201
            ]
        ]
    },
    "E": {
        "duration": 161.69699999999983,
        "intervals": [
            [
                334.721,
                344.095
            ],
            [
                402.354,
                408.446
            ],
            [
                1257.675,
                1283.906
            ],
            [
                1297.796,
                1311.7
            ],
            [
                1315.46,
                1321.395
            ],
            [
                1355.074,
                1368.542
            ],
            [
                1407.593,
                1415.6499999999999
            ],
            [
                1418.477,
                1438.391
            ],
            [
                1450.713,
                1457.824
            ],
            [
                1621.164,
                1631.9910000000002
            ],
            [
                1704.427,
                1720.484
            ],
            [
                1733.869,
                1739.225
            ],
            [
                1814.866,
                1823.57
            ],
            [
                2063.991,
                2074.658
            ]
        ]
    },
    "F": {
        "duration": 681.0290000000002,