{
    "A": {
        "duration": 131.83100000000005,
        "intervals": [
            [
                211.982,
                258.893
            ],
            [
                261.993,
                286.44
            ],
            [
                290.755,
                325.394
            ],
            [
                329.726,
                330.295
            ],
            [
                330.765,
                340.19199999999995
            ],
            [
                483.298,
                483.313
            ],
            [
                564.796,
                568.3090000000001
            ],
            [
                571.458,
                576.46
            ],
            [
                609.992,
                614.197
            ],
            [
                617.375,
                617.928
            ],
            [
                622.801,
                625.322
            ],
            [
                679.895,
                679.924
            ]
        ]
    },
    "B": {
        "duration": 192.12499999999994,
        "intervals": [
            [
                19.19,
                20.307000000000002
            ],
            [
                27.864,
                31.762
            ],
            [
                74.841,
                77.021
            ],
            [
                104.129,
                106.593
            ],
            [
                115.746,
                118.497
            ],
            [
                128.724,
                129.01899999999998
            ],
            [
                258.893,
                261.993
            ],
            [
                325.601,
                328.806
            ],
            [
                330.71,
                330.76599999999996
            ],
            [
                342.439,
                343.391
            ],
            [
                380.408,
                382.576
            ],
            [
                456.411,
                458.191
            ],
            [
                477.672,
                478.627
            ],
            [
                483.314,
                487.37100000000004
            ],
            [
                488.496,
                491.719
            ],
            [
                494.809,
                497.21
            ],
            [
                499.039,
                552.169
            ],
            [
                559.043,
                564.6410000000001
            ],
            [
                568.31,
                571.459
            ],
            [
                576.46,
                585.993
            ],
            [
                599.192,
                609.9929999999999
            ],
            [
                614.198,
                617.236
            ],
            [
                617.929,
                622.8
            ],
            [
                625.322,
                638.2620000000001
            ],
            [
                677.884,
                679.57
            ],
            [
                679.924,
                685.073
            ],
            [
                691.543,
                702.056
            ],
            [
                725.127,
                727.5
            ],
            [
                746.29,
                751.108
            ],
            [
                869.057,
                874.167
            ],
            [
                914.23,
                919.299
            ],
            [
                1036.459,
                1043.414
            ],
            [
                1083.851,
                1083.8860000000002
            ],
            [
                1176.01,
                1179.584
            ],
            [
                1189.612,
                1194.991
            ],
            [
                1200.241,
                1204.043
            ]
        ]
    },
    "C": {
        "duration": 354.1780000000001,
        "intervals": [
            [
                399.114,
                400.70500000000004
            ],
            [
                403.515,
                439.256
            ],
            [
                458.192,
                462.777
            ],
            [
                465.514,
                471.494
            ],
            [
                585.993,
                599.1919999999999
            ],
            [
                638.483,
                677.5899999999999
            ],
            [
                685.073,
                691.542
            ],
            [
                711.069,
                722.798
            ],
            [
                727.5,
                741.649
            ],
            [
                830.993,
                869.057
            ],
            [
                874.562,
                913.9970000000001
            ],
            [
                919.299,
                948.809
            ],
            [
                1111.197,
                1122.7279999999998
            ],
            [
                1127.253,
                1175.406
            ],
            [
                1204.77,
                1216.998
            ],
            [
                1219.224,
                1261.931
            ]
        ]
    },
    "D": {
        "duration": 115.47500000000008,
        "intervals": [
            [
                154.253,
                181.822
            ],
            [
                183.637,
                186.02
            ],
            [
                200.686,
                202.13400000000001
            ],
            [
                205.681,
                206.751
            ],
            [
                401.48,
                402.916
            ],
            [
                741.805,
                746.29
            ],
            [
                751.108,
                827.029
            ],
            [
                1217.702,
                1218.865
            ]
        ]
    },
    "E": {
        "duration": 49.571000000000026,
        "intervals": [
            [
                181.821,
                183.213
            ],
            [
                186.351,
                190.713
            ],
            [
                196.163,
                200.35000000000002
            ],
            [
                202.635,
                205.256
            ],
            [
                206.751,
                209.073
            ],
            [
                949.043,
                983.73
            ]
        ]
    },
    "F": {
        "duration": 235.658,