{
    "A": {
        "duration": 234.31100000000086,
        "intervals": [
            [
                8.993,
                12.41
            ],
            [
                13.529,
                17.391000000000002
            ],
            [
                31.334,
                41.58
            ],
            [
                42.803,
                44.800999999999995
            ],
            [
                48.635,
                49.707
            ],
            [
                52.979,
                56.227
            ],
            [
                57.839,
                58.463
            ],
            [
                63.609,
                65.119
            ],
            [
                79.898,
                81.842
            ],
            [
                91.876,
                95.30300000000001
            ],
            [
                111.078,
                116.655
            ],
            [
                117.889,
                122.115
            ],
            [
                139.301,
                140.72899999999998
            ],
            [
                150.449,
                154.477
            ],
            [
                159.005,
                159.039
            ],
            [
                167.808,
                171.838
            ],
            [
                177.135,
                177.84699999999998
            ],
            [
                185.011,
                186.683
            ],
            [
                190.338,
                195.81099999999998
            ],
            [
                202.622,
                203.20600000000002
            ],
            [
                214.807,
                216.905
            ],
            [
                224.466,
                232.178
            ],
            [
                241.051,
                243.44899999999998
            ],
            [
                803.809,
                820.5300000000001
            ],
            [
                821.49,
                829.0930000000001
            ],
            [
                836.538,
                839.201
            ],
            [
                842.133,
                850.15
            ],
            [
                850.736,
                853.4110000000001
            ],
            [
                861.214,
                864.4019999999999
            ],
            [
                866.84,
                869.547
            ],
            [
                873.391,
                875.887
            ],
            [
                879.088,
                879.5179999999999
            ],
            [
                890.2,
                893.8130000000001
            ],
            [
                1083.495,
                1085.8049999999998
            ],
            [
                1089.747,
                1093.136
            ],
            [
                1094.946,
                1096.618
            ],
            [
                1098.154,
                1105.785
            ],
            [
                1107.609,
                1109.879
            ],
            [
                1110.459,
                1116.983
            ],
            [
                1119.791,
                1121.165
            ],
            [
                1123.089,
                1132.2009999999998
            ],
            [
                1139.564,
                1144.597
            ],
            [
                1155.742,
                1160.7150000000001
            ],
            [
                1437.868,
                1441.23
            ],
            [
                1448.445,
                1460.062
            ],
            [
                1463.832,
                1465.3200000000002
            ],
            [
                1466.088,
                1470.6580000000001
            ],
            [
                1646.863,
                1648.297
            ],
            [
                1669.707,
                1670.179
            ],
            [
                1672.488,
                1675.46
            ],
            [
                1680.185,
                1681.8049999999998
            ],
            [
                1692.475,
                1692.504
            ],
            [
                1702.698,
                1704.4830000000002
            ],
            [
                1776.597,
                1777.462
            ],
            [
                1782.743,
                1785.04
            ],
            [
                1802.9,
                1804.94
            ],
            [
                1999.441,
                2000.258
            ],
            [
                2026.925,
                2029.716
            ],
            [
                2174.249,
                2174.8109999999997
            ],
            [
                2179.88,
                2183.829
            ],
            [
                2190.098,
                2191.072
            ],
            [
                2191.767,
                2193.846
            ],
            [
                2201.739,
                2202.696
            ],
            [
                2207.868,
                2210.335
            ],
            [
                2211.8,
                2215.877
            ],
            [
                2243.886,
                2247.545
            ],
            [
                2254.438,
                2255.667
            ],
            [
                2264.763,
                2267.546
            ],
            [
                2279.497,
                2280.018
            ],
            [
                2281.993,
                2285.987
            ],
            [
                2290.575,
                2291.614
            ],
            [
                2294.99,
                2297.1310000000003
            ]
        ]
    },
    "B": {
        "duration": 361.94100000000003,
        "intervals": [
            [
                899.189,
                942.277
            ],
            [
                943.974,
                1079.595
            ],
            [
                1808.077,
                1836.23
            ],
            [
                1837.551,
                1860.415
            ],
            [
                1863.717,
                1995.932
            ]
        ]
    },
    "C": {
        "duration": 274.70600000000013,
        "intervals": [
            [
                1081.114,
                1082.3200000000002
            ],
            [
                1161.911,
                1435.411
            ]
        ]
    },
    "D": {
        "duration": 179.19599999999969,
        "intervals": [
            [
                249.392,
                253.493
            ],
            [
                300.41,
                300.459
            ],
            [
                346.577,
                347.294
            ],
            [
                942.276,
                943.4119999999999
            ],
            [
                1472.794,
                1601.593
            ],
            [
                1602.794,
                1643.146
            ],
            [
                1807.211,
                1808.077
            ],
            [
                1836.584,
                1837.296
            ],
            [
                1860.945,
                1863.4089999999999
            ]
        ]
    },
    "E": {
        "duration": 148.57300000000004,