{
    "A": {
        "duration": 333.33099999999996,
        "intervals": [
            [
                3.468,
                13.542
            ],
            [
                21.769,
                26.882
            ],
            [
                266.36,
                272.761
            ],
            [
                281.661,
                295.449
            ],
            [
                308.608,
                314.64599999999996
            ],
            [
                328.737,
                335.866
            ],
            [
                359.702,
                365.844
            ],
            [
                371.783,
                392.745
            ],
            [
                409.323,
                421.087
            ],
            [
                422.839,
                441.13300000000004
            ],
            [
                608.673,
                632.646
            ],
            [
                680.003,
                692.421
            ],
            [
                729.898,
                747.08
            ],
            [
                1014.282,
                1022.989
            ],
            [
                1045.01,
                1058.528
            ],
            [
                1073.031,
                1084.216
            ],
            [
                1147.593,
                1153.039
            ],
            [
                1172.78,
                1177.942
            ],
            [
                1202.659,
                1212.768
            ],
            [
                1214.507,
                1224.7440000000001
            ],
            [
                1228.969,
                1234.867
            ],
            [
                1274.289,
                1286.649
            ],
            [
                1301.442,
                1308.7259999999999
            ],
            [
                1310.955,
                1316.73
            ],
            [
                1319.625,
                1327.728
            ],
            [
                1340.405,
                1360.3220000000001
            ],
            [
                1575.902,
                1584.53
            ],
            [
                1613.81,
                1622.68
            ],
            [
                1626.256,
                1634.766
            ],
            [
                1644.307,
                1650.284
            ],
            [
                1653.288,
                1658.718
            ],
            [
                1662.815,
                1670.445
            ],
            [
                1693.312,
                1698.619
            ]
        ]
    },
    "B": {
        "duration": 126.215,
        "intervals": [
            [
                142.16,
                175.876
            ],
            [
                186.45,
                198.239
            ],
            [
                200.597,
                210.118
            ],
            [
                211.761,
                241.471
            ],
            [
                272.761,
                278.289
            ],
            [
                646.51,
                652.643
            ],
            [
                1548.809,
                1571.81
            ],
            [
                1678.793,
                1685.61
            ]
        ]
    },
    "C": {
        "duration": 143.483,
        "intervals": [
            [
                398.989,
                405.411
            ],
            [
                441.426,
                465.723
            ],
            [
                475.126,
                481.859
            ],
            [
                512.274,
                528.52
            ],
            [
                529.384,
                601.8789999999999
            ],
            [
                922.636,
                933.849
            ],
            [
                1260.132,
                1266.209
            ]
        ]
    },
    "D": {
        "duration": 169.92400000000023,
        "intervals": [
            [
                180.812,
                186.45000000000002
            ],
            [
                257.401,
                266.36
            ],
            [
                692.422,
                711.091
            ],
            [
                714.81,
                729.898
            ],
            [
                799.799,
                806.7950000000001
            ],
            [
                809.684,
                834.779
            ],
            [
                990.422,
                1014.0
            ],
            [
                1595.992,
                1610.7659999999998
            ],
            [
                1635.061,
                1644.307
            ],
            [
                1670.444,
                1678.792
            ],
            [
                1685.61,
                1690.769
            ],
            [
                1698.619,
                1726.993
            ]
        ]
    },
    "E": {
        "duration": 315.3109999999998,
        "intervals": [
            [
                14.948,
                20.936999999999998
            ],
            [
                27.705,
                34.423
            ],
            [
                39.103,
                45.123
            ],
            [
                51.859,
                59.937999999999995
            ],
            [
                88.665,
                94.668
            ],
            [
                107.777,
                113.179
            ],
            [
                115.781,
                131.558
            ],
            [
                133.318,
                140.14299999999997
            ],
            [
                348.936,
                356.356
            ],
            [
                747.502,
                754.154
            ],
            [
                759.593,
                766.5649999999999
            ],
            [
                769.024,
                774.07
            ],
            [
                784.878,
                790.529
            ],
            [
                835.034,
                840.231
            ],
            [
                855.115,
                869.564
            ],
            [
                884.677,
                894.278
            ],
            [
                937.793,
                946.473
            ],
            [
                1037.239,
                1045.01
            ],
            [
                1153.038,
                1164.847
            ],
            [
                1178.346,
                1188.006
            ],
            [
                1194.146,
                1201.799
            ],
            [
                1360.665,
                1380.881
            ],
            [
                1388.419,
                1395.571
            ],
            [
                1398.143,
                1405.996
            ],
            [
                1409.287,
                1418.972
            ],
            [
                1421.354,
                1428.192
            ],
            [
                1446.837,
                1458.2060000000001
            ],
            [
                1467.57,
                1479.7939999999999
            ],
            [
                1484.941,
                1490.066
            ],
            [
                1496.418,
                1505.1689999999999
            ],
            [
                1507.548,
                1527.343
            ],
            [
                1529.601,
                1547.607
            ],
            [
                1743.282,
                1764.205
            ]
        ]
    },
    "F": {
        "duration": 62.49299999999994,